order_id,order_date,region,channel,category,product,units,unit_price_usd,discount_rate,net_sales_usd,cogs_usd,gross_profit_usd,returned
NG-00001,2024-01-01,North,Retail,Home Office,Desk Lamp,1,58,0,58,28,30,False
NG-00002,2024-01-01,West,Retail,Home Office,Desk Lamp,1,58,0.05,55.1,28,27.1,False
NG-00003,2024-01-01,West,Retail,Home Office,Desk Lamp,1,58,0,58,28,30,False
NG-00004,2024-01-02,South,Retail,Everyday,Canvas Tote,1,32,0,32,12,20,False
NG-00005,2024-01-02,North,Online,Living,Accent Cushion,1,46,0.1,41.4,20,21.4,False
NG-00006,2024-01-02,North,Retail,Living,Linen Throw,1,96,0.05,91.2,49,42.2,False
NG-00007,2024-01-03,West,Retail,Home Office,Monitor Riser,1,72,0.1,64.8,33,31.8,False
NG-00008,2024-01-03,East,Online,Living,Accent Cushion,1,46,0,46,20,26,False
NG-00009,2024-01-04,North,Retail,Kitchen,Pour Over Kit,2,79,0,158,76,82,False
NG-00010,2024-01-04,West,Online,Home Office,Ergonomic Chair,1,245,0,245,144,101,False
NG-00011,2024-01-04,North,Online,Kitchen,Ceramic Dinner Set,1,112,0.2,0,0,0,True
NG-00012,2024-01-04,East,Retail,Everyday,Travel Backpack,1,129,0,129,68,61,False
NG-00013,2024-01-05,South,Retail,Everyday,Insulated Bottle,2,42,0,84,36,48,False
NG-00014,2024-01-05,East,Retail,Kitchen,Cast Iron Pan,1,135,0.1,121.5,80,41.5,False
NG-00015,2024-01-06,North,Online,Kitchen,Ceramic Dinner Set,3,112,0.05,319.2,171,148.2,False
NG-00016,2024-01-06,West,Online,Kitchen,Cast Iron Pan,3,135,0.15,344.25,240,104.25,False
NG-00017,2024-01-06,West,Retail,Kitchen,Pour Over Kit,1,79,0.05,75.05,38,37.05,False
NG-00018,2024-01-06,East,Retail,Everyday,Insulated Bottle,3,42,0,126,54,72,False
NG-00019,2024-01-06,West,Online,Living,Accent Cushion,1,46,0.05,43.7,20,23.7,False
NG-00020,2024-01-07,South,Online,Home Office,Desk Lamp,1,58,0.1,52.2,28,24.2,False
NG-00021,2024-01-07,South,Retail,Kitchen,Ceramic Dinner Set,1,112,0.05,106.4,57,49.4,False
NG-00022,2024-01-07,South,Online,Everyday,Canvas Tote,3,32,0.05,91.2,36,55.2,False
NG-00023,2024-01-08,South,Marketplace,Living,Accent Cushion,1,46,0.15,39.1,20,19.1,False
NG-00024,2024-01-09,North,Online,Everyday,Canvas Tote,1,32,0,32,12,20,False
NG-00025,2024-01-10,West,Retail,Everyday,Insulated Bottle,1,42,0,42,18,24,False
NG-00026,2024-01-10,West,Online,Home Office,Ergonomic Chair,2,245,0.05,0,0,0,True
NG-00027,2024-01-11,East,Retail,Everyday,Travel Backpack,1,129,0.05,122.55,68,54.55,False
NG-00028,2024-01-11,North,Online,Everyday,Canvas Tote,1,32,0,32,12,20,False
NG-00029,2024-01-11,South,Marketplace,Kitchen,Ceramic Dinner Set,1,112,0.05,106.4,57,49.4,False
NG-00030,2024-01-11,South,Retail,Kitchen,Cast Iron Pan,1,135,0.05,128.25,80,48.25,False
NG-00031,2024-01-11,West,Online,Living,Accent Cushion,1,46,0,46,20,26,False
NG-00032,2024-01-11,West,Retail,Kitchen,Pour Over Kit,1,79,0.05,75.05,38,37.05,False
NG-00033,2024-01-12,East,Marketplace,Living,Oak Side Table,2,189,0.2,302.4,224,78.4,False
NG-00034,2024-01-12,East,Retail,Kitchen,Cast Iron Pan,1,135,0,135,80,55,False
NG-00035,2024-01-12,North,Retail,Kitchen,Pour Over Kit,1,79,0.15,67.15,38,29.15,False
NG-00036,2024-01-13,North,Online,Home Office,Ergonomic Chair,4,245,0.1,882.0,576,306.0,False
NG-00037,2024-01-14,East,Online,Everyday,Canvas Tote,2,32,0,64,24,40,False
NG-00038,2024-01-14,South,Retail,Living,Linen Throw,2,96,0,192,98,94,False
NG-00039,2024-01-15,South,Online,Home Office,Ergonomic Chair,1,245,0.2,196.0,144,52.0,False
NG-00040,2024-01-15,East,Retail,Everyday,Canvas Tote,1,32,0,32,12,20,False
NG-00041,2024-01-15,South,Marketplace,Everyday,Insulated Bottle,1,42,0.05,39.9,18,21.9,False
NG-00042,2024-01-15,West,Online,Everyday,Insulated Bottle,2,42,0,84,36,48,False
NG-00043,2024-01-15,North,Retail,Everyday,Insulated Bottle,2,42,0,84,36,48,False
NG-00044,2024-01-16,North,Marketplace,Home Office,Monitor Riser,3,72,0.05,0,0,0,True
NG-00045,2024-01-16,South,Retail,Kitchen,Ceramic Dinner Set,2,112,0.1,201.6,114,87.6,False
NG-00046,2024-01-16,East,Retail,Home Office,Monitor Riser,1,72,0,72,33,39,False
NG-00047,2024-01-16,East,Online,Living,Oak Side Table,1,189,0.2,151.2,112,39.2,False
NG-00048,2024-01-17,South,Online,Everyday,Canvas Tote,1,32,0,32,12,20,False
NG-00049,2024-01-17,West,Online,Everyday,Insulated Bottle,1,42,0.05,0,0,0,True
NG-00050,2024-01-17,North,Marketplace,Everyday,Insulated Bottle,2,42,0.05,79.8,36,43.8,False
NG-00051,2024-01-17,South,Online,Home Office,Desk Lamp,1,58,0,58,28,30,False
NG-00052,2024-01-18,West,Online,Living,Linen Throw,1,96,0,96,49,47,False
NG-00053,2024-01-19,East,Marketplace,Home Office,Monitor Riser,1,72,0.05,68.4,33,35.4,False
NG-00054,2024-01-19,South,Retail,Kitchen,Cast Iron Pan,3,135,0,405,240,165,False
NG-00055,2024-01-20,South,Retail,Everyday,Canvas Tote,2,32,0,64,24,40,False
NG-00056,2024-01-20,West,Online,Home Office,Desk Lamp,1,58,0,58,28,30,False
NG-00057,2024-01-20,North,Online,Everyday,Insulated Bottle,1,42,0,42,18,24,False
NG-00058,2024-01-20,East,Online,Everyday,Canvas Tote,1,32,0.05,30.4,12,18.4,False
NG-00059,2024-01-21,North,Retail,Home Office,Desk Lamp,1,58,0.05,55.1,28,27.1,False
NG-00060,2024-01-21,South,Retail,Everyday,Insulated Bottle,1,42,0,42,18,24,False
NG-00061,2024-01-21,South,Retail,Home Office,Desk Lamp,3,58,0,174,84,90,False
NG-00062,2024-01-22,North,Marketplace,Living,Oak Side Table,2,189,0.05,359.1,224,135.1,False
NG-00063,2024-01-22,West,Marketplace,Living,Linen Throw,1,96,0.15,81.6,49,32.6,False
NG-00064,2024-01-22,West,Retail,Everyday,Travel Backpack,1,129,0.05,122.55,68,54.55,False
NG-00065,2024-01-23,North,Retail,Home Office,Ergonomic Chair,1,245,0,245,144,101,False
NG-00066,2024-01-23,North,Online,Home Office,Monitor Riser,1,72,0,72,33,39,False
NG-00067,2024-01-23,East,Retail,Home Office,Ergonomic Chair,1,245,0,245,144,101,False
NG-00068,2024-01-24,East,Marketplace,Kitchen,Pour Over Kit,3,79,0.05,0,0,0,True
NG-00069,2024-01-24,East,Online,Living,Accent Cushion,2,46,0.15,78.2,40,38.2,False
NG-00070,2024-01-24,West,Online,Everyday,Insulated Bottle,1,42,0,42,18,24,False
NG-00071,2024-01-24,North,Online,Kitchen,Cast Iron Pan,2,135,0.05,256.5,160,96.5,False
NG-00072,2024-01-24,North,Online,Everyday,Travel Backpack,2,129,0,258,136,122,False
NG-00073,2024-01-25,North,Online,Living,Linen Throw,2,96,0.05,182.4,98,84.4,False
NG-00074,2024-01-25,East,Online,Home Office,Desk Lamp,2,58,0,116,56,60,False
NG-00075,2024-01-25,West,Online,Kitchen,Ceramic Dinner Set,1,112,0,112,57,55,False
NG-00076,2024-01-25,South,Online,Everyday,Insulated Bottle,1,42,0.15,35.7,18,17.7,False
NG-00077,2024-01-26,West,Retail,Everyday,Travel Backpack,2,129,0,258,136,122,False
NG-00078,2024-01-26,North,Retail,Kitchen,Pour Over Kit,1,79,0,79,38,41,False
NG-00079,2024-01-26,East,Online,Home Office,Ergonomic Chair,1,245,0.1,220.5,144,76.5,False
NG-00080,2024-01-26,West,Online,Living,Linen Throw,2,96,0,192,98,94,False
NG-00081,2024-01-26,West,Retail,Everyday,Canvas Tote,2,32,0,64,24,40,False
NG-00082,2024-01-26,North,Retail,Everyday,Travel Backpack,1,129,0.05,122.55,68,54.55,False
NG-00083,2024-01-26,North,Retail,Everyday,Canvas Tote,1,32,0.05,30.4,12,18.4,False
NG-00084,2024-01-26,South,Online,Everyday,Travel Backpack,2,129,0,258,136,122,False
NG-00085,2024-01-27,East,Retail,Everyday,Travel Backpack,1,129,0.05,122.55,68,54.55,False
NG-00086,2024-01-27,South,Marketplace,Living,Linen Throw,1,96,0.1,86.4,49,37.4,False
NG-00087,2024-01-27,South,Online,Kitchen,Cast Iron Pan,1,135,0,135,80,55,False
NG-00088,2024-01-27,East,Retail,Home Office,Desk Lamp,1,58,0.05,55.1,28,27.1,False
NG-00089,2024-01-28,South,Retail,Living,Accent Cushion,1,46,0.05,43.7,20,23.7,False
NG-00090,2024-01-28,West,Retail,Living,Accent Cushion,1,46,0.1,41.4,20,21.4,False
NG-00091,2024-01-28,South,Online,Home Office,Desk Lamp,1,58,0.1,52.2,28,24.2,False
NG-00092,2024-01-28,South,Online,Home Office,Desk Lamp,1,58,0.1,52.2,28,24.2,False
NG-00093,2024-01-28,East,Retail,Kitchen,Pour Over Kit,1,79,0.05,75.05,38,37.05,False
NG-00094,2024-01-29,North,Marketplace,Everyday,Travel Backpack,1,129,0.05,122.55,68,54.55,False
NG-00095,2024-01-29,North,Online,Kitchen,Cast Iron Pan,2,135,0,270,160,110,False
NG-00096,2024-01-29,North,Online,Kitchen,Cast Iron Pan,1,135,0,135,80,55,False
NG-00097,2024-01-29,East,Online,Everyday,Insulated Bottle,1,42,0,42,18,24,False
NG-00098,2024-01-30,North,Online,Home Office,Desk Lamp,2,58,0.05,110.2,56,54.2,False
NG-00099,2024-01-30,North,Retail,Everyday,Insulated Bottle,2,42,0.15,71.4,36,35.4,False
NG-00100,2024-01-30,North,Marketplace,Everyday,Canvas Tote,1,32,0.05,30.4,12,18.4,False
NG-00101,2024-01-31,East,Marketplace,Everyday,Insulated Bottle,1,42,0.15,35.7,18,17.7,False
NG-00102,2024-02-01,North,Online,Everyday,Insulated Bottle,1,42,0,42,18,24,False
NG-00103,2024-02-02,North,Online,Home Office,Monitor Riser,1,72,0.15,61.2,33,28.2,False
NG-00104,2024-02-02,North,Online,Kitchen,Pour Over Kit,1,79,0.05,75.05,38,37.05,False
NG-00105,2024-02-02,South,Retail,Living,Accent Cushion,1,46,0,46,20,26,False
NG-00106,2024-02-02,East,Online,Living,Linen Throw,2,96,0.05,182.4,98,84.4,False
NG-00107,2024-02-03,North,Marketplace,Living,Linen Throw,3,96,0.05,273.6,147,126.6,False
NG-00108,2024-02-03,East,Online,Everyday,Insulated Bottle,3,42,0,126,54,72,False
NG-00109,2024-02-03,East,Online,Living,Linen Throw,2,96,0,192,98,94,False
NG-00110,2024-02-03,East,Marketplace,Kitchen,Pour Over Kit,2,79,0.05,150.1,76,74.1,False
NG-00111,2024-02-03,West,Online,Living,Accent Cushion,1,46,0,46,20,26,False
NG-00112,2024-02-03,South,Online,Home Office,Monitor Riser,1,72,0,72,33,39,False
NG-00113,2024-02-04,North,Marketplace,Everyday,Canvas Tote,1,32,0.05,30.4,12,18.4,False
NG-00114,2024-02-04,West,Online,Everyday,Insulated Bottle,1,42,0.15,35.7,18,17.7,False
NG-00115,2024-02-04,West,Marketplace,Home Office,Desk Lamp,1,58,0.05,55.1,28,27.1,False
NG-00116,2024-02-04,North,Online,Home Office,Desk Lamp,1,58,0.1,52.2,28,24.2,False
NG-00117,2024-02-04,East,Online,Home Office,Monitor Riser,1,72,0.15,61.2,33,28.2,False
NG-00118,2024-02-05,West,Retail,Living,Accent Cushion,1,46,0,46,20,26,False
NG-00119,2024-02-06,West,Retail,Kitchen,Pour Over Kit,3,79,0.2,189.6,114,75.6,False
NG-00120,2024-02-06,West,Online,Home Office,Ergonomic Chair,1,245,0.15,208.25,144,64.25,False
NG-00121,2024-02-06,East,Online,Home Office,Ergonomic Chair,1,245,0,245,144,101,False
NG-00122,2024-02-06,West,Online,Everyday,Canvas Tote,1,32,0.1,28.8,12,16.8,False
NG-00123,2024-02-07,North,Marketplace,Kitchen,Pour Over Kit,1,79,0.1,71.1,38,33.1,False
NG-00124,2024-02-07,East,Online,Kitchen,Ceramic Dinner Set,3,112,0.15,0,0,0,True
NG-00125,2024-02-08,South,Online,Home Office,Desk Lamp,1,58,0.2,46.4,28,18.4,False
NG-00126,2024-02-09,West,Retail,Kitchen,Cast Iron Pan,1,135,0,135,80,55,False
NG-00127,2024-02-09,North,Online,Living,Oak Side Table,2,189,0.15,321.3,224,97.3,False
NG-00128,2024-02-10,East,Marketplace,Home Office,Desk Lamp,2,58,0.05,110.2,56,54.2,False
NG-00129,2024-02-10,South,Retail,Home Office,Desk Lamp,1,58,0.1,52.2,28,24.2,False
NG-00130,2024-02-10,North,Retail,Home Office,Monitor Riser,1,72,0,72,33,39,False
NG-00131,2024-02-10,East,Retail,Everyday,Canvas Tote,2,32,0,64,24,40,False
NG-00132,2024-02-10,North,Retail,Home Office,Ergonomic Chair,1,245,0.05,232.75,144,88.75,False
NG-00133,2024-02-10,East,Online,Kitchen,Cast Iron Pan,1,135,0,135,80,55,False
NG-00134,2024-02-11,North,Retail,Home Office,Monitor Riser,4,72,0.2,230.4,132,98.4,False
NG-00135,2024-02-12,North,Marketplace,Kitchen,Ceramic Dinner Set,1,112,0.05,106.4,57,49.4,False
NG-00136,2024-02-12,East,Retail,Home Office,Ergonomic Chair,3,245,0,735,432,303,False
NG-00137,2024-02-12,North,Marketplace,Home Office,Monitor Riser,1,72,0.05,68.4,33,35.4,False
NG-00138,2024-02-13,South,Online,Kitchen,Ceramic Dinner Set,1,112,0.05,0,0,0,True
NG-00139,2024-02-14,North,Retail,Home Office,Monitor Riser,3,72,0,216,99,117,False
NG-00140,2024-02-15,East,Marketplace,Home Office,Ergonomic Chair,1,245,0.1,220.5,144,76.5,False
NG-00141,2024-02-15,North,Online,Home Office,Desk Lamp,1,58,0,58,28,30,False
NG-00142,2024-02-16,East,Marketplace,Kitchen,Ceramic Dinner Set,3,112,0.05,0,0,0,True
NG-00143,2024-02-17,West,Online,Everyday,Travel Backpack,1,129,0.1,0,0,0,True
NG-00144,2024-02-17,East,Marketplace,Living,Accent Cushion,2,46,0.05,0,0,0,True
NG-00145,2024-02-17,North,Retail,Kitchen,Ceramic Dinner Set,1,112,0.1,100.8,57,43.8,False
NG-00146,2024-02-18,South,Online,Kitchen,Cast Iron Pan,2,135,0,270,160,110,False
NG-00147,2024-02-18,West,Retail,Home Office,Desk Lamp,1,58,0,58,28,30,False
NG-00148,2024-02-19,West,Marketplace,Living,Oak Side Table,1,189,0.05,179.55,112,67.55,False
NG-00149,2024-02-19,North,Retail,Home Office,Ergonomic Chair,1,245,0,245,144,101,False
NG-00150,2024-02-19,South,Online,Living,Accent Cushion,1,46,0.1,41.4,20,21.4,False
NG-00151,2024-02-19,East,Marketplace,Everyday,Travel Backpack,1,129,0.05,122.55,68,54.55,False
NG-00152,2024-02-20,East,Retail,Kitchen,Pour Over Kit,1,79,0.05,75.05,38,37.05,False
NG-00153,2024-02-20,West,Retail,Kitchen,Cast Iron Pan,2,135,0,270,160,110,False
NG-00154,2024-02-21,South,Online,Everyday,Insulated Bottle,1,42,0,42,18,24,False
NG-00155,2024-02-21,North,Online,Everyday,Insulated Bottle,3,42,0.1,113.4,54,59.4,False
NG-00156,2024-02-21,West,Retail,Home Office,Monitor Riser,1,72,0,72,33,39,False
NG-00157,2024-02-21,South,Online,Home Office,Monitor Riser,3,72,0.1,194.4,99,95.4,False
NG-00158,2024-02-22,West,Online,Everyday,Travel Backpack,1,129,0,129,68,61,False
NG-00159,2024-02-22,East,Marketplace,Everyday,Canvas Tote,1,32,0.05,30.4,12,18.4,False
NG-00160,2024-02-22,West,Online,Home Office,Monitor Riser,1,72,0,72,33,39,False
NG-00161,2024-02-22,East,Retail,Living,Linen Throw,1,96,0,96,49,47,False
NG-00162,2024-02-22,North,Marketplace,Kitchen,Pour Over Kit,1,79,0.05,75.05,38,37.05,False
NG-00163,2024-02-22,East,Retail,Home Office,Desk Lamp,2,58,0,116,56,60,False
NG-00164,2024-02-22,South,Online,Home Office,Desk Lamp,1,58,0.1,52.2,28,24.2,False
NG-00165,2024-02-23,South,Marketplace,Living,Linen Throw,1,96,0.05,91.2,49,42.2,False
NG-00166,2024-02-23,South,Retail,Everyday,Travel Backpack,1,129,0,129,68,61,False
NG-00167,2024-02-23,North,Online,Home Office,Monitor Riser,1,72,0.05,68.4,33,35.4,False
NG-00168,2024-02-24,North,Online,Everyday,Insulated Bottle,2,42,0.05,79.8,36,43.8,False
NG-00169,2024-02-24,East,Retail,Kitchen,Cast Iron Pan,1,135,0.05,128.25,80,48.25,False
NG-00170,2024-02-24,North,Online,Everyday,Insulated Bottle,1,42,0,42,18,24,False
NG-00171,2024-02-24,East,Marketplace,Home Office,Desk Lamp,3,58,0.05,165.3,84,81.3,False
NG-00172,2024-02-24,East,Marketplace,Living,Linen Throw,3,96,0.05,273.6,147,126.6,False
NG-00173,2024-02-25,East,Retail,Living,Linen Throw,4,96,0,384,196,188,False
NG-00174,2024-02-26,West,Retail,Kitchen,Pour Over Kit,1,79,0.05,75.05,38,37.05,False
NG-00175,2024-02-26,North,Online,Home Office,Desk Lamp,1,58,0,58,28,30,False
NG-00176,2024-02-26,South,Marketplace,Kitchen,Pour Over Kit,1,79,0.05,75.05,38,37.05,False
NG-00177,2024-02-26,North,Marketplace,Everyday,Insulated Bottle,1,42,0.05,39.9,18,21.9,False
NG-00178,2024-02-26,South,Retail,Everyday,Insulated Bottle,1,42,0.1,37.8,18,19.8,False
NG-00179,2024-02-27,East,Online,Home Office,Monitor Riser,1,72,0.15,61.2,33,28.2,False
NG-00180,2024-02-27,North,Online,Living,Accent Cushion,1,46,0.1,41.4,20,21.4,False
NG-00181,2024-02-27,West,Marketplace,Everyday,Insulated Bottle,2,42,0.05,79.8,36,43.8,False
NG-00182,2024-02-27,East,Retail,Living,Oak Side Table,1,189,0,189,112,77,False
NG-00183,2024-02-27,North,Online,Home Office,Desk Lamp,1,58,0,58,28,30,False
NG-00184,2024-02-28,South,Online,Home Office,Monitor Riser,2,72,0.15,122.4,66,56.4,False
NG-00185,2024-02-28,South,Online,Kitchen,Pour Over Kit,1,79,0,79,38,41,False
NG-00186,2024-02-28,North,Retail,Home Office,Ergonomic Chair,1,245,0,245,144,101,False
NG-00187,2024-02-28,North,Retail,Kitchen,Pour Over Kit,1,79,0,79,38,41,False
NG-00188,2024-02-29,West,Retail,Living,Oak Side Table,1,189,0,189,112,77,False
NG-00189,2024-03-01,North,Online,Everyday,Insulated Bottle,1,42,0.05,39.9,18,21.9,False
NG-00190,2024-03-01,North,Marketplace,Home Office,Desk Lamp,2,58,0.05,110.2,56,54.2,False
NG-00191,2024-03-02,East,Retail,Home Office,Monitor Riser,1,72,0.05,68.4,33,35.4,False
NG-00192,2024-03-02,North,Online,Kitchen,Cast Iron Pan,1,135,0.05,128.25,80,48.25,False
NG-00193,2024-03-03,West,Online,Living,Oak Side Table,1,189,0,189,112,77,False
NG-00194,2024-03-03,East,Marketplace,Kitchen,Cast Iron Pan,1,135,0.05,128.25,80,48.25,False
NG-00195,2024-03-03,West,Marketplace,Home Office,Ergonomic Chair,3,245,0.05,0,0,0,True
NG-00196,2024-03-04,East,Marketplace,Home Office,Monitor Riser,1,72,0.05,68.4,33,35.4,False
NG-00197,2024-03-05,South,Marketplace,Home Office,Desk Lamp,1,58,0.1,52.2,28,24.2,False
NG-00198,2024-03-05,South,Retail,Kitchen,Pour Over Kit,2,79,0.1,142.2,76,66.2,False
NG-00199,2024-03-05,North,Retail,Home Office,Desk Lamp,1,58,0,58,28,30,False
NG-00200,2024-03-05,North,Marketplace,Living,Linen Throw,1,96,0.05,91.2,49,42.2,False
NG-00201,2024-03-05,East,Online,Home Office,Desk Lamp,1,58,0.2,46.4,28,18.4,False
NG-00202,2024-03-05,East,Online,Kitchen,Cast Iron Pan,1,135,0,0,0,0,True
NG-00203,2024-03-06,South,Online,Living,Oak Side Table,2,189,0.2,302.4,224,78.4,False
NG-00204,2024-03-07,East,Online,Home Office,Ergonomic Chair,1,245,0,245,144,101,False
NG-00205,2024-03-07,North,Retail,Living,Linen Throw,1,96,0,96,49,47,False
NG-00206,2024-03-07,East,Retail,Kitchen,Ceramic Dinner Set,1,112,0.05,106.4,57,49.4,False
NG-00207,2024-03-07,North,Online,Living,Accent Cushion,1,46,0,46,20,26,False
NG-00208,2024-03-07,South,Marketplace,Home Office,Ergonomic Chair,3,245,0.05,698.25,432,266.25,False
NG-00209,2024-03-07,North,Retail,Kitchen,Ceramic Dinner Set,1,112,0,112,57,55,False
NG-00210,2024-03-07,East,Online,Home Office,Monitor Riser,1,72,0.15,61.2,33,28.2,False
NG-00211,2024-03-08,North,Retail,Everyday,Insulated Bottle,2,42,0,84,36,48,False
NG-00212,2024-03-08,South,Retail,Kitchen,Cast Iron Pan,2,135,0.1,243.0,160,83.0,False
NG-00213,2024-03-08,North,Marketplace,Kitchen,Cast Iron Pan,1,135,0.2,108.0,80,28.0,False
NG-00214,2024-03-08,West,Online,Living,Accent Cushion,1,46,0,46,20,26,False
NG-00215,2024-03-08,West,Online,Home Office,Monitor Riser,1,72,0.2,57.6,33,24.6,False
NG-00216,2024-03-08,South,Retail,Home Office,Desk Lamp,3,58,0,174,84,90,False
NG-00217,2024-03-08,North,Retail,Home Office,Desk Lamp,2,58,0,116,56,60,False
NG-00218,2024-03-09,South,Retail,Everyday,Canvas Tote,1,32,0.05,30.4,12,18.4,False
NG-00219,2024-03-09,South,Online,Kitchen,Cast Iron Pan,1,135,0.1,121.5,80,41.5,False
NG-00220,2024-03-10,East,Marketplace,Living,Accent Cushion,1,46,0.05,43.7,20,23.7,False
NG-00221,2024-03-10,South,Retail,Everyday,Canvas Tote,2,32,0,64,24,40,False
NG-00222,2024-03-10,North,Retail,Living,Accent Cushion,4,46,0.15,156.4,80,76.4,False
NG-00223,2024-03-10,West,Retail,Living,Accent Cushion,2,46,0.05,87.4,40,47.4,False
NG-00224,2024-03-10,West,Marketplace,Home Office,Monitor Riser,1,72,0.05,68.4,33,35.4,False
NG-00225,2024-03-10,North,Online,Living,Linen Throw,1,96,0,96,49,47,False
NG-00226,2024-03-11,South,Marketplace,Home Office,Desk Lamp,1,58,0.1,0,0,0,True
NG-00227,2024-03-12,North,Marketplace,Kitchen,Ceramic Dinner Set,1,112,0.1,100.8,57,43.8,False
NG-00228,2024-03-12,East,Online,Everyday,Insulated Bottle,1,42,0,42,18,24,False
NG-00229,2024-03-12,East,Retail,Living,Linen Throw,1,96,0.2,76.8,49,27.8,False
NG-00230,2024-03-12,South,Retail,Kitchen,Cast Iron Pan,4,135,0,540,320,220,False
NG-00231,2024-03-13,East,Retail,Home Office,Desk Lamp,1,58,0.05,55.1,28,27.1,False
NG-00232,2024-03-13,East,Marketplace,Everyday,Insulated Bottle,1,42,0.05,39.9,18,21.9,False
NG-00233,2024-03-14,North,Online,Everyday,Insulated Bottle,1,42,0,42,18,24,False
NG-00234,2024-03-14,South,Marketplace,Living,Oak Side Table,1,189,0.05,179.55,112,67.55,False
NG-00235,2024-03-14,North,Marketplace,Living,Accent Cushion,1,46,0.05,43.7,20,23.7,False
NG-00236,2024-03-15,North,Online,Everyday,Insulated Bottle,1,42,0,42,18,24,False
NG-00237,2024-03-15,East,Retail,Kitchen,Pour Over Kit,4,79,0.05,300.2,152,148.2,False
NG-00238,2024-03-15,South,Retail,Home Office,Monitor Riser,1,72,0,72,33,39,False
NG-00239,2024-03-16,West,Online,Home Office,Ergonomic Chair,1,245,0,245,144,101,False
NG-00240,2024-03-16,South,Retail,Kitchen,Ceramic Dinner Set,2,112,0,224,114,110,False
NG-00241,2024-03-16,West,Retail,Home Office,Desk Lamp,2,58,0,116,56,60,False
NG-00242,2024-03-16,East,Online,Living,Accent Cushion,2,46,0,92,40,52,False
NG-00243,2024-03-17,West,Online,Home Office,Desk Lamp,1,58,0,58,28,30,False
NG-00244,2024-03-17,South,Online,Everyday,Travel Backpack,1,129,0,129,68,61,False
NG-00245,2024-03-17,South,Online,Living,Linen Throw,1,96,0,96,49,47,False
NG-00246,2024-03-17,South,Marketplace,Kitchen,Ceramic Dinner Set,4,112,0.1,0,0,0,True
NG-00247,2024-03-17,South,Retail,Living,Linen Throw,1,96,0.1,86.4,49,37.4,False
NG-00248,2024-03-17,South,Online,Living,Linen Throw,3,96,0,288,147,141,False
NG-00249,2024-03-17,West,Online,Everyday,Travel Backpack,1,129,0,129,68,61,False
NG-00250,2024-03-17,South,Retail,Living,Linen Throw,1,96,0.15,81.6,49,32.6,False
NG-00251,2024-03-18,South,Online,Home Office,Ergonomic Chair,3,245,0.15,624.75,432,192.75,False
NG-00252,2024-03-18,West,Marketplace,Everyday,Insulated Bottle,2,42,0.05,79.8,36,43.8,False
NG-00253,2024-03-18,East,Marketplace,Everyday,Insulated Bottle,1,42,0.05,39.9,18,21.9,False
NG-00254,2024-03-19,North,Online,Kitchen,Ceramic Dinner Set,3,112,0.05,319.2,171,148.2,False
NG-00255,2024-03-19,West,Online,Living,Oak Side Table,1,189,0.2,151.2,112,39.2,False
NG-00256,2024-03-19,East,Online,Living,Accent Cushion,2,46,0,92,40,52,False
NG-00257,2024-03-19,East,Online,Living,Accent Cushion,1,46,0,46,20,26,False
NG-00258,2024-03-20,South,Online,Home Office,Desk Lamp,1,58,0.1,52.2,28,24.2,False
NG-00259,2024-03-21,West,Retail,Living,Linen Throw,1,96,0.05,91.2,49,42.2,False
NG-00260,2024-03-21,North,Online,Living,Linen Throw,3,96,0.05,273.6,147,126.6,False
NG-00261,2024-03-21,South,Retail,Everyday,Canvas Tote,1,32,0,32,12,20,False
NG-00262,2024-03-22,North,Retail,Home Office,Desk Lamp,1,58,0.1,52.2,28,24.2,False
NG-00263,2024-03-22,East,Marketplace,Living,Linen Throw,1,96,0.15,81.6,49,32.6,False
NG-00264,2024-03-22,South,Online,Home Office,Ergonomic Chair,1,245,0,245,144,101,False
NG-00265,2024-03-22,West,Marketplace,Kitchen,Ceramic Dinner Set,1,112,0.05,106.4,57,49.4,False
NG-00266,2024-03-22,East,Retail,Kitchen,Ceramic Dinner Set,1,112,0.05,106.4,57,49.4,False
NG-00267,2024-03-23,South,Online,Everyday,Travel Backpack,1,129,0.15,109.65,68,41.65,False
NG-00268,2024-03-23,East,Retail,Kitchen,Ceramic Dinner Set,1,112,0.15,95.2,57,38.2,False
NG-00269,2024-03-23,North,Marketplace,Kitchen,Ceramic Dinner Set,1,112,0.05,106.4,57,49.4,False
NG-00270,2024-03-23,North,Marketplace,Everyday,Insulated Bottle,2,42,0.05,0,0,0,True
NG-00271,2024-03-23,North,Retail,Living,Linen Throw,3,96,0,288,147,141,False
NG-00272,2024-03-24,South,Retail,Living,Linen Throw,1,96,0.2,76.8,49,27.8,False
NG-00273,2024-03-24,South,Retail,Kitchen,Ceramic Dinner Set,1,112,0,112,57,55,False
NG-00274,2024-03-24,East,Retail,Kitchen,Ceramic Dinner Set,3,112,0.05,319.2,171,148.2,False
NG-00275,2024-03-24,West,Marketplace,Everyday,Insulated Bottle,1,42,0.05,39.9,18,21.9,False
NG-00276,2024-03-24,East,Retail,Home Office,Ergonomic Chair,1,245,0,245,144,101,False
NG-00277,2024-03-24,North,Marketplace,Everyday,Travel Backpack,1,129,0.05,122.55,68,54.55,False
NG-00278,2024-03-24,West,Online,Living,Oak Side Table,1,189,0.15,160.65,112,48.65,False
NG-00279,2024-03-25,North,Marketplace,Home Office,Monitor Riser,1,72,0.05,68.4,33,35.4,False
NG-00280,2024-03-26,North,Retail,Kitchen,Ceramic Dinner Set,1,112,0.15,95.2,57,38.2,False
NG-00281,2024-03-26,South,Online,Everyday,Travel Backpack,1,129,0.05,122.55,68,54.55,False
NG-00282,2024-03-26,North,Marketplace,Everyday,Insulated Bottle,1,42,0.05,39.9,18,21.9,False
NG-00283,2024-03-26,North,Online,Home Office,Desk Lamp,2,58,0,116,56,60,False
NG-00284,2024-03-27,South,Retail,Living,Accent Cushion,1,46,0.05,43.7,20,23.7,False
NG-00285,2024-03-27,East,Online,Kitchen,Pour Over Kit,1,79,0,79,38,41,False
NG-00286,2024-03-27,East,Marketplace,Home Office,Monitor Riser,1,72,0.05,68.4,33,35.4,False
NG-00287,2024-03-27,East,Marketplace,Living,Accent Cushion,1,46,0.05,43.7,20,23.7,False
NG-00288,2024-03-28,North,Marketplace,Home Office,Monitor Riser,4,72,0.1,259.2,132,127.2,False
NG-00289,2024-03-28,East,Marketplace,Living,Linen Throw,2,96,0.05,182.4,98,84.4,False
NG-00290,2024-03-28,West,Marketplace,Everyday,Canvas Tote,1,32,0.1,28.8,12,16.8,False
NG-00291,2024-03-29,West,Online,Kitchen,Ceramic Dinner Set,2,112,0,224,114,110,False
NG-00292,2024-03-29,East,Online,Home Office,Desk Lamp,1,58,0.15,49.3,28,21.3,False
NG-00293,2024-03-29,South,Online,Living,Accent Cushion,1,46,0.15,39.1,20,19.1,False
NG-00294,2024-03-29,North,Marketplace,Living,Accent Cushion,1,46,0.05,43.7,20,23.7,False
NG-00295,2024-03-29,West,Online,Living,Linen Throw,1,96,0.05,91.2,49,42.2,False
NG-00296,2024-03-29,East,Online,Kitchen,Ceramic Dinner Set,2,112,0,224,114,110,False
NG-00297,2024-03-30,North,Online,Everyday,Canvas Tote,1,32,0.05,30.4,12,18.4,False
NG-00298,2024-03-30,South,Retail,Living,Accent Cushion,1,46,0,46,20,26,False
NG-00299,2024-03-30,North,Marketplace,Kitchen,Cast Iron Pan,1,135,0.05,128.25,80,48.25,False
NG-00300,2024-03-30,West,Marketplace,Kitchen,Ceramic Dinner Set,2,112,0.05,212.8,114,98.8,False
NG-00301,2024-03-31,East,Marketplace,Home Office,Monitor Riser,1,72,0.05,68.4,33,35.4,False
NG-00302,2024-03-31,South,Online,Living,Linen Throw,1,96,0.1,86.4,49,37.4,False
NG-00303,2024-03-31,South,Marketplace,Kitchen,Pour Over Kit,1,79,0.05,75.05,38,37.05,False
NG-00304,2024-03-31,North,Retail,Everyday,Canvas Tote,1,32,0.1,28.8,12,16.8,False
NG-00305,2024-03-31,East,Marketplace,Everyday,Canvas Tote,1,32,0.05,30.4,12,18.4,False
NG-00306,2024-03-31,South,Marketplace,Living,Oak Side Table,3,189,0.15,481.95,336,145.95,False
NG-00307,2024-04-01,North,Online,Home Office,Desk Lamp,1,58,0,58,28,30,False
NG-00308,2024-04-01,East,Retail,Everyday,Travel Backpack,1,129,0,129,68,61,False
NG-00309,2024-04-01,West,Retail,Everyday,Canvas Tote,2,32,0,0,0,0,True
NG-00310,2024-04-01,South,Marketplace,Living,Linen Throw,1,96,0.05,91.2,49,42.2,False
NG-00311,2024-04-02,North,Marketplace,Home Office,Desk Lamp,3,58,0.05,165.3,84,81.3,False
NG-00312,2024-04-02,South,Marketplace,Kitchen,Cast Iron Pan,1,135,0.05,128.25,80,48.25,False
NG-00313,2024-04-02,South,Retail,Everyday,Travel Backpack,2,129,0,258,136,122,False
NG-00314,2024-04-03,East,Online,Living,Accent Cushion,1,46,0.1,41.4,20,21.4,False
NG-00315,2024-04-03,East,Online,Living,Oak Side Table,1,189,0.05,179.55,112,67.55,False
NG-00316,2024-04-03,East,Marketplace,Home Office,Desk Lamp,1,58,0.05,55.1,28,27.1,False
NG-00317,2024-04-03,South,Online,Kitchen,Pour Over Kit,3,79,0,237,114,123,False
NG-00318,2024-04-03,North,Online,Living,Linen Throw,3,96,0,288,147,141,False
NG-00319,2024-04-03,North,Retail,Everyday,Canvas Tote,1,32,0.05,30.4,12,18.4,False
NG-00320,2024-04-04,North,Marketplace,Home Office,Desk Lamp,1,58,0.05,55.1,28,27.1,False
NG-00321,2024-04-04,West,Retail,Everyday,Travel Backpack,1,129,0,129,68,61,False
NG-00322,2024-04-04,North,Retail,Living,Accent Cushion,1,46,0,46,20,26,False
NG-00323,2024-04-04,East,Marketplace,Home Office,Desk Lamp,1,58,0.15,49.3,28,21.3,False
NG-00324,2024-04-04,West,Online,Everyday,Canvas Tote,1,32,0,32,12,20,False
NG-00325,2024-04-05,South,Marketplace,Living,Linen Throw,1,96,0.2,76.8,49,27.8,False
NG-00326,2024-04-05,West,Online,Home Office,Ergonomic Chair,1,245,0.05,232.75,144,88.75,False
NG-00327,2024-04-05,North,Marketplace,Everyday,Canvas Tote,1,32,0.05,30.4,12,18.4,False
NG-00328,2024-04-05,South,Retail,Everyday,Travel Backpack,1,129,0,129,68,61,False
NG-00329,2024-04-05,West,Retail,Everyday,Travel Backpack,1,129,0.1,116.1,68,48.1,False
NG-00330,2024-04-05,North,Marketplace,Living,Linen Throw,1,96,0.05,91.2,49,42.2,False
NG-00331,2024-04-05,East,Marketplace,Home Office,Monitor Riser,1,72,0.05,68.4,33,35.4,False
NG-00332,2024-04-06,South,Online,Living,Linen Throw,1,96,0,96,49,47,False
NG-00333,2024-04-06,East,Online,Everyday,Insulated Bottle,1,42,0.1,37.8,18,19.8,False
NG-00334,2024-04-06,South,Online,Home Office,Ergonomic Chair,1,245,0.05,232.75,144,88.75,False
NG-00335,2024-04-06,West,Online,Living,Accent Cushion,1,46,0.05,43.7,20,23.7,False
NG-00336,2024-04-06,East,Online,Kitchen,Cast Iron Pan,1,135,0,135,80,55,False
NG-00337,2024-04-06,North,Marketplace,Home Office,Desk Lamp,3,58,0.05,165.3,84,81.3,False
NG-00338,2024-04-06,South,Retail,Kitchen,Ceramic Dinner Set,1,112,0,112,57,55,False
NG-00339,2024-04-07,North,Retail,Kitchen,Cast Iron Pan,3,135,0,405,240,165,False
NG-00340,2024-04-07,South,Online,Living,Linen Throw,2,96,0,192,98,94,False
NG-00341,2024-04-07,South,Marketplace,Living,Oak Side Table,1,189,0.1,170.1,112,58.1,False
NG-00342,2024-04-07,North,Retail,Everyday,Travel Backpack,1,129,0,129,68,61,False
NG-00343,2024-04-08,West,Retail,Kitchen,Pour Over Kit,1,79,0,79,38,41,False
NG-00344,2024-04-08,South,Retail,Living,Oak Side Table,2,189,0,378,224,154,False
NG-00345,2024-04-08,North,Online,Everyday,Canvas Tote,2,32,0.05,60.8,24,36.8,False
NG-00346,2024-04-08,East,Retail,Everyday,Canvas Tote,1,32,0.2,25.6,12,13.6,False
NG-00347,2024-04-08,South,Online,Living,Oak Side Table,1,189,0.1,170.1,112,58.1,False
NG-00348,2024-04-09,East,Retail,Everyday,Canvas Tote,1,32,0.1,28.8,12,16.8,False
NG-00349,2024-04-09,East,Online,Everyday,Canvas Tote,1,32,0.1,28.8,12,16.8,False
NG-00350,2024-04-09,East,Retail,Home Office,Monitor Riser,1,72,0,72,33,39,False
NG-00351,2024-04-10,North,Online,Everyday,Canvas Tote,1,32,0,32,12,20,False
NG-00352,2024-04-10,West,Online,Home Office,Desk Lamp,1,58,0,58,28,30,False
NG-00353,2024-04-10,East,Online,Kitchen,Ceramic Dinner Set,2,112,0.1,201.6,114,87.6,False
NG-00354,2024-04-11,North,Online,Home Office,Desk Lamp,3,58,0,0,0,0,True
NG-00355,2024-04-11,North,Retail,Everyday,Insulated Bottle,2,42,0,84,36,48,False
NG-00356,2024-04-11,East,Online,Home Office,Desk Lamp,1,58,0,58,28,30,False
NG-00357,2024-04-11,South,Retail,Everyday,Canvas Tote,1,32,0,32,12,20,False
NG-00358,2024-04-12,East,Online,Home Office,Desk Lamp,2,58,0.15,98.6,56,42.6,False
NG-00359,2024-04-12,North,Retail,Everyday,Canvas Tote,3,32,0,96,36,60,False
NG-00360,2024-04-12,South,Online,Living,Oak Side Table,2,189,0,378,224,154,False
NG-00361,2024-04-12,South,Online,Everyday,Insulated Bottle,2,42,0,84,36,48,False
NG-00362,2024-04-12,North,Marketplace,Home Office,Desk Lamp,1,58,0.15,49.3,28,21.3,False
NG-00363,2024-04-12,West,Retail,Kitchen,Pour Over Kit,2,79,0.1,142.2,76,66.2,False
NG-00364,2024-04-13,East,Online,Living,Accent Cushion,2,46,0,92,40,52,False
NG-00365,2024-04-13,North,Marketplace,Home Office,Desk Lamp,1,58,0.05,55.1,28,27.1,False
NG-00366,2024-04-13,North,Retail,Everyday,Travel Backpack,1,129,0,129,68,61,False
NG-00367,2024-04-14,North,Retail,Home Office,Desk Lamp,1,58,0.15,49.3,28,21.3,False
NG-00368,2024-04-14,North,Marketplace,Home Office,Ergonomic Chair,1,245,0.1,220.5,144,76.5,False
NG-00369,2024-04-14,North,Online,Everyday,Travel Backpack,1,129,0,129,68,61,False
NG-00370,2024-04-14,West,Retail,Home Office,Desk Lamp,1,58,0,58,28,30,False
NG-00371,2024-04-14,West,Retail,Home Office,Desk Lamp,1,58,0.15,49.3,28,21.3,False
NG-00372,2024-04-15,West,Retail,Living,Linen Throw,1,96,0,96,49,47,False
NG-00373,2024-04-15,East,Retail,Everyday,Travel Backpack,1,129,0,129,68,61,False
NG-00374,2024-04-15,South,Marketplace,Everyday,Canvas Tote,1,32,0.05,30.4,12,18.4,False
NG-00375,2024-04-15,South,Marketplace,Home Office,Desk Lamp,1,58,0.15,49.3,28,21.3,False
NG-00376,2024-04-15,South,Retail,Living,Linen Throw,1,96,0.05,91.2,49,42.2,False
NG-00377,2024-04-15,East,Marketplace,Kitchen,Cast Iron Pan,1,135,0.05,128.25,80,48.25,False
NG-00378,2024-04-16,South,Retail,Home Office,Desk Lamp,1,58,0,58,28,30,False
NG-00379,2024-04-16,North,Online,Home Office,Desk Lamp,1,58,0.2,46.4,28,18.4,False
NG-00380,2024-04-16,East,Retail,Living,Accent Cushion,1,46,0.15,39.1,20,19.1,False
NG-00381,2024-04-17,East,Retail,Kitchen,Pour Over Kit,1,79,0,79,38,41,False
NG-00382,2024-04-17,South,Online,Everyday,Canvas Tote,1,32,0.1,28.8,12,16.8,False
NG-00383,2024-04-17,East,Online,Everyday,Insulated Bottle,1,42,0,42,18,24,False
NG-00384,2024-04-17,East,Online,Everyday,Canvas Tote,1,32,0,32,12,20,False
NG-00385,2024-04-18,East,Marketplace,Living,Linen Throw,1,96,0.1,86.4,49,37.4,False
NG-00386,2024-04-18,North,Online,Kitchen,Pour Over Kit,1,79,0,79,38,41,False
NG-00387,2024-04-18,East,Retail,Everyday,Insulated Bottle,2,42,0.05,79.8,36,43.8,False
NG-00388,2024-04-19,North,Retail,Everyday,Insulated Bottle,1,42,0.1,37.8,18,19.8,False
NG-00389,2024-04-19,West,Retail,Living,Accent Cushion,1,46,0,46,20,26,False
NG-00390,2024-04-19,East,Marketplace,Home Office,Desk Lamp,4,58,0.05,220.4,112,108.4,False
NG-00391,2024-04-20,East,Online,Home Office,Monitor Riser,1,72,0,0,0,0,True
NG-00392,2024-04-20,North,Online,Living,Oak Side Table,4,189,0,756,448,308,False
NG-00393,2024-04-20,North,Online,Everyday,Insulated Bottle,1,42,0.05,39.9,18,21.9,False
NG-00394,2024-04-20,South,Marketplace,Kitchen,Cast Iron Pan,1,135,0.05,128.25,80,48.25,False
NG-00395,2024-04-21,West,Online,Everyday,Canvas Tote,1,32,0.1,28.8,12,16.8,False
NG-00396,2024-04-21,North,Online,Everyday,Travel Backpack,2,129,0.05,245.1,136,109.1,False
NG-00397,2024-04-21,South,Marketplace,Kitchen,Pour Over Kit,1,79,0.05,75.05,38,37.05,False
NG-00398,2024-04-22,North,Retail,Living,Oak Side Table,1,189,0,189,112,77,False
NG-00399,2024-04-22,West,Online,Living,Accent Cushion,1,46,0.15,39.1,20,19.1,False
NG-00400,2024-04-22,West,Retail,Living,Accent Cushion,1,46,0,46,20,26,False
NG-00401,2024-04-22,South,Online,Everyday,Canvas Tote,1,32,0,32,12,20,False
NG-00402,2024-04-23,North,Retail,Living,Accent Cushion,1,46,0,46,20,26,False
NG-00403,2024-04-23,East,Online,Home Office,Desk Lamp,1,58,0,0,0,0,True
NG-00404,2024-04-23,West,Retail,Everyday,Insulated Bottle,1,42,0.05,39.9,18,21.9,False
NG-00405,2024-04-24,South,Online,Living,Linen Throw,1,96,0,96,49,47,False
NG-00406,2024-04-24,South,Online,Living,Accent Cushion,1,46,0,46,20,26,False
NG-00407,2024-04-24,East,Marketplace,Home Office,Desk Lamp,1,58,0.05,55.1,28,27.1,False
NG-00408,2024-04-24,North,Marketplace,Kitchen,Pour Over Kit,1,79,0.1,71.1,38,33.1,False
NG-00409,2024-04-24,West,Online,Everyday,Insulated Bottle,1,42,0,42,18,24,False
NG-00410,2024-04-24,West,Retail,Kitchen,Pour Over Kit,1,79,0,79,38,41,False
NG-00411,2024-04-25,East,Marketplace,Home Office,Desk Lamp,1,58,0.05,55.1,28,27.1,False
NG-00412,2024-04-25,East,Marketplace,Home Office,Ergonomic Chair,1,245,0.1,220.5,144,76.5,False
NG-00413,2024-04-25,North,Marketplace,Kitchen,Pour Over Kit,2,79,0.05,150.1,76,74.1,False
NG-00414,2024-04-25,South,Retail,Kitchen,Cast Iron Pan,2,135,0.1,243.0,160,83.0,False
NG-00415,2024-04-25,East,Online,Living,Linen Throw,1,96,0,96,49,47,False
NG-00416,2024-04-26,West,Online,Living,Accent Cushion,1,46,0,46,20,26,False
NG-00417,2024-04-26,East,Online,Living,Linen Throw,1,96,0,96,49,47,False
NG-00418,2024-04-26,North,Online,Everyday,Travel Backpack,1,129,0.05,122.55,68,54.55,False
NG-00419,2024-04-27,North,Retail,Home Office,Ergonomic Chair,1,245,0,245,144,101,False
NG-00420,2024-04-27,South,Retail,Home Office,Desk Lamp,1,58,0.15,49.3,28,21.3,False
NG-00421,2024-04-27,North,Online,Living,Accent Cushion,3,46,0.1,124.2,60,64.2,False
NG-00422,2024-04-27,North,Retail,Living,Oak Side Table,3,189,0,567,336,231,False
NG-00423,2024-04-28,North,Retail,Kitchen,Cast Iron Pan,1,135,0,135,80,55,False
NG-00424,2024-04-28,East,Retail,Everyday,Insulated Bottle,1,42,0.1,37.8,18,19.8,False
NG-00425,2024-04-28,North,Retail,Everyday,Canvas Tote,1,32,0.2,25.6,12,13.6,False
NG-00426,2024-04-28,North,Marketplace,Kitchen,Cast Iron Pan,2,135,0.05,256.5,160,96.5,False
NG-00427,2024-04-29,North,Retail,Kitchen,Cast Iron Pan,1,135,0,135,80,55,False
NG-00428,2024-04-30,South,Online,Living,Accent Cushion,2,46,0.15,78.2,40,38.2,False
NG-00429,2024-04-30,South,Retail,Home Office,Monitor Riser,2,72,0.15,122.4,66,56.4,False
NG-00430,2024-04-30,North,Online,Home Office,Ergonomic Chair,1,245,0.05,0,0,0,True
NG-00431,2024-04-30,East,Online,Everyday,Canvas Tote,2,32,0,64,24,40,False
NG-00432,2024-04-30,West,Retail,Living,Linen Throw,1,96,0,96,49,47,False
NG-00433,2024-05-01,East,Retail,Everyday,Travel Backpack,1,129,0,129,68,61,False
NG-00434,2024-05-01,North,Retail,Everyday,Travel Backpack,3,129,0,387,204,183,False
NG-00435,2024-05-01,North,Retail,Kitchen,Ceramic Dinner Set,1,112,0.2,89.6,57,32.6,False
NG-00436,2024-05-01,North,Retail,Living,Linen Throw,1,96,0.05,91.2,49,42.2,False
NG-00437,2024-05-02,West,Retail,Kitchen,Ceramic Dinner Set,2,112,0,224,114,110,False
NG-00438,2024-05-02,South,Retail,Everyday,Travel Backpack,2,129,0.15,219.3,136,83.3,False
NG-00439,2024-05-02,North,Marketplace,Everyday,Travel Backpack,1,129,0.05,122.55,68,54.55,False
NG-00440,2024-05-03,North,Online,Living,Accent Cushion,1,46,0.1,41.4,20,21.4,False
NG-00441,2024-05-03,West,Online,Kitchen,Pour Over Kit,1,79,0,79,38,41,False
NG-00442,2024-05-03,South,Retail,Home Office,Desk Lamp,1,58,0.15,49.3,28,21.3,False
NG-00443,2024-05-03,South,Marketplace,Everyday,Travel Backpack,1,129,0.05,122.55,68,54.55,False
NG-00444,2024-05-04,West,Online,Everyday,Insulated Bottle,1,42,0.05,39.9,18,21.9,False
NG-00445,2024-05-04,North,Online,Home Office,Desk Lamp,1,58,0.2,46.4,28,18.4,False
NG-00446,2024-05-04,South,Marketplace,Kitchen,Cast Iron Pan,1,135,0.05,128.25,80,48.25,False
NG-00447,2024-05-04,North,Online,Home Office,Desk Lamp,1,58,0,58,28,30,False
NG-00448,2024-05-05,West,Retail,Living,Accent Cushion,2,46,0.05,87.4,40,47.4,False
NG-00449,2024-05-05,East,Retail,Everyday,Travel Backpack,3,129,0.05,367.65,204,163.65,False
NG-00450,2024-05-05,West,Online,Everyday,Canvas Tote,1,32,0.05,30.4,12,18.4,False
NG-00451,2024-05-05,South,Retail,Living,Linen Throw,1,96,0.05,91.2,49,42.2,False
NG-00452,2024-05-05,West,Retail,Living,Accent Cushion,1,46,0,46,20,26,False
NG-00453,2024-05-06,North,Online,Everyday,Canvas Tote,1,32,0,32,12,20,False
NG-00454,2024-05-06,East,Retail,Kitchen,Pour Over Kit,2,79,0.1,142.2,76,66.2,False
NG-00455,2024-05-07,West,Online,Living,Linen Throw,1,96,0.05,0,0,0,True
NG-00456,2024-05-07,North,Online,Everyday,Insulated Bottle,1,42,0,42,18,24,False
NG-00457,2024-05-07,West,Retail,Kitchen,Ceramic Dinner Set,1,112,0.05,106.4,57,49.4,False
NG-00458,2024-05-07,West,Online,Everyday,Canvas Tote,1,32,0,32,12,20,False
NG-00459,2024-05-07,South,Retail,Kitchen,Ceramic Dinner Set,1,112,0,112,57,55,False
NG-00460,2024-05-08,North,Retail,Living,Accent Cushion,1,46,0.05,43.7,20,23.7,False
NG-00461,2024-05-08,West,Retail,Kitchen,Pour Over Kit,1,79,0,79,38,41,False
NG-00462,2024-05-08,South,Marketplace,Kitchen,Pour Over Kit,2,79,0.05,150.1,76,74.1,False
NG-00463,2024-05-09,North,Online,Kitchen,Ceramic Dinner Set,2,112,0.05,212.8,114,98.8,False
NG-00464,2024-05-09,North,Online,Everyday,Insulated Bottle,1,42,0.15,35.7,18,17.7,False
NG-00465,2024-05-09,South,Marketplace,Kitchen,Cast Iron Pan,1,135,0.1,121.5,80,41.5,False
NG-00466,2024-05-09,North,Marketplace,Living,Linen Throw,1,96,0.05,0,0,0,True
NG-00467,2024-05-09,North,Marketplace,Living,Accent Cushion,1,46,0.05,43.7,20,23.7,False
NG-00468,2024-05-10,North,Online,Home Office,Ergonomic Chair,1,245,0,245,144,101,False
NG-00469,2024-05-10,East,Marketplace,Kitchen,Ceramic Dinner Set,2,112,0.05,212.8,114,98.8,False
NG-00470,2024-05-10,South,Online,Home Office,Monitor Riser,1,72,0,72,33,39,False
NG-00471,2024-05-10,North,Retail,Everyday,Insulated Bottle,2,42,0.05,79.8,36,43.8,False
NG-00472,2024-05-10,North,Online,Kitchen,Pour Over Kit,2,79,0.15,134.3,76,58.3,False
NG-00473,2024-05-10,South,Retail,Everyday,Insulated Bottle,2,42,0,84,36,48,False
NG-00474,2024-05-10,West,Retail,Home Office,Monitor Riser,1,72,0,72,33,39,False
NG-00475,2024-05-11,North,Online,Home Office,Desk Lamp,1,58,0,0,0,0,True
NG-00476,2024-05-11,East,Online,Kitchen,Ceramic Dinner Set,2,112,0.05,212.8,114,98.8,False
NG-00477,2024-05-11,North,Online,Kitchen,Pour Over Kit,1,79,0,79,38,41,False
NG-00478,2024-05-11,West,Marketplace,Everyday,Insulated Bottle,1,42,0.05,39.9,18,21.9,False
NG-00479,2024-05-12,North,Marketplace,Everyday,Canvas Tote,2,32,0.05,60.8,24,36.8,False
NG-00480,2024-05-12,East,Retail,Everyday,Canvas Tote,1,32,0.1,28.8,12,16.8,False
NG-00481,2024-05-12,North,Online,Home Office,Desk Lamp,2,58,0,116,56,60,False
NG-00482,2024-05-12,East,Online,Everyday,Canvas Tote,1,32,0,32,12,20,False
NG-00483,2024-05-12,East,Online,Home Office,Monitor Riser,1,72,0.2,57.6,33,24.6,False
NG-00484,2024-05-12,West,Retail,Everyday,Insulated Bottle,1,42,0,42,18,24,False
NG-00485,2024-05-13,North,Retail,Living,Linen Throw,1,96,0,96,49,47,False
NG-00486,2024-05-13,North,Retail,Home Office,Ergonomic Chair,1,245,0,245,144,101,False
NG-00487,2024-05-13,North,Retail,Everyday,Insulated Bottle,1,42,0,42,18,24,False
NG-00488,2024-05-13,East,Online,Everyday,Insulated Bottle,1,42,0.1,37.8,18,19.8,False
NG-00489,2024-05-13,North,Online,Kitchen,Cast Iron Pan,1,135,0.2,108.0,80,28.0,False
NG-00490,2024-05-14,South,Marketplace,Everyday,Travel Backpack,1,129,0.2,103.2,68,35.2,False
NG-00491,2024-05-14,East,Marketplace,Everyday,Insulated Bottle,2,42,0.05,79.8,36,43.8,False
NG-00492,2024-05-14,North,Online,Everyday,Canvas Tote,3,32,0.05,91.2,36,55.2,False
NG-00493,2024-05-14,South,Online,Everyday,Insulated Bottle,1,42,0.15,35.7,18,17.7,False
NG-00494,2024-05-15,North,Online,Everyday,Travel Backpack,1,129,0.05,122.55,68,54.55,False
NG-00495,2024-05-15,South,Retail,Living,Linen Throw,1,96,0.2,76.8,49,27.8,False
NG-00496,2024-05-15,West,Retail,Everyday,Canvas Tote,2,32,0,64,24,40,False
NG-00497,2024-05-15,West,Retail,Everyday,Travel Backpack,1,129,0.15,109.65,68,41.65,False
NG-00498,2024-05-15,East,Retail,Everyday,Canvas Tote,3,32,0.15,81.6,36,45.6,False
NG-00499,2024-05-16,West,Marketplace,Home Office,Desk Lamp,1,58,0.15,49.3,28,21.3,False
NG-00500,2024-05-16,West,Marketplace,Everyday,Canvas Tote,1,32,0.05,30.4,12,18.4,False
NG-00501,2024-05-16,South,Online,Living,Linen Throw,1,96,0.1,86.4,49,37.4,False
NG-00502,2024-05-17,West,Online,Kitchen,Ceramic Dinner Set,2,112,0.2,179.2,114,65.2,False
NG-00503,2024-05-17,North,Online,Living,Linen Throw,2,96,0,192,98,94,False
NG-00504,2024-05-17,North,Online,Everyday,Insulated Bottle,3,42,0.05,119.7,54,65.7,False
NG-00505,2024-05-17,North,Online,Kitchen,Cast Iron Pan,1,135,0.1,121.5,80,41.5,False
NG-00506,2024-05-17,West,Marketplace,Home Office,Desk Lamp,1,58,0.05,55.1,28,27.1,False
NG-00507,2024-05-17,North,Marketplace,Everyday,Canvas Tote,3,32,0.05,0,0,0,True
NG-00508,2024-05-18,West,Online,Everyday,Travel Backpack,1,129,0.1,0,0,0,True
NG-00509,2024-05-18,West,Marketplace,Kitchen,Cast Iron Pan,1,135,0.05,128.25,80,48.25,False
NG-00510,2024-05-18,South,Online,Everyday,Insulated Bottle,2,42,0,84,36,48,False
NG-00511,2024-05-18,East,Retail,Home Office,Ergonomic Chair,1,245,0.05,232.75,144,88.75,False
NG-00512,2024-05-18,West,Online,Everyday,Insulated Bottle,2,42,0,84,36,48,False
NG-00513,2024-05-18,North,Online,Everyday,Insulated Bottle,1,42,0.05,39.9,18,21.9,False
NG-00514,2024-05-19,East,Online,Everyday,Insulated Bottle,1,42,0.05,39.9,18,21.9,False
NG-00515,2024-05-19,East,Online,Kitchen,Cast Iron Pan,1,135,0.15,114.75,80,34.75,False
NG-00516,2024-05-19,East,Retail,Everyday,Travel Backpack,1,129,0,129,68,61,False
NG-00517,2024-05-19,West,Online,Everyday,Canvas Tote,1,32,0,32,12,20,False
NG-00518,2024-05-19,North,Online,Kitchen,Pour Over Kit,1,79,0,79,38,41,False
NG-00519,2024-05-19,North,Online,Kitchen,Ceramic Dinner Set,1,112,0,112,57,55,False
NG-00520,2024-05-19,South,Retail,Living,Accent Cushion,1,46,0.05,43.7,20,23.7,False
NG-00521,2024-05-19,South,Marketplace,Everyday,Travel Backpack,2,129,0.2,206.4,136,70.4,False
NG-00522,2024-05-20,West,Retail,Kitchen,Ceramic Dinner Set,1,112,0,112,57,55,False
NG-00523,2024-05-20,North,Marketplace,Home Office,Monitor Riser,2,72,0.05,136.8,66,70.8,False
NG-00524,2024-05-20,South,Online,Everyday,Canvas Tote,2,32,0,64,24,40,False
NG-00525,2024-05-20,South,Online,Kitchen,Cast Iron Pan,1,135,0,135,80,55,False
NG-00526,2024-05-21,West,Online,Home Office,Monitor Riser,2,72,0.1,129.6,66,63.6,False
NG-00527,2024-05-21,South,Online,Home Office,Monitor Riser,1,72,0,72,33,39,False
NG-00528,2024-05-22,East,Retail,Everyday,Insulated Bottle,1,42,0,42,18,24,False
NG-00529,2024-05-22,East,Online,Everyday,Canvas Tote,1,32,0,32,12,20,False
NG-00530,2024-05-22,North,Online,Everyday,Travel Backpack,2,129,0.2,206.4,136,70.4,False
NG-00531,2024-05-22,North,Online,Living,Accent Cushion,3,46,0.1,124.2,60,64.2,False
NG-00532,2024-05-22,East,Marketplace,Home Office,Desk Lamp,1,58,0.05,55.1,28,27.1,False
NG-00533,2024-05-23,South,Retail,Home Office,Ergonomic Chair,1,245,0,245,144,101,False
NG-00534,2024-05-23,East,Online,Home Office,Monitor Riser,1,72,0,72,33,39,False
NG-00535,2024-05-23,North,Retail,Everyday,Canvas Tote,4,32,0,128,48,80,False
NG-00536,2024-05-23,South,Online,Everyday,Insulated Bottle,1,42,0,42,18,24,False
NG-00537,2024-05-23,South,Online,Kitchen,Cast Iron Pan,2,135,0,270,160,110,False
NG-00538,2024-05-23,East,Retail,Everyday,Canvas Tote,1,32,0,32,12,20,False
NG-00539,2024-05-24,South,Retail,Everyday,Canvas Tote,2,32,0.1,57.6,24,33.6,False
NG-00540,2024-05-24,West,Online,Everyday,Travel Backpack,1,129,0.05,122.55,68,54.55,False
NG-00541,2024-05-24,North,Online,Living,Accent Cushion,1,46,0.05,43.7,20,23.7,False
NG-00542,2024-05-24,North,Online,Everyday,Insulated Bottle,1,42,0.05,39.9,18,21.9,False
NG-00543,2024-05-24,South,Marketplace,Everyday,Insulated Bottle,1,42,0.05,39.9,18,21.9,False
NG-00544,2024-05-24,South,Marketplace,Living,Linen Throw,1,96,0.15,81.6,49,32.6,False
NG-00545,2024-05-25,West,Online,Living,Accent Cushion,1,46,0,46,20,26,False
NG-00546,2024-05-25,West,Online,Home Office,Monitor Riser,1,72,0,72,33,39,False
NG-00547,2024-05-25,South,Online,Everyday,Canvas Tote,2,32,0.1,57.6,24,33.6,False
NG-00548,2024-05-25,North,Online,Home Office,Desk Lamp,1,58,0.2,46.4,28,18.4,False
NG-00549,2024-05-25,North,Retail,Everyday,Travel Backpack,3,129,0.15,328.95,204,124.95,False
NG-00550,2024-05-25,North,Retail,Kitchen,Pour Over Kit,1,79,0,79,38,41,False
NG-00551,2024-05-26,North,Online,Home Office,Ergonomic Chair,1,245,0.1,220.5,144,76.5,False
NG-00552,2024-05-26,North,Marketplace,Kitchen,Pour Over Kit,2,79,0.05,150.1,76,74.1,False
NG-00553,2024-05-26,East,Online,Living,Linen Throw,1,96,0,96,49,47,False
NG-00554,2024-05-27,South,Online,Kitchen,Ceramic Dinner Set,1,112,0,112,57,55,False
NG-00555,2024-05-27,South,Online,Living,Accent Cushion,3,46,0,138,60,78,False
NG-00556,2024-05-27,South,Retail,Living,Accent Cushion,1,46,0.1,41.4,20,21.4,False
NG-00557,2024-05-27,North,Online,Living,Accent Cushion,1,46,0,46,20,26,False
NG-00558,2024-05-27,North,Retail,Home Office,Desk Lamp,3,58,0.05,165.3,84,81.3,False
NG-00559,2024-05-27,South,Online,Everyday,Canvas Tote,1,32,0.1,28.8,12,16.8,False
NG-00560,2024-05-27,East,Online,Kitchen,Pour Over Kit,1,79,0,79,38,41,False
NG-00561,2024-05-27,East,Marketplace,Kitchen,Ceramic Dinner Set,1,112,0.05,106.4,57,49.4,False
NG-00562,2024-05-27,East,Online,Kitchen,Pour Over Kit,1,79,0,79,38,41,False
NG-00563,2024-05-27,East,Marketplace,Living,Accent Cushion,1,46,0.2,36.8,20,16.8,False
NG-00564,2024-05-27,East,Retail,Home Office,Monitor Riser,2,72,0,144,66,78,False
NG-00565,2024-05-28,East,Online,Home Office,Desk Lamp,1,58,0.2,46.4,28,18.4,False
NG-00566,2024-05-28,North,Retail,Living,Linen Throw,1,96,0,96,49,47,False
NG-00567,2024-05-29,East,Retail,Kitchen,Ceramic Dinner Set,1,112,0.2,89.6,57,32.6,False
NG-00568,2024-05-29,East,Marketplace,Everyday,Canvas Tote,1,32,0.05,30.4,12,18.4,False
NG-00569,2024-05-29,North,Retail,Home Office,Desk Lamp,1,58,0,58,28,30,False
NG-00570,2024-05-29,North,Retail,Kitchen,Cast Iron Pan,1,135,0,135,80,55,False
NG-00571,2024-05-30,North,Retail,Living,Accent Cushion,1,46,0.2,36.8,20,16.8,False
NG-00572,2024-05-30,West,Online,Everyday,Insulated Bottle,1,42,0.05,39.9,18,21.9,False
NG-00573,2024-05-30,North,Retail,Everyday,Insulated Bottle,1,42,0,42,18,24,False
NG-00574,2024-05-30,West,Retail,Kitchen,Ceramic Dinner Set,2,112,0,224,114,110,False
NG-00575,2024-05-31,North,Online,Home Office,Ergonomic Chair,1,245,0.05,232.75,144,88.75,False
NG-00576,2024-05-31,West,Online,Everyday,Travel Backpack,1,129,0,129,68,61,False
NG-00577,2024-05-31,West,Online,Home Office,Monitor Riser,1,72,0,72,33,39,False
NG-00578,2024-05-31,East,Retail,Everyday,Canvas Tote,2,32,0.05,60.8,24,36.8,False
NG-00579,2024-05-31,South,Retail,Home Office,Monitor Riser,4,72,0.1,259.2,132,127.2,False
NG-00580,2024-05-31,South,Online,Living,Linen Throw,1,96,0.1,86.4,49,37.4,False
NG-00581,2024-06-01,North,Retail,Living,Linen Throw,1,96,0,96,49,47,False
NG-00582,2024-06-01,North,Online,Living,Accent Cushion,2,46,0.05,87.4,40,47.4,False
NG-00583,2024-06-01,West,Retail,Everyday,Canvas Tote,1,32,0.05,30.4,12,18.4,False
NG-00584,2024-06-01,East,Marketplace,Everyday,Insulated Bottle,1,42,0.05,39.9,18,21.9,False
NG-00585,2024-06-01,East,Retail,Living,Oak Side Table,1,189,0,189,112,77,False
NG-00586,2024-06-01,North,Retail,Living,Linen Throw,1,96,0,96,49,47,False
NG-00587,2024-06-01,South,Retail,Everyday,Canvas Tote,1,32,0,32,12,20,False
NG-00588,2024-06-02,North,Marketplace,Living,Accent Cushion,1,46,0.05,0,0,0,True
NG-00589,2024-06-02,South,Online,Living,Linen Throw,1,96,0.1,86.4,49,37.4,False
NG-00590,2024-06-02,West,Online,Kitchen,Ceramic Dinner Set,1,112,0,112,57,55,False
NG-00591,2024-06-02,South,Online,Living,Oak Side Table,1,189,0,189,112,77,False
NG-00592,2024-06-03,East,Retail,Kitchen,Ceramic Dinner Set,2,112,0.05,212.8,114,98.8,False
NG-00593,2024-06-03,North,Online,Home Office,Desk Lamp,2,58,0,116,56,60,False
NG-00594,2024-06-03,East,Retail,Home Office,Ergonomic Chair,1,245,0.1,220.5,144,76.5,False
NG-00595,2024-06-04,North,Online,Home Office,Desk Lamp,1,58,0.05,55.1,28,27.1,False
NG-00596,2024-06-04,West,Marketplace,Living,Linen Throw,1,96,0.05,91.2,49,42.2,False
NG-00597,2024-06-04,West,Retail,Everyday,Insulated Bottle,1,42,0,0,0,0,True
NG-00598,2024-06-05,West,Online,Kitchen,Ceramic Dinner Set,1,112,0.15,95.2,57,38.2,False
NG-00599,2024-06-05,North,Retail,Everyday,Insulated Bottle,1,42,0,42,18,24,False
NG-00600,2024-06-06,West,Retail,Living,Linen Throw,1,96,0,96,49,47,False
NG-00601,2024-06-06,North,Marketplace,Kitchen,Pour Over Kit,1,79,0.05,75.05,38,37.05,False
NG-00602,2024-06-06,East,Retail,Living,Accent Cushion,2,46,0.05,87.4,40,47.4,False
NG-00603,2024-06-06,South,Online,Living,Accent Cushion,1,46,0,46,20,26,False
NG-00604,2024-06-06,West,Online,Everyday,Insulated Bottle,2,42,0.05,79.8,36,43.8,False
NG-00605,2024-06-06,South,Online,Living,Accent Cushion,3,46,0.1,124.2,60,64.2,False
NG-00606,2024-06-06,East,Online,Living,Accent Cushion,1,46,0,46,20,26,False
NG-00607,2024-06-07,East,Online,Living,Linen Throw,1,96,0,96,49,47,False
NG-00608,2024-06-07,North,Online,Home Office,Desk Lamp,1,58,0,58,28,30,False
NG-00609,2024-06-07,North,Retail,Everyday,Insulated Bottle,2,42,0.1,75.6,36,39.6,False
NG-00610,2024-06-07,South,Retail,Living,Oak Side Table,3,189,0,567,336,231,False
NG-00611,2024-06-08,South,Retail,Everyday,Travel Backpack,1,129,0.15,109.65,68,41.65,False
NG-00612,2024-06-08,South,Marketplace,Home Office,Desk Lamp,3,58,0.05,165.3,84,81.3,False
NG-00613,2024-06-08,South,Marketplace,Home Office,Monitor Riser,1,72,0.05,68.4,33,35.4,False
NG-00614,2024-06-08,North,Online,Home Office,Monitor Riser,1,72,0.05,68.4,33,35.4,False
NG-00615,2024-06-09,South,Online,Living,Oak Side Table,1,189,0.05,179.55,112,67.55,False
NG-00616,2024-06-10,South,Marketplace,Home Office,Desk Lamp,1,58,0.1,52.2,28,24.2,False
NG-00617,2024-06-10,East,Retail,Living,Linen Throw,1,96,0.05,91.2,49,42.2,False
NG-00618,2024-06-10,North,Retail,Home Office,Desk Lamp,1,58,0,58,28,30,False
NG-00619,2024-06-11,East,Retail,Living,Accent Cushion,1,46,0,46,20,26,False
NG-00620,2024-06-11,East,Retail,Home Office,Monitor Riser,1,72,0.1,64.8,33,31.8,False
NG-00621,2024-06-11,South,Online,Living,Accent Cushion,4,46,0.05,174.8,80,94.8,False
NG-00622,2024-06-11,North,Marketplace,Everyday,Travel Backpack,1,129,0.1,116.1,68,48.1,False
NG-00623,2024-06-11,South,Retail,Kitchen,Cast Iron Pan,1,135,0.1,121.5,80,41.5,False
NG-00624,2024-06-11,East,Retail,Kitchen,Ceramic Dinner Set,1,112,0.05,106.4,57,49.4,False
NG-00625,2024-06-12,East,Online,Home Office,Ergonomic Chair,1,245,0.05,232.75,144,88.75,False
NG-00626,2024-06-12,South,Online,Kitchen,Cast Iron Pan,2,135,0,270,160,110,False
NG-00627,2024-06-12,East,Online,Everyday,Insulated Bottle,2,42,0,84,36,48,False
NG-00628,2024-06-13,South,Online,Everyday,Travel Backpack,1,129,0,129,68,61,False
NG-00629,2024-06-13,North,Online,Living,Linen Throw,1,96,0,96,49,47,False
NG-00630,2024-06-13,South,Retail,Living,Accent Cushion,1,46,0,46,20,26,False
NG-00631,2024-06-13,North,Retail,Everyday,Insulated Bottle,1,42,0.05,39.9,18,21.9,False
NG-00632,2024-06-13,East,Marketplace,Everyday,Travel Backpack,2,129,0.05,245.1,136,109.1,False
NG-00633,2024-06-13,East,Marketplace,Everyday,Insulated Bottle,2,42,0.05,79.8,36,43.8,False
NG-00634,2024-06-14,East,Marketplace,Everyday,Travel Backpack,1,129,0.15,109.65,68,41.65,False
NG-00635,2024-06-14,South,Marketplace,Home Office,Desk Lamp,3,58,0.1,156.6,84,72.6,False
NG-00636,2024-06-14,North,Retail,Everyday,Canvas Tote,1,32,0,32,12,20,False
NG-00637,2024-06-14,West,Online,Everyday,Canvas Tote,4,32,0.05,121.6,48,73.6,False
NG-00638,2024-06-15,West,Online,Everyday,Travel Backpack,1,129,0.05,122.55,68,54.55,False
NG-00639,2024-06-15,North,Marketplace,Living,Accent Cushion,1,46,0.05,43.7,20,23.7,False
NG-00640,2024-06-15,South,Online,Home Office,Monitor Riser,3,72,0,216,99,117,False
NG-00641,2024-06-15,North,Online,Kitchen,Ceramic Dinner Set,1,112,0,112,57,55,False
NG-00642,2024-06-16,West,Online,Everyday,Travel Backpack,2,129,0,258,136,122,False
NG-00643,2024-06-16,North,Retail,Kitchen,Cast Iron Pan,1,135,0,135,80,55,False
NG-00644,2024-06-16,East,Marketplace,Home Office,Ergonomic Chair,1,245,0.05,232.75,144,88.75,False
NG-00645,2024-06-16,South,Retail,Home Office,Monitor Riser,1,72,0,72,33,39,False
NG-00646,2024-06-16,North,Retail,Living,Linen Throw,2,96,0,192,98,94,False
NG-00647,2024-06-16,South,Online,Everyday,Canvas Tote,2,32,0,64,24,40,False
NG-00648,2024-06-17,East,Marketplace,Home Office,Desk Lamp,1,58,0.05,55.1,28,27.1,False
NG-00649,2024-06-17,West,Retail,Kitchen,Pour Over Kit,1,79,0.1,71.1,38,33.1,False
NG-00650,2024-06-17,North,Online,Home Office,Desk Lamp,1,58,0,58,28,30,False
NG-00651,2024-06-18,North,Marketplace,Living,Accent Cushion,1,46,0.05,43.7,20,23.7,False
NG-00652,2024-06-18,South,Online,Living,Accent Cushion,2,46,0.2,73.6,40,33.6,False
NG-00653,2024-06-18,West,Retail,Home Office,Desk Lamp,1,58,0,58,28,30,False
NG-00654,2024-06-18,East,Online,Everyday,Travel Backpack,1,129,0.1,116.1,68,48.1,False
NG-00655,2024-06-18,North,Online,Home Office,Desk Lamp,1,58,0,58,28,30,False
NG-00656,2024-06-18,North,Marketplace,Home Office,Monitor Riser,2,72,0.05,136.8,66,70.8,False
NG-00657,2024-06-18,North,Retail,Living,Accent Cushion,4,46,0.05,174.8,80,94.8,False
NG-00658,2024-06-18,North,Marketplace,Home Office,Monitor Riser,1,72,0.05,68.4,33,35.4,False
NG-00659,2024-06-19,East,Marketplace,Home Office,Desk Lamp,1,58,0.05,55.1,28,27.1,False
NG-00660,2024-06-19,East,Retail,Everyday,Canvas Tote,1,32,0.15,27.2,12,15.2,False
NG-00661,2024-06-19,South,Online,Living,Accent Cushion,1,46,0,46,20,26,False
NG-00662,2024-06-19,North,Online,Kitchen,Ceramic Dinner Set,2,112,0,224,114,110,False
NG-00663,2024-06-20,East,Marketplace,Living,Oak Side Table,1,189,0.05,179.55,112,67.55,False
NG-00664,2024-06-20,South,Online,Living,Accent Cushion,1,46,0,46,20,26,False
NG-00665,2024-06-20,South,Retail,Home Office,Desk Lamp,1,58,0,58,28,30,False
NG-00666,2024-06-20,East,Online,Everyday,Travel Backpack,1,129,0,129,68,61,False
NG-00667,2024-06-20,East,Retail,Everyday,Canvas Tote,1,32,0.05,30.4,12,18.4,False
NG-00668,2024-06-20,East,Marketplace,Everyday,Canvas Tote,1,32,0.05,30.4,12,18.4,False
NG-00669,2024-06-21,East,Online,Home Office,Desk Lamp,1,58,0,58,28,30,False
NG-00670,2024-06-21,West,Retail,Home Office,Ergonomic Chair,1,245,0,245,144,101,False
NG-00671,2024-06-21,South,Online,Living,Linen Throw,2,96,0,192,98,94,False
NG-00672,2024-06-22,South,Marketplace,Everyday,Insulated Bottle,1,42,0.05,39.9,18,21.9,False
NG-00673,2024-06-22,North,Retail,Home Office,Desk Lamp,1,58,0,58,28,30,False
NG-00674,2024-06-22,West,Online,Kitchen,Cast Iron Pan,3,135,0,0,0,0,True
NG-00675,2024-06-22,North,Online,Home Office,Monitor Riser,2,72,0.15,122.4,66,56.4,False
NG-00676,2024-06-23,North,Retail,Kitchen,Ceramic Dinner Set,1,112,0.15,95.2,57,38.2,False
NG-00677,2024-06-23,North,Retail,Kitchen,Cast Iron Pan,1,135,0,135,80,55,False
NG-00678,2024-06-23,South,Marketplace,Home Office,Desk Lamp,1,58,0.05,55.1,28,27.1,False
NG-00679,2024-06-23,South,Online,Living,Accent Cushion,1,46,0,46,20,26,False
NG-00680,2024-06-23,North,Marketplace,Living,Oak Side Table,1,189,0.15,160.65,112,48.65,False
NG-00681,2024-06-23,West,Retail,Home Office,Desk Lamp,1,58,0.15,49.3,28,21.3,False
NG-00682,2024-06-24,East,Online,Everyday,Insulated Bottle,2,42,0.05,79.8,36,43.8,False
NG-00683,2024-06-24,East,Retail,Everyday,Canvas Tote,2,32,0,64,24,40,False
NG-00684,2024-06-24,North,Marketplace,Living,Oak Side Table,1,189,0.1,170.1,112,58.1,False
NG-00685,2024-06-24,South,Online,Living,Accent Cushion,1,46,0.05,43.7,20,23.7,False
NG-00686,2024-06-24,North,Online,Living,Oak Side Table,1,189,0,189,112,77,False
NG-00687,2024-06-25,South,Online,Home Office,Monitor Riser,3,72,0.1,194.4,99,95.4,False
NG-00688,2024-06-25,East,Marketplace,Everyday,Travel Backpack,2,129,0.1,232.2,136,96.2,False
NG-00689,2024-06-25,North,Online,Home Office,Monitor Riser,2,72,0.2,115.2,66,49.2,False
NG-00690,2024-06-25,North,Online,Living,Accent Cushion,2,46,0,92,40,52,False
NG-00691,2024-06-26,North,Retail,Kitchen,Ceramic Dinner Set,1,112,0,112,57,55,False
NG-00692,2024-06-26,South,Online,Home Office,Desk Lamp,1,58,0.15,49.3,28,21.3,False
NG-00693,2024-06-26,North,Online,Home Office,Monitor Riser,2,72,0,144,66,78,False
NG-00694,2024-06-27,East,Online,Everyday,Travel Backpack,1,129,0.05,122.55,68,54.55,False
NG-00695,2024-06-27,North,Online,Everyday,Insulated Bottle,1,42,0,0,0,0,True
NG-00696,2024-06-27,East,Online,Everyday,Insulated Bottle,1,42,0.15,35.7,18,17.7,False
NG-00697,2024-06-27,East,Retail,Kitchen,Cast Iron Pan,1,135,0.05,128.25,80,48.25,False
NG-00698,2024-06-27,North,Online,Everyday,Insulated Bottle,1,42,0,42,18,24,False
NG-00699,2024-06-27,South,Retail,Kitchen,Pour Over Kit,1,79,0,79,38,41,False
NG-00700,2024-06-28,East,Retail,Home Office,Ergonomic Chair,1,245,0,245,144,101,False
NG-00701,2024-06-29,North,Online,Everyday,Canvas Tote,2,32,0,64,24,40,False
NG-00702,2024-06-29,East,Marketplace,Everyday,Canvas Tote,3,32,0.05,91.2,36,55.2,False
NG-00703,2024-06-29,South,Online,Kitchen,Ceramic Dinner Set,1,112,0.05,106.4,57,49.4,False
NG-00704,2024-06-30,East,Retail,Everyday,Insulated Bottle,1,42,0.15,35.7,18,17.7,False
NG-00705,2024-06-30,North,Retail,Living,Accent Cushion,1,46,0,46,20,26,False
NG-00706,2024-06-30,West,Online,Home Office,Desk Lamp,2,58,0.05,110.2,56,54.2,False
NG-00707,2024-06-30,South,Online,Living,Oak Side Table,1,189,0.15,160.65,112,48.65,False
NG-00708,2024-06-30,North,Retail,Home Office,Monitor Riser,1,72,0.1,64.8,33,31.8,False
NG-00709,2024-06-30,South,Retail,Everyday,Canvas Tote,1,32,0.05,30.4,12,18.4,False
NG-00710,2024-07-01,North,Online,Home Office,Monitor Riser,1,72,0,72,33,39,False
NG-00711,2024-07-01,South,Online,Home Office,Desk Lamp,1,58,0.15,49.3,28,21.3,False
NG-00712,2024-07-01,North,Online,Everyday,Insulated Bottle,1,42,0,0,0,0,True
NG-00713,2024-07-01,East,Marketplace,Kitchen,Pour Over Kit,2,79,0.1,142.2,76,66.2,False
NG-00714,2024-07-02,North,Retail,Kitchen,Cast Iron Pan,1,135,0,135,80,55,False
NG-00715,2024-07-02,West,Marketplace,Everyday,Insulated Bottle,1,42,0.05,39.9,18,21.9,False
NG-00716,2024-07-02,East,Online,Kitchen,Cast Iron Pan,1,135,0.15,114.75,80,34.75,False
NG-00717,2024-07-02,South,Marketplace,Home Office,Monitor Riser,4,72,0.05,273.6,132,141.6,False
NG-00718,2024-07-03,North,Online,Home Office,Ergonomic Chair,2,245,0.05,465.5,288,177.5,False
NG-00719,2024-07-03,West,Online,Everyday,Travel Backpack,1,129,0.05,122.55,68,54.55,False
NG-00720,2024-07-03,South,Online,Kitchen,Pour Over Kit,1,79,0,79,38,41,False
NG-00721,2024-07-03,West,Retail,Home Office,Monitor Riser,1,72,0,72,33,39,False
NG-00722,2024-07-03,South,Retail,Home Office,Ergonomic Chair,1,245,0.1,220.5,144,76.5,False
NG-00723,2024-07-03,North,Retail,Home Office,Monitor Riser,2,72,0,144,66,78,False
NG-00724,2024-07-04,South,Marketplace,Home Office,Monitor Riser,1,72,0.15,61.2,33,28.2,False
NG-00725,2024-07-04,West,Retail,Living,Linen Throw,1,96,0.05,91.2,49,42.2,False
NG-00726,2024-07-04,North,Marketplace,Everyday,Insulated Bottle,1,42,0.05,0,0,0,True
NG-00727,2024-07-04,East,Retail,Kitchen,Pour Over Kit,1,79,0.2,63.2,38,25.2,False
NG-00728,2024-07-05,North,Online,Everyday,Travel Backpack,2,129,0,258,136,122,False
NG-00729,2024-07-05,North,Retail,Everyday,Insulated Bottle,1,42,0.1,37.8,18,19.8,False
NG-00730,2024-07-05,West,Online,Everyday,Travel Backpack,1,129,0.05,122.55,68,54.55,False
NG-00731,2024-07-05,South,Retail,Home Office,Monitor Riser,1,72,0,72,33,39,False
NG-00732,2024-07-06,North,Retail,Home Office,Monitor Riser,1,72,0.2,57.6,33,24.6,False
NG-00733,2024-07-06,East,Marketplace,Living,Linen Throw,1,96,0.05,91.2,49,42.2,False
NG-00734,2024-07-06,East,Marketplace,Everyday,Canvas Tote,1,32,0.1,28.8,12,16.8,False
NG-00735,2024-07-06,East,Retail,Living,Linen Throw,1,96,0,96,49,47,False
NG-00736,2024-07-07,East,Marketplace,Home Office,Desk Lamp,1,58,0.05,0,0,0,True
NG-00737,2024-07-07,East,Online,Everyday,Insulated Bottle,1,42,0.15,35.7,18,17.7,False
NG-00738,2024-07-07,South,Retail,Kitchen,Pour Over Kit,1,79,0,79,38,41,False
NG-00739,2024-07-08,South,Retail,Home Office,Monitor Riser,2,72,0,144,66,78,False
NG-00740,2024-07-08,East,Marketplace,Kitchen,Ceramic Dinner Set,1,112,0.05,106.4,57,49.4,False
NG-00741,2024-07-08,South,Marketplace,Kitchen,Pour Over Kit,3,79,0.05,225.15,114,111.15,False
NG-00742,2024-07-08,West,Online,Everyday,Canvas Tote,1,32,0,32,12,20,False
NG-00743,2024-07-09,South,Retail,Everyday,Canvas Tote,1,32,0.05,30.4,12,18.4,False
NG-00744,2024-07-09,South,Online,Kitchen,Pour Over Kit,1,79,0.15,67.15,38,29.15,False
NG-00745,2024-07-09,West,Marketplace,Living,Oak Side Table,3,189,0.05,538.65,336,202.65,False
NG-00746,2024-07-09,West,Marketplace,Everyday,Insulated Bottle,1,42,0.1,37.8,18,19.8,False
NG-00747,2024-07-09,North,Retail,Home Office,Desk Lamp,2,58,0,116,56,60,False
NG-00748,2024-07-09,North,Online,Living,Accent Cushion,1,46,0,46,20,26,False
NG-00749,2024-07-10,North,Marketplace,Home Office,Monitor Riser,1,72,0.05,68.4,33,35.4,False
NG-00750,2024-07-10,East,Retail,Living,Accent Cushion,1,46,0.05,43.7,20,23.7,False
NG-00751,2024-07-10,East,Retail,Home Office,Desk Lamp,2,58,0,116,56,60,False
NG-00752,2024-07-10,North,Online,Kitchen,Ceramic Dinner Set,1,112,0.05,106.4,57,49.4,False
NG-00753,2024-07-10,North,Online,Kitchen,Pour Over Kit,1,79,0.05,75.05,38,37.05,False
NG-00754,2024-07-10,South,Online,Living,Linen Throw,1,96,0.15,81.6,49,32.6,False
NG-00755,2024-07-10,East,Online,Home Office,Desk Lamp,1,58,0,58,28,30,False
NG-00756,2024-07-11,North,Marketplace,Kitchen,Pour Over Kit,1,79,0.05,75.05,38,37.05,False
NG-00757,2024-07-11,North,Online,Everyday,Travel Backpack,1,129,0.1,116.1,68,48.1,False
NG-00758,2024-07-12,East,Marketplace,Kitchen,Cast Iron Pan,1,135,0.15,114.75,80,34.75,False
NG-00759,2024-07-12,North,Marketplace,Living,Accent Cushion,1,46,0.05,43.7,20,23.7,False
NG-00760,2024-07-12,South,Online,Home Office,Ergonomic Chair,1,245,0,245,144,101,False
NG-00761,2024-07-12,South,Marketplace,Everyday,Canvas Tote,1,32,0.05,30.4,12,18.4,False
NG-00762,2024-07-13,South,Online,Everyday,Canvas Tote,1,32,0.2,25.6,12,13.6,False
NG-00763,2024-07-13,South,Online,Everyday,Insulated Bottle,1,42,0,42,18,24,False
NG-00764,2024-07-13,West,Marketplace,Everyday,Canvas Tote,1,32,0.1,28.8,12,16.8,False
NG-00765,2024-07-13,North,Online,Living,Oak Side Table,3,189,0,567,336,231,False
NG-00766,2024-07-13,West,Marketplace,Everyday,Canvas Tote,1,32,0.1,28.8,12,16.8,False
NG-00767,2024-07-14,East,Online,Everyday,Insulated Bottle,2,42,0.05,79.8,36,43.8,False
NG-00768,2024-07-14,North,Marketplace,Home Office,Desk Lamp,3,58,0.05,165.3,84,81.3,False
NG-00769,2024-07-15,West,Marketplace,Living,Linen Throw,1,96,0.1,86.4,49,37.4,False
NG-00770,2024-07-16,South,Retail,Everyday,Insulated Bottle,1,42,0.05,39.9,18,21.9,False
NG-00771,2024-07-16,East,Marketplace,Home Office,Desk Lamp,2,58,0.1,104.4,56,48.4,False
NG-00772,2024-07-16,North,Online,Home Office,Ergonomic Chair,1,245,0,245,144,101,False
NG-00773,2024-07-16,North,Marketplace,Everyday,Insulated Bottle,2,42,0.05,79.8,36,43.8,False
NG-00774,2024-07-17,South,Marketplace,Kitchen,Cast Iron Pan,1,135,0.05,128.25,80,48.25,False
NG-00775,2024-07-17,West,Online,Home Office,Desk Lamp,4,58,0.1,208.8,112,96.8,False
NG-00776,2024-07-17,South,Online,Living,Linen Throw,4,96,0.05,364.8,196,168.8,False
NG-00777,2024-07-17,West,Online,Living,Accent Cushion,1,46,0,46,20,26,False
NG-00778,2024-07-17,South,Online,Everyday,Insulated Bottle,1,42,0,42,18,24,False
NG-00779,2024-07-18,East,Online,Living,Linen Throw,1,96,0.2,76.8,49,27.8,False
NG-00780,2024-07-19,South,Online,Home Office,Monitor Riser,1,72,0,72,33,39,False
NG-00781,2024-07-19,West,Retail,Home Office,Ergonomic Chair,1,245,0,245,144,101,False
NG-00782,2024-07-19,North,Retail,Everyday,Insulated Bottle,1,42,0,42,18,24,False
NG-00783,2024-07-20,East,Marketplace,Kitchen,Ceramic Dinner Set,1,112,0.05,106.4,57,49.4,False
NG-00784,2024-07-20,East,Marketplace,Kitchen,Cast Iron Pan,1,135,0.05,128.25,80,48.25,False
NG-00785,2024-07-20,East,Marketplace,Living,Accent Cushion,1,46,0.05,43.7,20,23.7,False
NG-00786,2024-07-20,South,Online,Home Office,Desk Lamp,3,58,0.05,165.3,84,81.3,False
NG-00787,2024-07-21,West,Online,Living,Oak Side Table,1,189,0.2,151.2,112,39.2,False
NG-00788,2024-07-21,South,Retail,Everyday,Canvas Tote,1,32,0.2,25.6,12,13.6,False
NG-00789,2024-07-21,East,Online,Kitchen,Pour Over Kit,1,79,0.15,67.15,38,29.15,False
NG-00790,2024-07-21,East,Retail,Home Office,Desk Lamp,2,58,0,116,56,60,False
NG-00791,2024-07-21,South,Online,Kitchen,Pour Over Kit,1,79,0.2,63.2,38,25.2,False
NG-00792,2024-07-21,North,Online,Living,Accent Cushion,3,46,0,138,60,78,False
NG-00793,2024-07-21,East,Retail,Kitchen,Ceramic Dinner Set,1,112,0,112,57,55,False
NG-00794,2024-07-22,West,Retail,Living,Linen Throw,1,96,0.05,91.2,49,42.2,False
NG-00795,2024-07-22,North,Retail,Living,Accent Cushion,1,46,0.15,39.1,20,19.1,False
NG-00796,2024-07-22,West,Online,Everyday,Insulated Bottle,1,42,0.15,35.7,18,17.7,False
NG-00797,2024-07-22,North,Marketplace,Kitchen,Pour Over Kit,2,79,0.1,142.2,76,66.2,False
NG-00798,2024-07-23,South,Online,Home Office,Desk Lamp,1,58,0,58,28,30,False
NG-00799,2024-07-23,East,Online,Living,Accent Cushion,1,46,0,46,20,26,False
NG-00800,2024-07-23,East,Online,Everyday,Travel Backpack,1,129,0,129,68,61,False
NG-00801,2024-07-23,West,Online,Kitchen,Pour Over Kit,1,79,0,79,38,41,False
NG-00802,2024-07-23,North,Marketplace,Home Office,Monitor Riser,1,72,0.15,61.2,33,28.2,False
NG-00803,2024-07-24,North,Online,Living,Linen Throw,1,96,0.15,81.6,49,32.6,False
NG-00804,2024-07-25,West,Retail,Kitchen,Pour Over Kit,2,79,0,158,76,82,False
NG-00805,2024-07-25,North,Online,Everyday,Travel Backpack,1,129,0,129,68,61,False
NG-00806,2024-07-25,North,Retail,Kitchen,Ceramic Dinner Set,1,112,0,112,57,55,False
NG-00807,2024-07-25,North,Retail,Everyday,Travel Backpack,1,129,0.05,122.55,68,54.55,False
NG-00808,2024-07-25,North,Online,Kitchen,Ceramic Dinner Set,1,112,0,0,0,0,True
NG-00809,2024-07-26,North,Marketplace,Kitchen,Ceramic Dinner Set,1,112,0.05,106.4,57,49.4,False
NG-00810,2024-07-26,West,Online,Living,Oak Side Table,3,189,0.05,538.65,336,202.65,False
NG-00811,2024-07-26,North,Retail,Everyday,Canvas Tote,1,32,0,32,12,20,False
NG-00812,2024-07-26,West,Marketplace,Everyday,Insulated Bottle,2,42,0.05,0,0,0,True
NG-00813,2024-07-26,West,Retail,Living,Linen Throw,1,96,0,96,49,47,False
NG-00814,2024-07-26,North,Online,Kitchen,Pour Over Kit,1,79,0.1,71.1,38,33.1,False
NG-00815,2024-07-26,East,Online,Kitchen,Ceramic Dinner Set,1,112,0,112,57,55,False
NG-00816,2024-07-26,North,Retail,Living,Linen Throw,1,96,0,96,49,47,False
NG-00817,2024-07-27,North,Retail,Home Office,Desk Lamp,1,58,0,58,28,30,False
NG-00818,2024-07-28,South,Retail,Living,Linen Throw,1,96,0,0,0,0,True
NG-00819,2024-07-28,South,Retail,Everyday,Canvas Tote,1,32,0,32,12,20,False
NG-00820,2024-07-28,West,Online,Living,Oak Side Table,2,189,0,0,0,0,True
NG-00821,2024-07-28,East,Online,Home Office,Desk Lamp,1,58,0,58,28,30,False
NG-00822,2024-07-28,West,Online,Kitchen,Pour Over Kit,1,79,0.1,71.1,38,33.1,False
NG-00823,2024-07-29,South,Online,Living,Linen Throw,1,96,0,96,49,47,False
NG-00824,2024-07-29,East,Online,Kitchen,Ceramic Dinner Set,1,112,0.1,100.8,57,43.8,False
NG-00825,2024-07-29,North,Online,Living,Accent Cushion,1,46,0,46,20,26,False
NG-00826,2024-07-30,South,Online,Living,Linen Throw,3,96,0.05,273.6,147,126.6,False
NG-00827,2024-07-30,East,Marketplace,Kitchen,Cast Iron Pan,1,135,0.05,128.25,80,48.25,False
NG-00828,2024-07-30,South,Online,Kitchen,Pour Over Kit,2,79,0.15,134.3,76,58.3,False
NG-00829,2024-07-30,South,Online,Home Office,Monitor Riser,1,72,0.2,57.6,33,24.6,False
NG-00830,2024-07-31,West,Marketplace,Living,Linen Throw,1,96,0.05,91.2,49,42.2,False
NG-00831,2024-07-31,East,Online,Living,Linen Throw,1,96,0,96,49,47,False
NG-00832,2024-07-31,East,Online,Everyday,Travel Backpack,1,129,0.15,109.65,68,41.65,False
NG-00833,2024-07-31,East,Retail,Living,Accent Cushion,1,46,0.05,43.7,20,23.7,False
NG-00834,2024-08-01,South,Retail,Living,Linen Throw,4,96,0,384,196,188,False
NG-00835,2024-08-01,South,Marketplace,Everyday,Travel Backpack,1,129,0.05,122.55,68,54.55,False
NG-00836,2024-08-01,North,Marketplace,Kitchen,Cast Iron Pan,1,135,0.1,121.5,80,41.5,False
NG-00837,2024-08-01,East,Online,Everyday,Travel Backpack,3,129,0.15,328.95,204,124.95,False
NG-00838,2024-08-01,East,Retail,Living,Oak Side Table,1,189,0,189,112,77,False
NG-00839,2024-08-01,East,Marketplace,Kitchen,Pour Over Kit,1,79,0.15,67.15,38,29.15,False
NG-00840,2024-08-02,East,Online,Home Office,Desk Lamp,1,58,0.1,52.2,28,24.2,False
NG-00841,2024-08-02,North,Marketplace,Home Office,Monitor Riser,1,72,0.05,68.4,33,35.4,False
NG-00842,2024-08-02,North,Marketplace,Everyday,Insulated Bottle,1,42,0.05,39.9,18,21.9,False
NG-00843,2024-08-02,North,Marketplace,Home Office,Desk Lamp,1,58,0.05,55.1,28,27.1,False
NG-00844,2024-08-03,North,Online,Everyday,Canvas Tote,1,32,0,32,12,20,False
NG-00845,2024-08-03,South,Retail,Everyday,Canvas Tote,2,32,0,64,24,40,False
NG-00846,2024-08-03,North,Marketplace,Living,Accent Cushion,1,46,0.05,43.7,20,23.7,False
NG-00847,2024-08-03,West,Retail,Everyday,Travel Backpack,1,129,0,129,68,61,False
NG-00848,2024-08-04,South,Online,Everyday,Insulated Bottle,4,42,0,168,72,96,False
NG-00849,2024-08-04,East,Marketplace,Living,Oak Side Table,2,189,0.05,359.1,224,135.1,False
NG-00850,2024-08-04,North,Marketplace,Living,Linen Throw,1,96,0.05,91.2,49,42.2,False
NG-00851,2024-08-04,North,Online,Everyday,Canvas Tote,2,32,0.1,57.6,24,33.6,False
NG-00852,2024-08-04,North,Online,Living,Linen Throw,2,96,0.1,172.8,98,74.8,False
NG-00853,2024-08-04,South,Online,Living,Accent Cushion,1,46,0,46,20,26,False
NG-00854,2024-08-04,South,Retail,Everyday,Insulated Bottle,1,42,0.05,39.9,18,21.9,False
NG-00855,2024-08-05,West,Retail,Everyday,Insulated Bottle,1,42,0.1,37.8,18,19.8,False
NG-00856,2024-08-05,South,Marketplace,Living,Accent Cushion,1,46,0.05,43.7,20,23.7,False
NG-00857,2024-08-05,West,Retail,Living,Accent Cushion,1,46,0,46,20,26,False
NG-00858,2024-08-05,East,Retail,Home Office,Desk Lamp,3,58,0,174,84,90,False
NG-00859,2024-08-06,East,Retail,Everyday,Insulated Bottle,2,42,0,84,36,48,False
NG-00860,2024-08-06,South,Retail,Living,Oak Side Table,1,189,0.1,170.1,112,58.1,False
NG-00861,2024-08-06,East,Online,Living,Accent Cushion,2,46,0.1,82.8,40,42.8,False
NG-00862,2024-08-06,East,Retail,Home Office,Desk Lamp,1,58,0.15,49.3,28,21.3,False
NG-00863,2024-08-06,South,Online,Living,Linen Throw,4,96,0.15,326.4,196,130.4,False
NG-00864,2024-08-06,South,Retail,Home Office,Monitor Riser,1,72,0,72,33,39,False
NG-00865,2024-08-06,West,Marketplace,Home Office,Monitor Riser,1,72,0.05,68.4,33,35.4,False
NG-00866,2024-08-07,North,Marketplace,Home Office,Monitor Riser,1,72,0.05,0,0,0,True
NG-00867,2024-08-07,North,Retail,Living,Linen Throw,2,96,0.1,172.8,98,74.8,False
NG-00868,2024-08-08,South,Retail,Living,Accent Cushion,1,46,0.15,39.1,20,19.1,False
NG-00869,2024-08-08,South,Retail,Living,Accent Cushion,1,46,0.1,41.4,20,21.4,False
NG-00870,2024-08-08,South,Retail,Living,Linen Throw,2,96,0,192,98,94,False
NG-00871,2024-08-08,East,Retail,Living,Accent Cushion,1,46,0,46,20,26,False
NG-00872,2024-08-08,West,Online,Home Office,Monitor Riser,1,72,0,72,33,39,False
NG-00873,2024-08-08,South,Online,Everyday,Insulated Bottle,1,42,0.1,0,0,0,True
NG-00874,2024-08-08,North,Marketplace,Everyday,Insulated Bottle,2,42,0.05,79.8,36,43.8,False
NG-00875,2024-08-09,West,Online,Living,Oak Side Table,2,189,0.15,321.3,224,97.3,False
NG-00876,2024-08-09,North,Marketplace,Everyday,Insulated Bottle,2,42,0.1,75.6,36,39.6,False
NG-00877,2024-08-09,West,Marketplace,Home Office,Desk Lamp,2,58,0.05,110.2,56,54.2,False
NG-00878,2024-08-09,West,Online,Everyday,Insulated Bottle,1,42,0.05,39.9,18,21.9,False
NG-00879,2024-08-10,West,Retail,Everyday,Canvas Tote,1,32,0.05,30.4,12,18.4,False
NG-00880,2024-08-10,West,Online,Everyday,Travel Backpack,1,129,0,129,68,61,False
NG-00881,2024-08-10,East,Marketplace,Everyday,Canvas Tote,1,32,0.05,30.4,12,18.4,False
NG-00882,2024-08-10,South,Marketplace,Living,Accent Cushion,1,46,0.15,39.1,20,19.1,False
NG-00883,2024-08-11,North,Marketplace,Living,Oak Side Table,3,189,0.05,538.65,336,202.65,False
NG-00884,2024-08-11,East,Marketplace,Kitchen,Pour Over Kit,1,79,0.1,71.1,38,33.1,False
NG-00885,2024-08-11,West,Retail,Kitchen,Pour Over Kit,1,79,0,79,38,41,False
NG-00886,2024-08-12,North,Online,Everyday,Canvas Tote,1,32,0,32,12,20,False
NG-00887,2024-08-12,South,Marketplace,Everyday,Insulated Bottle,1,42,0.05,39.9,18,21.9,False
NG-00888,2024-08-13,North,Retail,Living,Linen Throw,3,96,0.05,273.6,147,126.6,False
NG-00889,2024-08-14,North,Retail,Home Office,Ergonomic Chair,1,245,0,245,144,101,False
NG-00890,2024-08-14,South,Retail,Home Office,Desk Lamp,1,58,0.2,46.4,28,18.4,False
NG-00891,2024-08-14,North,Online,Home Office,Desk Lamp,3,58,0,174,84,90,False
NG-00892,2024-08-14,North,Marketplace,Everyday,Insulated Bottle,1,42,0.05,39.9,18,21.9,False
NG-00893,2024-08-15,South,Marketplace,Everyday,Insulated Bottle,3,42,0.1,113.4,54,59.4,False
NG-00894,2024-08-15,North,Retail,Home Office,Monitor Riser,2,72,0,144,66,78,False
NG-00895,2024-08-15,South,Online,Everyday,Travel Backpack,1,129,0.15,109.65,68,41.65,False
NG-00896,2024-08-15,South,Online,Living,Linen Throw,1,96,0,96,49,47,False
NG-00897,2024-08-16,South,Online,Living,Linen Throw,1,96,0.05,91.2,49,42.2,False
NG-00898,2024-08-16,North,Marketplace,Everyday,Travel Backpack,1,129,0.05,122.55,68,54.55,False
NG-00899,2024-08-16,West,Online,Everyday,Insulated Bottle,1,42,0,42,18,24,False
NG-00900,2024-08-17,East,Online,Everyday,Canvas Tote,1,32,0.05,30.4,12,18.4,False
NG-00901,2024-08-17,North,Marketplace,Kitchen,Ceramic Dinner Set,1,112,0.05,106.4,57,49.4,False
NG-00902,2024-08-17,East,Retail,Everyday,Travel Backpack,1,129,0.05,122.55,68,54.55,False
NG-00903,2024-08-17,South,Online,Everyday,Canvas Tote,1,32,0,32,12,20,False
NG-00904,2024-08-17,North,Online,Everyday,Insulated Bottle,1,42,0,42,18,24,False
NG-00905,2024-08-17,South,Marketplace,Living,Accent Cushion,1,46,0.15,39.1,20,19.1,False
NG-00906,2024-08-18,North,Online,Home Office,Ergonomic Chair,3,245,0,735,432,303,False
NG-00907,2024-08-18,West,Retail,Home Office,Monitor Riser,1,72,0,72,33,39,False
NG-00908,2024-08-18,West,Retail,Home Office,Monitor Riser,1,72,0,72,33,39,False
NG-00909,2024-08-18,East,Retail,Kitchen,Cast Iron Pan,2,135,0,270,160,110,False
NG-00910,2024-08-18,North,Online,Everyday,Insulated Bottle,1,42,0.1,37.8,18,19.8,False
NG-00911,2024-08-18,West,Marketplace,Kitchen,Cast Iron Pan,1,135,0.05,128.25,80,48.25,False
NG-00912,2024-08-18,North,Marketplace,Living,Linen Throw,1,96,0.1,86.4,49,37.4,False
NG-00913,2024-08-18,East,Online,Everyday,Insulated Bottle,1,42,0.1,37.8,18,19.8,False
NG-00914,2024-08-18,North,Retail,Living,Accent Cushion,1,46,0,46,20,26,False
NG-00915,2024-08-18,East,Marketplace,Kitchen,Pour Over Kit,1,79,0.1,71.1,38,33.1,False
NG-00916,2024-08-19,East,Online,Living,Oak Side Table,2,189,0.2,302.4,224,78.4,False
NG-00917,2024-08-19,South,Online,Living,Oak Side Table,1,189,0,189,112,77,False
NG-00918,2024-08-20,West,Marketplace,Everyday,Canvas Tote,4,32,0.05,121.6,48,73.6,False
NG-00919,2024-08-20,East,Online,Kitchen,Ceramic Dinner Set,1,112,0,112,57,55,False
NG-00920,2024-08-20,North,Retail,Living,Accent Cushion,1,46,0,46,20,26,False
NG-00921,2024-08-20,North,Retail,Home Office,Monitor Riser,3,72,0,216,99,117,False
NG-00922,2024-08-21,East,Online,Everyday,Insulated Bottle,2,42,0,84,36,48,False
NG-00923,2024-08-21,South,Marketplace,Home Office,Monitor Riser,2,72,0.05,136.8,66,70.8,False
NG-00924,2024-08-21,South,Retail,Living,Accent Cushion,1,46,0,46,20,26,False
NG-00925,2024-08-21,South,Online,Kitchen,Ceramic Dinner Set,1,112,0.15,95.2,57,38.2,False
NG-00926,2024-08-21,East,Marketplace,Living,Oak Side Table,2,189,0.05,359.1,224,135.1,False
NG-00927,2024-08-21,North,Retail,Kitchen,Pour Over Kit,1,79,0,79,38,41,False
NG-00928,2024-08-21,South,Marketplace,Home Office,Desk Lamp,1,58,0.05,55.1,28,27.1,False
NG-00929,2024-08-22,East,Retail,Living,Accent Cushion,1,46,0,46,20,26,False
NG-00930,2024-08-22,South,Marketplace,Living,Oak Side Table,2,189,0.05,359.1,224,135.1,False
NG-00931,2024-08-22,West,Marketplace,Living,Linen Throw,1,96,0.05,0,0,0,True
NG-00932,2024-08-22,North,Retail,Living,Linen Throw,1,96,0,96,49,47,False
NG-00933,2024-08-22,East,Online,Everyday,Canvas Tote,3,32,0,96,36,60,False
NG-00934,2024-08-23,North,Online,Everyday,Travel Backpack,2,129,0.1,232.2,136,96.2,False
NG-00935,2024-08-23,North,Retail,Kitchen,Pour Over Kit,1,79,0,79,38,41,False
NG-00936,2024-08-23,East,Retail,Home Office,Monitor Riser,1,72,0.05,68.4,33,35.4,False
NG-00937,2024-08-23,North,Marketplace,Kitchen,Ceramic Dinner Set,1,112,0.05,106.4,57,49.4,False
NG-00938,2024-08-24,North,Retail,Everyday,Canvas Tote,2,32,0,64,24,40,False
NG-00939,2024-08-24,East,Retail,Kitchen,Pour Over Kit,1,79,0.1,71.1,38,33.1,False
NG-00940,2024-08-24,East,Online,Home Office,Monitor Riser,1,72,0,72,33,39,False
NG-00941,2024-08-24,South,Online,Everyday,Canvas Tote,1,32,0,32,12,20,False
NG-00942,2024-08-24,North,Online,Kitchen,Ceramic Dinner Set,1,112,0,112,57,55,False
NG-00943,2024-08-24,North,Retail,Living,Linen Throw,1,96,0,96,49,47,False
NG-00944,2024-08-24,South,Retail,Everyday,Canvas Tote,1,32,0,32,12,20,False
NG-00945,2024-08-24,East,Retail,Living,Accent Cushion,1,46,0.15,39.1,20,19.1,False
NG-00946,2024-08-25,West,Online,Everyday,Canvas Tote,1,32,0.05,30.4,12,18.4,False
NG-00947,2024-08-25,East,Online,Everyday,Canvas Tote,1,32,0,32,12,20,False
NG-00948,2024-08-25,North,Online,Everyday,Insulated Bottle,2,42,0.15,71.4,36,35.4,False
NG-00949,2024-08-25,West,Marketplace,Home Office,Monitor Riser,1,72,0.05,68.4,33,35.4,False
NG-00950,2024-08-26,East,Retail,Home Office,Monitor Riser,1,72,0.1,64.8,33,31.8,False
NG-00951,2024-08-26,North,Retail,Everyday,Canvas Tote,1,32,0,32,12,20,False
NG-00952,2024-08-26,East,Retail,Everyday,Canvas Tote,1,32,0,32,12,20,False
NG-00953,2024-08-27,East,Marketplace,Everyday,Canvas Tote,1,32,0.05,0,0,0,True
NG-00954,2024-08-27,West,Online,Living,Accent Cushion,1,46,0,46,20,26,False
NG-00955,2024-08-27,West,Marketplace,Everyday,Insulated Bottle,2,42,0.05,79.8,36,43.8,False
NG-00956,2024-08-27,West,Online,Living,Accent Cushion,2,46,0,92,40,52,False
NG-00957,2024-08-27,North,Marketplace,Home Office,Ergonomic Chair,1,245,0.05,232.75,144,88.75,False
NG-00958,2024-08-27,North,Marketplace,Living,Linen Throw,1,96,0.1,86.4,49,37.4,False
NG-00959,2024-08-28,East,Marketplace,Everyday,Insulated Bottle,1,42,0.05,39.9,18,21.9,False
NG-00960,2024-08-28,South,Online,Kitchen,Cast Iron Pan,1,135,0,135,80,55,False
NG-00961,2024-08-28,West,Online,Everyday,Travel Backpack,2,129,0.05,245.1,136,109.1,False
NG-00962,2024-08-28,West,Retail,Everyday,Insulated Bottle,1,42,0,42,18,24,False
NG-00963,2024-08-29,South,Retail,Everyday,Insulated Bottle,1,42,0,42,18,24,False
NG-00964,2024-08-29,West,Marketplace,Kitchen,Ceramic Dinner Set,1,112,0.2,89.6,57,32.6,False
NG-00965,2024-08-30,North,Online,Kitchen,Cast Iron Pan,2,135,0,270,160,110,False
NG-00966,2024-08-30,North,Online,Living,Accent Cushion,1,46,0,46,20,26,False
NG-00967,2024-08-30,East,Online,Everyday,Travel Backpack,1,129,0,0,0,0,True
NG-00968,2024-08-30,North,Marketplace,Everyday,Insulated Bottle,2,42,0.05,79.8,36,43.8,False
NG-00969,2024-08-31,North,Marketplace,Living,Oak Side Table,3,189,0.05,538.65,336,202.65,False
NG-00970,2024-08-31,North,Retail,Home Office,Ergonomic Chair,1,245,0,245,144,101,False
NG-00971,2024-08-31,North,Retail,Kitchen,Ceramic Dinner Set,1,112,0,112,57,55,False
NG-00972,2024-08-31,East,Marketplace,Kitchen,Ceramic Dinner Set,2,112,0.05,212.8,114,98.8,False
NG-00973,2024-08-31,East,Online,Everyday,Insulated Bottle,1,42,0,42,18,24,False
NG-00974,2024-09-01,North,Online,Home Office,Monitor Riser,1,72,0.1,64.8,33,31.8,False
NG-00975,2024-09-01,West,Online,Living,Accent Cushion,1,46,0,46,20,26,False
NG-00976,2024-09-01,North,Retail,Living,Accent Cushion,1,46,0,46,20,26,False
NG-00977,2024-09-01,North,Online,Home Office,Desk Lamp,2,58,0.05,110.2,56,54.2,False
NG-00978,2024-09-01,South,Retail,Kitchen,Pour Over Kit,1,79,0,79,38,41,False
NG-00979,2024-09-01,South,Marketplace,Kitchen,Ceramic Dinner Set,1,112,0.05,106.4,57,49.4,False
NG-00980,2024-09-01,North,Marketplace,Home Office,Desk Lamp,2,58,0.05,110.2,56,54.2,False
NG-00981,2024-09-02,South,Online,Living,Linen Throw,2,96,0.05,182.4,98,84.4,False
NG-00982,2024-09-02,East,Retail,Kitchen,Pour Over Kit,1,79,0,79,38,41,False
NG-00983,2024-09-02,North,Online,Home Office,Monitor Riser,1,72,0,72,33,39,False
NG-00984,2024-09-02,East,Online,Everyday,Travel Backpack,1,129,0.15,109.65,68,41.65,False
NG-00985,2024-09-03,North,Marketplace,Home Office,Desk Lamp,1,58,0.05,55.1,28,27.1,False
NG-00986,2024-09-03,North,Online,Home Office,Desk Lamp,2,58,0.1,0,0,0,True
NG-00987,2024-09-03,East,Retail,Kitchen,Cast Iron Pan,1,135,0,135,80,55,False
NG-00988,2024-09-03,West,Online,Everyday,Travel Backpack,2,129,0,258,136,122,False
NG-00989,2024-09-03,North,Retail,Living,Accent Cushion,1,46,0.1,41.4,20,21.4,False
NG-00990,2024-09-04,South,Online,Living,Linen Throw,1,96,0,96,49,47,False
NG-00991,2024-09-04,South,Online,Home Office,Desk Lamp,1,58,0,0,0,0,True
NG-00992,2024-09-04,South,Marketplace,Everyday,Canvas Tote,1,32,0.05,30.4,12,18.4,False
NG-00993,2024-09-04,West,Marketplace,Everyday,Travel Backpack,1,129,0.05,122.55,68,54.55,False
NG-00994,2024-09-04,West,Retail,Kitchen,Pour Over Kit,1,79,0.1,71.1,38,33.1,False
NG-00995,2024-09-04,East,Online,Kitchen,Pour Over Kit,1,79,0.15,67.15,38,29.15,False
NG-00996,2024-09-05,North,Online,Home Office,Desk Lamp,1,58,0,58,28,30,False
NG-00997,2024-09-05,South,Online,Everyday,Canvas Tote,1,32,0.05,30.4,12,18.4,False
NG-00998,2024-09-05,East,Marketplace,Living,Accent Cushion,1,46,0.1,41.4,20,21.4,False
NG-00999,2024-09-05,East,Online,Everyday,Insulated Bottle,1,42,0,42,18,24,False
NG-01000,2024-09-05,West,Marketplace,Kitchen,Pour Over Kit,1,79,0.1,71.1,38,33.1,False
NG-01001,2024-09-06,West,Online,Everyday,Insulated Bottle,3,42,0,126,54,72,False
NG-01002,2024-09-06,East,Retail,Everyday,Canvas Tote,1,32,0.05,30.4,12,18.4,False
NG-01003,2024-09-06,West,Retail,Living,Accent Cushion,1,46,0,46,20,26,False
NG-01004,2024-09-06,West,Marketplace,Everyday,Travel Backpack,4,129,0.15,438.6,272,166.6,False
NG-01005,2024-09-06,East,Online,Kitchen,Cast Iron Pan,1,135,0,135,80,55,False
NG-01006,2024-09-07,North,Marketplace,Everyday,Canvas Tote,2,32,0.05,60.8,24,36.8,False
NG-01007,2024-09-07,South,Retail,Home Office,Desk Lamp,1,58,0,58,28,30,False
NG-01008,2024-09-07,West,Online,Everyday,Insulated Bottle,1,42,0.15,35.7,18,17.7,False
NG-01009,2024-09-07,South,Online,Everyday,Insulated Bottle,1,42,0.2,33.6,18,15.6,False
NG-01010,2024-09-07,East,Online,Home Office,Ergonomic Chair,2,245,0,490,288,202,False
NG-01011,2024-09-07,North,Retail,Kitchen,Ceramic Dinner Set,1,112,0,112,57,55,False
NG-01012,2024-09-08,South,Marketplace,Home Office,Desk Lamp,1,58,0.05,55.1,28,27.1,False
NG-01013,2024-09-08,South,Retail,Everyday,Canvas Tote,1,32,0,32,12,20,False
NG-01014,2024-09-08,East,Marketplace,Kitchen,Pour Over Kit,2,79,0.05,150.1,76,74.1,False
NG-01015,2024-09-08,South,Retail,Kitchen,Ceramic Dinner Set,1,112,0,112,57,55,False
NG-01016,2024-09-08,North,Online,Living,Accent Cushion,1,46,0,46,20,26,False
NG-01017,2024-09-08,West,Marketplace,Living,Linen Throw,1,96,0.05,91.2,49,42.2,False
NG-01018,2024-09-08,West,Retail,Kitchen,Cast Iron Pan,1,135,0,135,80,55,False
NG-01019,2024-09-08,East,Online,Everyday,Canvas Tote,1,32,0,32,12,20,False
NG-01020,2024-09-08,South,Retail,Home Office,Desk Lamp,2,58,0,116,56,60,False
NG-01021,2024-09-08,South,Retail,Home Office,Desk Lamp,1,58,0,58,28,30,False
NG-01022,2024-09-09,South,Online,Everyday,Canvas Tote,3,32,0,96,36,60,False
NG-01023,2024-09-09,South,Marketplace,Kitchen,Pour Over Kit,1,79,0.1,71.1,38,33.1,False
NG-01024,2024-09-09,East,Retail,Kitchen,Ceramic Dinner Set,2,112,0.05,212.8,114,98.8,False
NG-01025,2024-09-09,North,Online,Kitchen,Pour Over Kit,1,79,0.2,63.2,38,25.2,False
NG-01026,2024-09-10,West,Online,Home Office,Desk Lamp,1,58,0.2,46.4,28,18.4,False
NG-01027,2024-09-10,South,Online,Home Office,Monitor Riser,1,72,0,72,33,39,False
NG-01028,2024-09-10,East,Retail,Kitchen,Ceramic Dinner Set,3,112,0.05,319.2,171,148.2,False
NG-01029,2024-09-10,North,Marketplace,Kitchen,Cast Iron Pan,1,135,0.1,121.5,80,41.5,False
NG-01030,2024-09-10,West,Marketplace,Home Office,Monitor Riser,1,72,0.05,68.4,33,35.4,False
NG-01031,2024-09-11,North,Online,Everyday,Insulated Bottle,1,42,0,42,18,24,False
NG-01032,2024-09-11,North,Marketplace,Home Office,Monitor Riser,1,72,0.1,64.8,33,31.8,False
NG-01033,2024-09-11,North,Retail,Everyday,Canvas Tote,1,32,0.1,28.8,12,16.8,False
NG-01034,2024-09-11,North,Online,Everyday,Canvas Tote,1,32,0,32,12,20,False
NG-01035,2024-09-11,East,Online,Kitchen,Cast Iron Pan,1,135,0.05,128.25,80,48.25,False
NG-01036,2024-09-11,South,Online,Living,Linen Throw,1,96,0,96,49,47,False
NG-01037,2024-09-12,South,Retail,Home Office,Desk Lamp,1,58,0.05,55.1,28,27.1,False
NG-01038,2024-09-12,North,Online,Everyday,Insulated Bottle,1,42,0.1,37.8,18,19.8,False
NG-01039,2024-09-12,North,Retail,Kitchen,Ceramic Dinner Set,1,112,0.1,100.8,57,43.8,False
NG-01040,2024-09-12,East,Retail,Living,Accent Cushion,2,46,0,92,40,52,False
NG-01041,2024-09-12,South,Online,Everyday,Travel Backpack,2,129,0.2,206.4,136,70.4,False
NG-01042,2024-09-12,South,Marketplace,Everyday,Canvas Tote,1,32,0.05,30.4,12,18.4,False
NG-01043,2024-09-13,East,Online,Living,Linen Throw,1,96,0,96,49,47,False
NG-01044,2024-09-13,East,Retail,Home Office,Monitor Riser,1,72,0.15,61.2,33,28.2,False
NG-01045,2024-09-13,South,Online,Kitchen,Pour Over Kit,2,79,0,158,76,82,False
NG-01046,2024-09-14,South,Retail,Home Office,Ergonomic Chair,1,245,0.05,232.75,144,88.75,False
NG-01047,2024-09-14,West,Retail,Kitchen,Pour Over Kit,1,79,0,79,38,41,False
NG-01048,2024-09-14,West,Online,Everyday,Insulated Bottle,2,42,0,84,36,48,False
NG-01049,2024-09-14,North,Retail,Home Office,Desk Lamp,3,58,0.05,0,0,0,True
NG-01050,2024-09-14,East,Retail,Everyday,Canvas Tote,1,32,0,32,12,20,False
NG-01051,2024-09-14,South,Retail,Home Office,Desk Lamp,1,58,0,58,28,30,False
NG-01052,2024-09-14,East,Online,Home Office,Ergonomic Chair,1,245,0.1,220.5,144,76.5,False
NG-01053,2024-09-15,South,Retail,Everyday,Insulated Bottle,2,42,0,84,36,48,False
NG-01054,2024-09-15,South,Retail,Everyday,Canvas Tote,3,32,0.05,91.2,36,55.2,False
NG-01055,2024-09-15,South,Retail,Everyday,Insulated Bottle,1,42,0,42,18,24,False
NG-01056,2024-09-15,North,Online,Home Office,Monitor Riser,1,72,0,72,33,39,False
NG-01057,2024-09-16,South,Retail,Home Office,Monitor Riser,1,72,0.05,68.4,33,35.4,False
NG-01058,2024-09-16,East,Retail,Everyday,Insulated Bottle,1,42,0.1,37.8,18,19.8,False
NG-01059,2024-09-17,North,Retail,Everyday,Insulated Bottle,2,42,0.15,71.4,36,35.4,False
NG-01060,2024-09-17,South,Online,Home Office,Monitor Riser,2,72,0.1,129.6,66,63.6,False
NG-01061,2024-09-17,North,Retail,Everyday,Canvas Tote,1,32,0.1,28.8,12,16.8,False
NG-01062,2024-09-17,North,Online,Living,Accent Cushion,1,46,0.15,39.1,20,19.1,False
NG-01063,2024-09-18,North,Retail,Everyday,Canvas Tote,1,32,0.1,28.8,12,16.8,False
NG-01064,2024-09-18,East,Retail,Kitchen,Ceramic Dinner Set,2,112,0,224,114,110,False
NG-01065,2024-09-18,North,Online,Living,Accent Cushion,2,46,0,92,40,52,False
NG-01066,2024-09-18,West,Marketplace,Kitchen,Ceramic Dinner Set,1,112,0.05,106.4,57,49.4,False
NG-01067,2024-09-18,West,Retail,Kitchen,Ceramic Dinner Set,1,112,0.05,106.4,57,49.4,False
NG-01068,2024-09-18,North,Retail,Living,Linen Throw,1,96,0,96,49,47,False
NG-01069,2024-09-18,East,Online,Living,Accent Cushion,1,46,0.2,36.8,20,16.8,False
NG-01070,2024-09-19,West,Online,Everyday,Insulated Bottle,3,42,0,126,54,72,False
NG-01071,2024-09-19,West,Online,Home Office,Monitor Riser,1,72,0,72,33,39,False
NG-01072,2024-09-19,East,Marketplace,Living,Accent Cushion,1,46,0.05,43.7,20,23.7,False
NG-01073,2024-09-19,West,Retail,Home Office,Desk Lamp,1,58,0,58,28,30,False
NG-01074,2024-09-20,South,Marketplace,Living,Oak Side Table,1,189,0.05,179.55,112,67.55,False
NG-01075,2024-09-20,North,Retail,Home Office,Monitor Riser,1,72,0.15,61.2,33,28.2,False
NG-01076,2024-09-20,North,Online,Home Office,Desk Lamp,1,58,0.15,49.3,28,21.3,False
NG-01077,2024-09-21,East,Online,Everyday,Insulated Bottle,3,42,0.1,113.4,54,59.4,False
NG-01078,2024-09-21,North,Retail,Home Office,Monitor Riser,1,72,0,72,33,39,False
NG-01079,2024-09-21,East,Online,Living,Linen Throw,4,96,0.15,326.4,196,130.4,False
NG-01080,2024-09-21,East,Marketplace,Kitchen,Ceramic Dinner Set,1,112,0.05,106.4,57,49.4,False
NG-01081,2024-09-21,West,Retail,Home Office,Ergonomic Chair,2,245,0,490,288,202,False
NG-01082,2024-09-22,North,Marketplace,Home Office,Monitor Riser,2,72,0.05,136.8,66,70.8,False
NG-01083,2024-09-22,West,Marketplace,Everyday,Insulated Bottle,1,42,0.05,39.9,18,21.9,False
NG-01084,2024-09-22,East,Retail,Everyday,Insulated Bottle,1,42,0.05,39.9,18,21.9,False
NG-01085,2024-09-22,West,Marketplace,Home Office,Desk Lamp,1,58,0.05,55.1,28,27.1,False
NG-01086,2024-09-22,South,Online,Everyday,Insulated Bottle,1,42,0.05,39.9,18,21.9,False
NG-01087,2024-09-23,South,Online,Home Office,Desk Lamp,1,58,0,58,28,30,False
NG-01088,2024-09-23,North,Retail,Everyday,Insulated Bottle,1,42,0.15,0,0,0,True
NG-01089,2024-09-23,North,Retail,Home Office,Desk Lamp,4,58,0.05,220.4,112,108.4,False
NG-01090,2024-09-23,North,Online,Living,Accent Cushion,2,46,0.15,78.2,40,38.2,False
NG-01091,2024-09-23,West,Online,Everyday,Insulated Bottle,1,42,0,42,18,24,False
NG-01092,2024-09-24,West,Marketplace,Kitchen,Pour Over Kit,1,79,0.15,67.15,38,29.15,False
NG-01093,2024-09-24,North,Online,Living,Oak Side Table,1,189,0.1,170.1,112,58.1,False
NG-01094,2024-09-24,South,Retail,Kitchen,Pour Over Kit,2,79,0.05,150.1,76,74.1,False
NG-01095,2024-09-24,South,Online,Kitchen,Ceramic Dinner Set,2,112,0,224,114,110,False
NG-01096,2024-09-24,East,Retail,Kitchen,Pour Over Kit,1,79,0.15,67.15,38,29.15,False
NG-01097,2024-09-25,South,Retail,Home Office,Monitor Riser,1,72,0.1,64.8,33,31.8,False
NG-01098,2024-09-25,North,Retail,Everyday,Canvas Tote,2,32,0.05,60.8,24,36.8,False
NG-01099,2024-09-25,North,Online,Kitchen,Pour Over Kit,1,79,0.1,71.1,38,33.1,False
NG-01100,2024-09-25,East,Marketplace,Home Office,Desk Lamp,1,58,0.05,55.1,28,27.1,False
NG-01101,2024-09-25,South,Online,Everyday,Canvas Tote,1,32,0,32,12,20,False
NG-01102,2024-09-25,North,Online,Living,Accent Cushion,2,46,0.05,87.4,40,47.4,False
NG-01103,2024-09-26,South,Marketplace,Everyday,Travel Backpack,1,129,0.15,109.65,68,41.65,False
NG-01104,2024-09-26,South,Retail,Home Office,Monitor Riser,1,72,0.05,0,0,0,True
NG-01105,2024-09-26,East,Retail,Kitchen,Ceramic Dinner Set,1,112,0,112,57,55,False
NG-01106,2024-09-26,East,Marketplace,Everyday,Travel Backpack,1,129,0.05,122.55,68,54.55,False
NG-01107,2024-09-26,East,Online,Kitchen,Pour Over Kit,1,79,0.15,67.15,38,29.15,False
NG-01108,2024-09-26,West,Marketplace,Kitchen,Pour Over Kit,1,79,0.05,75.05,38,37.05,False
NG-01109,2024-09-27,East,Retail,Home Office,Ergonomic Chair,2,245,0,490,288,202,False
NG-01110,2024-09-27,North,Online,Kitchen,Ceramic Dinner Set,1,112,0,112,57,55,False
NG-01111,2024-09-27,East,Retail,Living,Accent Cushion,1,46,0.1,41.4,20,21.4,False
NG-01112,2024-09-27,South,Marketplace,Kitchen,Cast Iron Pan,1,135,0.1,121.5,80,41.5,False
NG-01113,2024-09-28,North,Marketplace,Living,Linen Throw,1,96,0.1,86.4,49,37.4,False
NG-01114,2024-09-28,North,Marketplace,Everyday,Travel Backpack,1,129,0.05,0,0,0,True
NG-01115,2024-09-28,West,Online,Living,Accent Cushion,1,46,0,46,20,26,False
NG-01116,2024-09-28,East,Online,Living,Accent Cushion,1,46,0.2,36.8,20,16.8,False
NG-01117,2024-09-28,North,Marketplace,Living,Accent Cushion,1,46,0.05,43.7,20,23.7,False
NG-01118,2024-09-28,West,Retail,Living,Linen Throw,1,96,0.05,0,0,0,True
NG-01119,2024-09-28,East,Marketplace,Everyday,Insulated Bottle,2,42,0.15,71.4,36,35.4,False
NG-01120,2024-09-28,South,Online,Living,Oak Side Table,1,189,0.1,170.1,112,58.1,False
NG-01121,2024-09-29,North,Retail,Everyday,Travel Backpack,1,129,0,129,68,61,False
NG-01122,2024-09-29,North,Online,Home Office,Desk Lamp,1,58,0,58,28,30,False
NG-01123,2024-09-29,South,Online,Living,Oak Side Table,2,189,0,378,224,154,False
NG-01124,2024-09-29,South,Online,Everyday,Travel Backpack,1,129,0,129,68,61,False
NG-01125,2024-09-29,South,Marketplace,Everyday,Insulated Bottle,1,42,0.05,39.9,18,21.9,False
NG-01126,2024-09-29,East,Retail,Kitchen,Pour Over Kit,3,79,0.05,225.15,114,111.15,False
NG-01127,2024-09-30,West,Retail,Home Office,Monitor Riser,1,72,0,72,33,39,False
NG-01128,2024-09-30,East,Marketplace,Home Office,Monitor Riser,1,72,0.05,68.4,33,35.4,False
NG-01129,2024-09-30,South,Marketplace,Everyday,Insulated Bottle,1,42,0.05,39.9,18,21.9,False
NG-01130,2024-09-30,North,Online,Kitchen,Pour Over Kit,1,79,0,79,38,41,False
NG-01131,2024-09-30,East,Retail,Kitchen,Ceramic Dinner Set,2,112,0,224,114,110,False
NG-01132,2024-09-30,West,Retail,Kitchen,Pour Over Kit,1,79,0,79,38,41,False
NG-01133,2024-09-30,North,Online,Everyday,Canvas Tote,2,32,0.1,57.6,24,33.6,False
NG-01134,2024-10-01,South,Online,Home Office,Desk Lamp,1,58,0.05,55.1,28,27.1,False
NG-01135,2024-10-01,North,Online,Everyday,Canvas Tote,1,32,0.05,30.4,12,18.4,False
NG-01136,2024-10-01,East,Online,Living,Accent Cushion,2,46,0,92,40,52,False
NG-01137,2024-10-01,North,Online,Living,Oak Side Table,1,189,0,189,112,77,False
NG-01138,2024-10-01,North,Retail,Everyday,Travel Backpack,1,129,0,129,68,61,False
NG-01139,2024-10-01,South,Retail,Home Office,Monitor Riser,1,72,0,72,33,39,False
NG-01140,2024-10-01,East,Retail,Home Office,Desk Lamp,1,58,0,58,28,30,False
NG-01141,2024-10-02,South,Marketplace,Everyday,Canvas Tote,1,32,0.1,28.8,12,16.8,False
NG-01142,2024-10-02,North,Online,Kitchen,Ceramic Dinner Set,2,112,0,224,114,110,False
NG-01143,2024-10-02,North,Online,Home Office,Ergonomic Chair,1,245,0,245,144,101,False
NG-01144,2024-10-02,South,Retail,Living,Accent Cushion,1,46,0.05,43.7,20,23.7,False
NG-01145,2024-10-02,South,Online,Kitchen,Pour Over Kit,1,79,0,79,38,41,False
NG-01146,2024-10-02,South,Online,Home Office,Ergonomic Chair,1,245,0.15,208.25,144,64.25,False
NG-01147,2024-10-03,North,Retail,Home Office,Desk Lamp,2,58,0,116,56,60,False
NG-01148,2024-10-03,South,Retail,Everyday,Canvas Tote,1,32,0,32,12,20,False
NG-01149,2024-10-03,North,Retail,Home Office,Desk Lamp,4,58,0.05,220.4,112,108.4,False
NG-01150,2024-10-03,North,Marketplace,Living,Accent Cushion,3,46,0.05,131.1,60,71.1,False
NG-01151,2024-10-03,West,Retail,Everyday,Insulated Bottle,3,42,0.2,100.8,54,46.8,False
NG-01152,2024-10-04,East,Online,Home Office,Ergonomic Chair,3,245,0.05,698.25,432,266.25,False
NG-01153,2024-10-04,West,Online,Home Office,Ergonomic Chair,1,245,0,245,144,101,False
NG-01154,2024-10-04,East,Marketplace,Kitchen,Cast Iron Pan,1,135,0.05,128.25,80,48.25,False
NG-01155,2024-10-04,North,Online,Living,Oak Side Table,1,189,0,0,0,0,True
NG-01156,2024-10-05,East,Retail,Everyday,Insulated Bottle,1,42,0.05,39.9,18,21.9,False
NG-01157,2024-10-05,South,Online,Everyday,Travel Backpack,2,129,0,258,136,122,False
NG-01158,2024-10-05,West,Marketplace,Home Office,Desk Lamp,1,58,0.1,52.2,28,24.2,False
NG-01159,2024-10-05,East,Marketplace,Home Office,Ergonomic Chair,1,245,0.1,220.5,144,76.5,False
NG-01160,2024-10-05,South,Online,Kitchen,Ceramic Dinner Set,1,112,0,112,57,55,False
NG-01161,2024-10-05,East,Retail,Everyday,Canvas Tote,2,32,0.15,54.4,24,30.4,False
NG-01162,2024-10-05,East,Retail,Home Office,Desk Lamp,1,58,0.2,46.4,28,18.4,False
NG-01163,2024-10-06,South,Online,Everyday,Insulated Bottle,1,42,0.1,37.8,18,19.8,False
NG-01164,2024-10-06,North,Retail,Home Office,Ergonomic Chair,1,245,0.05,232.75,144,88.75,False
NG-01165,2024-10-06,West,Retail,Everyday,Insulated Bottle,1,42,0.05,39.9,18,21.9,False
NG-01166,2024-10-06,North,Retail,Home Office,Monitor Riser,1,72,0.1,64.8,33,31.8,False
NG-01167,2024-10-07,North,Retail,Living,Linen Throw,4,96,0,384,196,188,False
NG-01168,2024-10-07,West,Marketplace,Everyday,Travel Backpack,1,129,0.05,122.55,68,54.55,False
NG-01169,2024-10-07,North,Online,Everyday,Travel Backpack,2,129,0,258,136,122,False
NG-01170,2024-10-07,South,Retail,Kitchen,Pour Over Kit,1,79,0,79,38,41,False
NG-01171,2024-10-07,East,Online,Home Office,Monitor Riser,1,72,0,72,33,39,False
NG-01172,2024-10-07,South,Online,Home Office,Desk Lamp,1,58,0.15,49.3,28,21.3,False
NG-01173,2024-10-08,North,Retail,Home Office,Ergonomic Chair,1,245,0.1,220.5,144,76.5,False
NG-01174,2024-10-08,East,Marketplace,Everyday,Canvas Tote,3,32,0.1,86.4,36,50.4,False
NG-01175,2024-10-08,South,Online,Everyday,Travel Backpack,1,129,0.1,116.1,68,48.1,False
NG-01176,2024-10-08,West,Marketplace,Living,Linen Throw,2,96,0.05,182.4,98,84.4,False
NG-01177,2024-10-08,East,Retail,Kitchen,Ceramic Dinner Set,1,112,0,112,57,55,False
NG-01178,2024-10-09,East,Online,Kitchen,Ceramic Dinner Set,1,112,0,112,57,55,False
NG-01179,2024-10-10,East,Retail,Home Office,Monitor Riser,3,72,0.15,183.6,99,84.6,False
NG-01180,2024-10-10,South,Retail,Everyday,Travel Backpack,1,129,0,129,68,61,False
NG-01181,2024-10-10,North,Online,Kitchen,Pour Over Kit,1,79,0.05,0,0,0,True
NG-01182,2024-10-10,South,Marketplace,Everyday,Insulated Bottle,1,42,0.05,39.9,18,21.9,False
NG-01183,2024-10-10,North,Marketplace,Living,Linen Throw,2,96,0.05,182.4,98,84.4,False
NG-01184,2024-10-11,East,Retail,Living,Accent Cushion,1,46,0,46,20,26,False
NG-01185,2024-10-11,North,Retail,Kitchen,Cast Iron Pan,1,135,0.1,121.5,80,41.5,False
NG-01186,2024-10-11,West,Retail,Everyday,Canvas Tote,1,32,0.05,0,0,0,True
NG-01187,2024-10-11,North,Marketplace,Living,Accent Cushion,1,46,0.05,43.7,20,23.7,False
NG-01188,2024-10-12,North,Retail,Everyday,Canvas Tote,1,32,0,32,12,20,False
NG-01189,2024-10-12,North,Online,Kitchen,Cast Iron Pan,1,135,0.1,121.5,80,41.5,False
NG-01190,2024-10-12,North,Retail,Kitchen,Ceramic Dinner Set,1,112,0,112,57,55,False
NG-01191,2024-10-12,North,Marketplace,Kitchen,Ceramic Dinner Set,1,112,0.05,106.4,57,49.4,False
NG-01192,2024-10-12,West,Retail,Everyday,Canvas Tote,1,32,0,32,12,20,False
NG-01193,2024-10-12,West,Retail,Living,Accent Cushion,1,46,0,46,20,26,False
NG-01194,2024-10-13,North,Marketplace,Kitchen,Ceramic Dinner Set,1,112,0.05,106.4,57,49.4,False
NG-01195,2024-10-13,West,Marketplace,Living,Oak Side Table,1,189,0.05,179.55,112,67.55,False
NG-01196,2024-10-13,South,Retail,Kitchen,Pour Over Kit,1,79,0.15,67.15,38,29.15,False
NG-01197,2024-10-13,South,Online,Living,Accent Cushion,2,46,0,92,40,52,False
NG-01198,2024-10-14,East,Retail,Everyday,Canvas Tote,1,32,0,32,12,20,False
NG-01199,2024-10-14,North,Online,Everyday,Canvas Tote,1,32,0,32,12,20,False
NG-01200,2024-10-14,South,Online,Living,Linen Throw,1,96,0.05,91.2,49,42.2,False
NG-01201,2024-10-14,South,Online,Kitchen,Pour Over Kit,1,79,0,79,38,41,False
NG-01202,2024-10-14,East,Marketplace,Kitchen,Pour Over Kit,1,79,0.05,75.05,38,37.05,False
NG-01203,2024-10-14,North,Retail,Home Office,Desk Lamp,1,58,0,58,28,30,False
NG-01204,2024-10-15,North,Retail,Living,Accent Cushion,1,46,0.1,41.4,20,21.4,False
NG-01205,2024-10-15,North,Marketplace,Living,Accent Cushion,3,46,0.1,124.2,60,64.2,False
NG-01206,2024-10-15,North,Online,Living,Accent Cushion,1,46,0.1,41.4,20,21.4,False
NG-01207,2024-10-15,East,Online,Everyday,Insulated Bottle,2,42,0.05,79.8,36,43.8,False
NG-01208,2024-10-16,East,Retail,Home Office,Desk Lamp,1,58,0.05,55.1,28,27.1,False
NG-01209,2024-10-16,North,Retail,Home Office,Desk Lamp,1,58,0.05,55.1,28,27.1,False
NG-01210,2024-10-16,North,Retail,Everyday,Insulated Bottle,1,42,0,42,18,24,False
NG-01211,2024-10-16,South,Marketplace,Everyday,Insulated Bottle,1,42,0.05,39.9,18,21.9,False
NG-01212,2024-10-17,North,Marketplace,Everyday,Canvas Tote,2,32,0.05,60.8,24,36.8,False
NG-01213,2024-10-17,South,Online,Everyday,Canvas Tote,1,32,0.05,30.4,12,18.4,False
NG-01214,2024-10-17,East,Online,Kitchen,Cast Iron Pan,1,135,0.1,121.5,80,41.5,False
NG-01215,2024-10-18,East,Retail,Home Office,Monitor Riser,1,72,0,72,33,39,False
NG-01216,2024-10-18,East,Online,Home Office,Desk Lamp,4,58,0,232,112,120,False
NG-01217,2024-10-18,South,Online,Everyday,Travel Backpack,2,129,0,258,136,122,False
NG-01218,2024-10-18,East,Online,Kitchen,Pour Over Kit,1,79,0,79,38,41,False
NG-01219,2024-10-19,North,Online,Living,Linen Throw,2,96,0,192,98,94,False
NG-01220,2024-10-19,West,Retail,Home Office,Monitor Riser,1,72,0,72,33,39,False
NG-01221,2024-10-19,South,Online,Home Office,Monitor Riser,1,72,0.1,64.8,33,31.8,False
NG-01222,2024-10-19,North,Retail,Living,Accent Cushion,3,46,0,138,60,78,False
NG-01223,2024-10-19,North,Retail,Everyday,Canvas Tote,2,32,0,0,0,0,True
NG-01224,2024-10-19,North,Retail,Living,Linen Throw,1,96,0,96,49,47,False
NG-01225,2024-10-19,East,Marketplace,Home Office,Desk Lamp,2,58,0.05,110.2,56,54.2,False
NG-01226,2024-10-19,North,Online,Kitchen,Ceramic Dinner Set,1,112,0.15,95.2,57,38.2,False
NG-01227,2024-10-19,North,Online,Home Office,Desk Lamp,2,58,0,116,56,60,False
NG-01228,2024-10-20,South,Online,Living,Accent Cushion,1,46,0.05,43.7,20,23.7,False
NG-01229,2024-10-20,West,Online,Everyday,Insulated Bottle,1,42,0,42,18,24,False
NG-01230,2024-10-20,West,Retail,Living,Accent Cushion,1,46,0.15,39.1,20,19.1,False
NG-01231,2024-10-20,North,Retail,Kitchen,Ceramic Dinner Set,2,112,0,224,114,110,False
NG-01232,2024-10-20,South,Online,Kitchen,Pour Over Kit,1,79,0.15,67.15,38,29.15,False
NG-01233,2024-10-20,West,Marketplace,Everyday,Canvas Tote,1,32,0.05,30.4,12,18.4,False
NG-01234,2024-10-21,East,Retail,Home Office,Desk Lamp,1,58,0.1,52.2,28,24.2,False
NG-01235,2024-10-21,North,Retail,Kitchen,Cast Iron Pan,2,135,0,270,160,110,False
NG-01236,2024-10-21,South,Online,Everyday,Insulated Bottle,1,42,0,42,18,24,False
NG-01237,2024-10-21,North,Retail,Everyday,Travel Backpack,2,129,0.05,245.1,136,109.1,False
NG-01238,2024-10-21,East,Online,Home Office,Monitor Riser,2,72,0.05,136.8,66,70.8,False
NG-01239,2024-10-22,North,Online,Everyday,Canvas Tote,1,32,0.15,27.2,12,15.2,False
NG-01240,2024-10-22,East,Marketplace,Living,Accent Cushion,2,46,0.05,87.4,40,47.4,False
NG-01241,2024-10-22,South,Marketplace,Home Office,Ergonomic Chair,4,245,0.05,931.0,576,355.0,False
NG-01242,2024-10-22,West,Retail,Home Office,Desk Lamp,2,58,0.05,110.2,56,54.2,False
NG-01243,2024-10-22,West,Retail,Everyday,Canvas Tote,2,32,0,64,24,40,False
NG-01244,2024-10-22,West,Online,Living,Accent Cushion,1,46,0,46,20,26,False
NG-01245,2024-10-23,East,Retail,Home Office,Desk Lamp,1,58,0,58,28,30,False
NG-01246,2024-10-23,North,Retail,Home Office,Desk Lamp,2,58,0.2,92.8,56,36.8,False
NG-01247,2024-10-23,West,Retail,Everyday,Insulated Bottle,1,42,0.2,33.6,18,15.6,False
NG-01248,2024-10-23,North,Retail,Living,Linen Throw,1,96,0.05,91.2,49,42.2,False
NG-01249,2024-10-23,West,Retail,Everyday,Travel Backpack,1,129,0.15,109.65,68,41.65,False
NG-01250,2024-10-23,North,Retail,Kitchen,Ceramic Dinner Set,1,112,0,112,57,55,False
NG-01251,2024-10-23,East,Marketplace,Living,Linen Throw,1,96,0.15,81.6,49,32.6,False
NG-01252,2024-10-23,West,Marketplace,Living,Accent Cushion,1,46,0.1,41.4,20,21.4,False
NG-01253,2024-10-24,West,Online,Home Office,Desk Lamp,1,58,0.1,52.2,28,24.2,False
NG-01254,2024-10-24,North,Retail,Kitchen,Ceramic Dinner Set,1,112,0.15,95.2,57,38.2,False
NG-01255,2024-10-24,West,Marketplace,Living,Oak Side Table,1,189,0.15,160.65,112,48.65,False
NG-01256,2024-10-24,South,Retail,Living,Accent Cushion,1,46,0.15,39.1,20,19.1,False
NG-01257,2024-10-24,East,Marketplace,Everyday,Travel Backpack,1,129,0.05,122.55,68,54.55,False
NG-01258,2024-10-25,South,Retail,Kitchen,Cast Iron Pan,1,135,0.05,128.25,80,48.25,False
NG-01259,2024-10-25,East,Online,Everyday,Insulated Bottle,2,42,0.05,79.8,36,43.8,False
NG-01260,2024-10-25,East,Online,Everyday,Travel Backpack,2,129,0.05,245.1,136,109.1,False
NG-01261,2024-10-25,East,Online,Home Office,Desk Lamp,1,58,0.05,55.1,28,27.1,False
NG-01262,2024-10-25,East,Retail,Living,Oak Side Table,1,189,0,189,112,77,False
NG-01263,2024-10-25,East,Online,Everyday,Insulated Bottle,1,42,0,42,18,24,False
NG-01264,2024-10-26,East,Marketplace,Living,Accent Cushion,1,46,0.1,41.4,20,21.4,False
NG-01265,2024-10-26,East,Marketplace,Kitchen,Pour Over Kit,2,79,0.05,150.1,76,74.1,False
NG-01266,2024-10-26,North,Online,Living,Accent Cushion,1,46,0.05,43.7,20,23.7,False
NG-01267,2024-10-26,North,Online,Everyday,Insulated Bottle,1,42,0,42,18,24,False
NG-01268,2024-10-26,East,Marketplace,Everyday,Canvas Tote,1,32,0.05,30.4,12,18.4,False
NG-01269,2024-10-26,West,Retail,Everyday,Insulated Bottle,1,42,0,42,18,24,False
NG-01270,2024-10-27,North,Online,Living,Oak Side Table,1,189,0.1,170.1,112,58.1,False
NG-01271,2024-10-27,West,Online,Kitchen,Pour Over Kit,2,79,0,158,76,82,False
NG-01272,2024-10-27,East,Online,Everyday,Insulated Bottle,3,42,0.2,100.8,54,46.8,False
NG-01273,2024-10-27,West,Online,Home Office,Monitor Riser,1,72,0.1,64.8,33,31.8,False
NG-01274,2024-10-28,North,Marketplace,Everyday,Insulated Bottle,1,42,0.05,39.9,18,21.9,False
NG-01275,2024-10-28,North,Online,Home Office,Monitor Riser,1,72,0.05,68.4,33,35.4,False
NG-01276,2024-10-28,North,Online,Kitchen,Ceramic Dinner Set,1,112,0.1,100.8,57,43.8,False
NG-01277,2024-10-28,West,Retail,Everyday,Canvas Tote,1,32,0.05,30.4,12,18.4,False
NG-01278,2024-10-29,East,Retail,Kitchen,Ceramic Dinner Set,2,112,0,224,114,110,False
NG-01279,2024-10-29,North,Marketplace,Kitchen,Ceramic Dinner Set,1,112,0.05,106.4,57,49.4,False
NG-01280,2024-10-29,West,Online,Living,Linen Throw,1,96,0.2,76.8,49,27.8,False
NG-01281,2024-10-29,South,Retail,Kitchen,Ceramic Dinner Set,3,112,0,336,171,165,False
NG-01282,2024-10-29,East,Online,Everyday,Insulated Bottle,1,42,0,42,18,24,False
NG-01283,2024-10-29,North,Online,Kitchen,Cast Iron Pan,2,135,0,270,160,110,False
NG-01284,2024-10-29,North,Marketplace,Kitchen,Cast Iron Pan,4,135,0.15,459.0,320,139.0,False
NG-01285,2024-10-30,West,Online,Living,Accent Cushion,1,46,0,46,20,26,False
NG-01286,2024-10-30,South,Retail,Everyday,Insulated Bottle,1,42,0.05,39.9,18,21.9,False
NG-01287,2024-10-30,North,Retail,Home Office,Desk Lamp,1,58,0,58,28,30,False
NG-01288,2024-10-30,North,Online,Everyday,Canvas Tote,1,32,0,32,12,20,False
NG-01289,2024-10-30,East,Online,Kitchen,Cast Iron Pan,1,135,0.05,128.25,80,48.25,False
NG-01290,2024-10-31,South,Retail,Home Office,Desk Lamp,1,58,0.05,55.1,28,27.1,False
NG-01291,2024-10-31,South,Retail,Everyday,Travel Backpack,1,129,0,129,68,61,False
NG-01292,2024-10-31,East,Retail,Living,Oak Side Table,1,189,0,189,112,77,False
NG-01293,2024-10-31,East,Retail,Kitchen,Pour Over Kit,1,79,0.05,75.05,38,37.05,False
NG-01294,2024-10-31,West,Online,Home Office,Desk Lamp,2,58,0.05,110.2,56,54.2,False
NG-01295,2024-10-31,West,Online,Living,Linen Throw,1,96,0.15,81.6,49,32.6,False
NG-01296,2024-11-01,West,Retail,Kitchen,Ceramic Dinner Set,2,112,0,224,114,110,False
NG-01297,2024-11-01,West,Marketplace,Everyday,Insulated Bottle,1,42,0.05,39.9,18,21.9,False
NG-01298,2024-11-01,East,Retail,Living,Accent Cushion,1,46,0.05,43.7,20,23.7,False
NG-01299,2024-11-01,South,Marketplace,Home Office,Desk Lamp,1,58,0.1,52.2,28,24.2,False
NG-01300,2024-11-01,North,Online,Everyday,Insulated Bottle,1,42,0.1,37.8,18,19.8,False
NG-01301,2024-11-01,East,Online,Home Office,Desk Lamp,3,58,0,174,84,90,False
NG-01302,2024-11-02,East,Online,Living,Oak Side Table,1,189,0.1,170.1,112,58.1,False
NG-01303,2024-11-02,East,Online,Living,Accent Cushion,1,46,0.05,43.7,20,23.7,False
NG-01304,2024-11-02,West,Online,Everyday,Travel Backpack,1,129,0,129,68,61,False
NG-01305,2024-11-02,West,Retail,Living,Oak Side Table,1,189,0.05,179.55,112,67.55,False
NG-01306,2024-11-02,West,Online,Everyday,Insulated Bottle,1,42,0,42,18,24,False
NG-01307,2024-11-02,North,Retail,Kitchen,Cast Iron Pan,2,135,0.05,256.5,160,96.5,False
NG-01308,2024-11-02,East,Online,Home Office,Desk Lamp,3,58,0,174,84,90,False
NG-01309,2024-11-02,West,Online,Everyday,Canvas Tote,1,32,0,32,12,20,False
NG-01310,2024-11-03,South,Retail,Living,Linen Throw,1,96,0,96,49,47,False
NG-01311,2024-11-03,North,Online,Home Office,Monitor Riser,1,72,0,72,33,39,False
NG-01312,2024-11-03,West,Online,Home Office,Desk Lamp,2,58,0.1,104.4,56,48.4,False
NG-01313,2024-11-03,East,Marketplace,Everyday,Insulated Bottle,1,42,0.15,0,0,0,True
NG-01314,2024-11-03,West,Online,Everyday,Canvas Tote,2,32,0,64,24,40,False
NG-01315,2024-11-03,South,Marketplace,Kitchen,Cast Iron Pan,1,135,0.15,114.75,80,34.75,False
NG-01316,2024-11-03,South,Retail,Home Office,Monitor Riser,1,72,0.05,68.4,33,35.4,False
NG-01317,2024-11-03,South,Online,Kitchen,Cast Iron Pan,1,135,0,135,80,55,False
NG-01318,2024-11-03,South,Online,Everyday,Canvas Tote,1,32,0,32,12,20,False
NG-01319,2024-11-04,West,Online,Everyday,Canvas Tote,3,32,0.05,91.2,36,55.2,False
NG-01320,2024-11-04,North,Online,Home Office,Desk Lamp,1,58,0.05,0,0,0,True
NG-01321,2024-11-04,North,Online,Home Office,Desk Lamp,1,58,0.1,52.2,28,24.2,False
NG-01322,2024-11-04,North,Online,Kitchen,Cast Iron Pan,2,135,0.15,229.5,160,69.5,False
NG-01323,2024-11-04,East,Marketplace,Everyday,Travel Backpack,1,129,0.05,122.55,68,54.55,False
NG-01324,2024-11-04,East,Marketplace,Home Office,Monitor Riser,1,72,0.1,64.8,33,31.8,False
NG-01325,2024-11-04,North,Retail,Home Office,Desk Lamp,1,58,0,58,28,30,False
NG-01326,2024-11-04,East,Retail,Kitchen,Pour Over Kit,1,79,0,79,38,41,False
NG-01327,2024-11-05,South,Retail,Kitchen,Ceramic Dinner Set,1,112,0,112,57,55,False
NG-01328,2024-11-05,East,Marketplace,Home Office,Desk Lamp,1,58,0.15,49.3,28,21.3,False
NG-01329,2024-11-05,East,Online,Living,Accent Cushion,1,46,0,46,20,26,False
NG-01330,2024-11-06,South,Marketplace,Kitchen,Ceramic Dinner Set,1,112,0.15,95.2,57,38.2,False
NG-01331,2024-11-06,West,Marketplace,Living,Accent Cushion,4,46,0.05,174.8,80,94.8,False
NG-01332,2024-11-06,West,Retail,Kitchen,Ceramic Dinner Set,1,112,0.1,0,0,0,True
NG-01333,2024-11-06,East,Online,Kitchen,Pour Over Kit,2,79,0,158,76,82,False
NG-01334,2024-11-06,North,Online,Home Office,Ergonomic Chair,1,245,0.05,232.75,144,88.75,False
NG-01335,2024-11-06,South,Online,Everyday,Canvas Tote,1,32,0.15,0,0,0,True
NG-01336,2024-11-07,East,Online,Home Office,Monitor Riser,1,72,0,72,33,39,False
NG-01337,2024-11-07,East,Online,Everyday,Travel Backpack,1,129,0,129,68,61,False
NG-01338,2024-11-07,West,Retail,Home Office,Desk Lamp,1,58,0.05,55.1,28,27.1,False
NG-01339,2024-11-07,South,Marketplace,Home Office,Desk Lamp,1,58,0.05,55.1,28,27.1,False
NG-01340,2024-11-07,South,Online,Everyday,Insulated Bottle,1,42,0,42,18,24,False
NG-01341,2024-11-07,East,Online,Living,Oak Side Table,2,189,0.15,321.3,224,97.3,False
NG-01342,2024-11-07,West,Online,Everyday,Travel Backpack,1,129,0,129,68,61,False
NG-01343,2024-11-08,North,Retail,Home Office,Monitor Riser,3,72,0,216,99,117,False
NG-01344,2024-11-08,North,Retail,Everyday,Travel Backpack,1,129,0.05,122.55,68,54.55,False
NG-01345,2024-11-08,North,Marketplace,Kitchen,Pour Over Kit,3,79,0.05,225.15,114,111.15,False
NG-01346,2024-11-08,South,Online,Everyday,Insulated Bottle,1,42,0,42,18,24,False
NG-01347,2024-11-08,West,Marketplace,Living,Linen Throw,1,96,0.1,86.4,49,37.4,False
NG-01348,2024-11-08,North,Online,Home Office,Monitor Riser,1,72,0,72,33,39,False
NG-01349,2024-11-09,South,Retail,Home Office,Desk Lamp,1,58,0.1,52.2,28,24.2,False
NG-01350,2024-11-09,South,Marketplace,Kitchen,Ceramic Dinner Set,1,112,0.05,106.4,57,49.4,False
NG-01351,2024-11-09,South,Retail,Everyday,Insulated Bottle,1,42,0,42,18,24,False
NG-01352,2024-11-09,North,Marketplace,Living,Oak Side Table,1,189,0.15,0,0,0,True
NG-01353,2024-11-09,North,Retail,Home Office,Desk Lamp,1,58,0,58,28,30,False
NG-01354,2024-11-09,East,Marketplace,Home Office,Desk Lamp,1,58,0.2,46.4,28,18.4,False
NG-01355,2024-11-09,East,Online,Living,Linen Throw,1,96,0,96,49,47,False
NG-01356,2024-11-09,East,Retail,Home Office,Monitor Riser,1,72,0.2,57.6,33,24.6,False
NG-01357,2024-11-10,North,Retail,Home Office,Monitor Riser,1,72,0.1,64.8,33,31.8,False
NG-01358,2024-11-10,East,Online,Everyday,Travel Backpack,1,129,0,129,68,61,False
NG-01359,2024-11-10,West,Retail,Everyday,Insulated Bottle,1,42,0.05,39.9,18,21.9,False
NG-01360,2024-11-10,North,Marketplace,Kitchen,Ceramic Dinner Set,1,112,0.05,106.4,57,49.4,False
NG-01361,2024-11-10,South,Retail,Home Office,Monitor Riser,1,72,0,72,33,39,False
NG-01362,2024-11-10,North,Retail,Living,Accent Cushion,1,46,0.1,41.4,20,21.4,False
NG-01363,2024-11-10,East,Marketplace,Everyday,Insulated Bottle,2,42,0.05,79.8,36,43.8,False
NG-01364,2024-11-10,South,Retail,Living,Oak Side Table,1,189,0,189,112,77,False
NG-01365,2024-11-10,South,Online,Home Office,Ergonomic Chair,1,245,0,245,144,101,False
NG-01366,2024-11-11,East,Retail,Kitchen,Cast Iron Pan,1,135,0,135,80,55,False
NG-01367,2024-11-11,North,Online,Kitchen,Ceramic Dinner Set,1,112,0.15,95.2,57,38.2,False
NG-01368,2024-11-11,North,Online,Kitchen,Pour Over Kit,2,79,0,158,76,82,False
NG-01369,2024-11-11,South,Retail,Home Office,Desk Lamp,1,58,0.1,52.2,28,24.2,False
NG-01370,2024-11-11,West,Online,Home Office,Ergonomic Chair,1,245,0.05,232.75,144,88.75,False
NG-01371,2024-11-11,East,Online,Home Office,Monitor Riser,1,72,0,72,33,39,False
NG-01372,2024-11-12,South,Marketplace,Living,Accent Cushion,1,46,0.05,43.7,20,23.7,False
NG-01373,2024-11-12,East,Online,Everyday,Travel Backpack,2,129,0,258,136,122,False
NG-01374,2024-11-12,North,Marketplace,Home Office,Desk Lamp,1,58,0.05,55.1,28,27.1,False
NG-01375,2024-11-12,North,Online,Kitchen,Pour Over Kit,1,79,0.1,71.1,38,33.1,False
NG-01376,2024-11-12,West,Online,Everyday,Travel Backpack,2,129,0,258,136,122,False
NG-01377,2024-11-12,North,Marketplace,Everyday,Insulated Bottle,1,42,0.05,39.9,18,21.9,False
NG-01378,2024-11-13,East,Retail,Kitchen,Cast Iron Pan,1,135,0.05,128.25,80,48.25,False
NG-01379,2024-11-13,East,Retail,Kitchen,Cast Iron Pan,1,135,0,135,80,55,False
NG-01380,2024-11-13,South,Online,Living,Linen Throw,1,96,0,96,49,47,False
NG-01381,2024-11-13,East,Marketplace,Living,Accent Cushion,1,46,0.15,39.1,20,19.1,False
NG-01382,2024-11-13,South,Retail,Living,Linen Throw,2,96,0,192,98,94,False
NG-01383,2024-11-13,West,Retail,Home Office,Monitor Riser,1,72,0,72,33,39,False
NG-01384,2024-11-13,West,Retail,Everyday,Insulated Bottle,2,42,0.1,0,0,0,True
NG-01385,2024-11-14,North,Online,Kitchen,Cast Iron Pan,1,135,0,135,80,55,False
NG-01386,2024-11-14,North,Retail,Everyday,Canvas Tote,1,32,0.05,30.4,12,18.4,False
NG-01387,2024-11-14,North,Online,Everyday,Insulated Bottle,1,42,0,42,18,24,False
NG-01388,2024-11-14,North,Marketplace,Living,Oak Side Table,2,189,0.05,359.1,224,135.1,False
NG-01389,2024-11-15,East,Retail,Everyday,Travel Backpack,1,129,0.1,116.1,68,48.1,False
NG-01390,2024-11-15,North,Online,Home Office,Desk Lamp,1,58,0,58,28,30,False
NG-01391,2024-11-15,North,Retail,Living,Linen Throw,1,96,0,96,49,47,False
NG-01392,2024-11-15,East,Retail,Home Office,Monitor Riser,1,72,0,72,33,39,False
NG-01393,2024-11-15,North,Online,Home Office,Monitor Riser,2,72,0,0,0,0,True
NG-01394,2024-11-15,East,Online,Home Office,Desk Lamp,2,58,0.1,104.4,56,48.4,False
NG-01395,2024-11-16,North,Retail,Kitchen,Cast Iron Pan,1,135,0,135,80,55,False
NG-01396,2024-11-16,West,Online,Everyday,Canvas Tote,1,32,0,32,12,20,False
NG-01397,2024-11-16,West,Retail,Home Office,Desk Lamp,1,58,0,58,28,30,False
NG-01398,2024-11-16,South,Retail,Home Office,Monitor Riser,3,72,0.1,194.4,99,95.4,False
NG-01399,2024-11-16,East,Online,Everyday,Insulated Bottle,1,42,0.05,39.9,18,21.9,False
NG-01400,2024-11-16,West,Marketplace,Living,Oak Side Table,1,189,0.05,179.55,112,67.55,False
NG-01401,2024-11-16,North,Retail,Living,Accent Cushion,2,46,0,92,40,52,False
NG-01402,2024-11-16,East,Marketplace,Home Office,Monitor Riser,2,72,0.15,122.4,66,56.4,False
NG-01403,2024-11-16,North,Online,Everyday,Insulated Bottle,1,42,0.15,35.7,18,17.7,False
NG-01404,2024-11-16,East,Online,Home Office,Desk Lamp,3,58,0.15,147.9,84,63.9,False
NG-01405,2024-11-17,South,Online,Home Office,Desk Lamp,2,58,0,116,56,60,False
NG-01406,2024-11-17,North,Retail,Home Office,Desk Lamp,4,58,0,232,112,120,False
NG-01407,2024-11-17,South,Online,Home Office,Monitor Riser,1,72,0,72,33,39,False
NG-01408,2024-11-17,South,Marketplace,Everyday,Insulated Bottle,1,42,0.05,39.9,18,21.9,False
NG-01409,2024-11-17,South,Online,Kitchen,Cast Iron Pan,1,135,0,135,80,55,False
NG-01410,2024-11-17,South,Retail,Everyday,Insulated Bottle,1,42,0,42,18,24,False
NG-01411,2024-11-18,East,Online,Everyday,Insulated Bottle,2,42,0.2,67.2,36,31.2,False
NG-01412,2024-11-18,South,Online,Living,Oak Side Table,1,189,0.2,0,0,0,True
NG-01413,2024-11-18,East,Retail,Kitchen,Ceramic Dinner Set,1,112,0.1,100.8,57,43.8,False
NG-01414,2024-11-18,North,Online,Living,Accent Cushion,1,46,0,46,20,26,False
NG-01415,2024-11-19,North,Retail,Everyday,Insulated Bottle,2,42,0,84,36,48,False
NG-01416,2024-11-19,North,Retail,Home Office,Desk Lamp,1,58,0.05,55.1,28,27.1,False
NG-01417,2024-11-19,South,Marketplace,Home Office,Ergonomic Chair,1,245,0.05,0,0,0,True
NG-01418,2024-11-19,North,Online,Living,Linen Throw,1,96,0.05,91.2,49,42.2,False
NG-01419,2024-11-19,West,Marketplace,Everyday,Insulated Bottle,1,42,0.05,39.9,18,21.9,False
NG-01420,2024-11-19,West,Marketplace,Living,Accent Cushion,1,46,0.05,0,0,0,True
NG-01421,2024-11-19,North,Online,Living,Oak Side Table,2,189,0,378,224,154,False
NG-01422,2024-11-20,North,Online,Home Office,Desk Lamp,2,58,0,0,0,0,True
NG-01423,2024-11-20,East,Marketplace,Kitchen,Ceramic Dinner Set,1,112,0.05,106.4,57,49.4,False
NG-01424,2024-11-20,North,Online,Living,Accent Cushion,3,46,0.15,117.3,60,57.3,False
NG-01425,2024-11-20,West,Online,Kitchen,Ceramic Dinner Set,1,112,0.05,106.4,57,49.4,False
NG-01426,2024-11-20,South,Marketplace,Everyday,Insulated Bottle,2,42,0.05,79.8,36,43.8,False
NG-01427,2024-11-20,East,Marketplace,Kitchen,Ceramic Dinner Set,1,112,0.05,106.4,57,49.4,False
NG-01428,2024-11-20,South,Marketplace,Kitchen,Pour Over Kit,1,79,0.1,71.1,38,33.1,False
NG-01429,2024-11-20,West,Retail,Everyday,Travel Backpack,2,129,0,258,136,122,False
NG-01430,2024-11-21,South,Marketplace,Everyday,Insulated Bottle,1,42,0.05,39.9,18,21.9,False
NG-01431,2024-11-21,East,Retail,Kitchen,Cast Iron Pan,1,135,0,135,80,55,False
NG-01432,2024-11-21,North,Retail,Home Office,Desk Lamp,1,58,0.1,0,0,0,True
NG-01433,2024-11-21,South,Marketplace,Everyday,Insulated Bottle,1,42,0.05,39.9,18,21.9,False
NG-01434,2024-11-21,North,Retail,Everyday,Travel Backpack,1,129,0,129,68,61,False
NG-01435,2024-11-21,East,Retail,Kitchen,Ceramic Dinner Set,2,112,0.1,201.6,114,87.6,False
NG-01436,2024-11-21,South,Online,Everyday,Travel Backpack,2,129,0,258,136,122,False
NG-01437,2024-11-22,South,Online,Kitchen,Ceramic Dinner Set,2,112,0,224,114,110,False
NG-01438,2024-11-22,East,Online,Everyday,Insulated Bottle,3,42,0,126,54,72,False
NG-01439,2024-11-22,North,Retail,Everyday,Travel Backpack,1,129,0.05,122.55,68,54.55,False
NG-01440,2024-11-22,South,Retail,Kitchen,Ceramic Dinner Set,2,112,0,224,114,110,False
NG-01441,2024-11-22,East,Marketplace,Kitchen,Ceramic Dinner Set,1,112,0.05,106.4,57,49.4,False
NG-01442,2024-11-22,South,Online,Everyday,Insulated Bottle,1,42,0,42,18,24,False
NG-01443,2024-11-23,South,Retail,Home Office,Ergonomic Chair,1,245,0,245,144,101,False
NG-01444,2024-11-23,South,Retail,Kitchen,Pour Over Kit,2,79,0.05,150.1,76,74.1,False
NG-01445,2024-11-23,West,Retail,Home Office,Ergonomic Chair,2,245,0.05,465.5,288,177.5,False
NG-01446,2024-11-24,East,Marketplace,Home Office,Desk Lamp,2,58,0.15,98.6,56,42.6,False
NG-01447,2024-11-24,West,Marketplace,Home Office,Monitor Riser,1,72,0.05,68.4,33,35.4,False
NG-01448,2024-11-24,West,Marketplace,Living,Accent Cushion,1,46,0.15,39.1,20,19.1,False
NG-01449,2024-11-24,South,Marketplace,Kitchen,Pour Over Kit,1,79,0.05,75.05,38,37.05,False
NG-01450,2024-11-24,North,Marketplace,Kitchen,Ceramic Dinner Set,2,112,0.2,179.2,114,65.2,False
NG-01451,2024-11-25,West,Online,Living,Oak Side Table,1,189,0,189,112,77,False
NG-01452,2024-11-25,East,Online,Living,Oak Side Table,2,189,0,378,224,154,False
NG-01453,2024-11-25,South,Retail,Home Office,Monitor Riser,1,72,0.05,0,0,0,True
NG-01454,2024-11-25,North,Online,Home Office,Monitor Riser,1,72,0,72,33,39,False
NG-01455,2024-11-25,East,Retail,Living,Accent Cushion,1,46,0.05,43.7,20,23.7,False
NG-01456,2024-11-26,East,Marketplace,Everyday,Insulated Bottle,1,42,0.05,39.9,18,21.9,False
NG-01457,2024-11-26,South,Online,Home Office,Ergonomic Chair,2,245,0,490,288,202,False
NG-01458,2024-11-26,North,Retail,Living,Accent Cushion,1,46,0.05,43.7,20,23.7,False
NG-01459,2024-11-26,West,Retail,Living,Oak Side Table,1,189,0.15,160.65,112,48.65,False
NG-01460,2024-11-26,West,Retail,Kitchen,Cast Iron Pan,1,135,0,135,80,55,False
NG-01461,2024-11-26,North,Online,Home Office,Desk Lamp,1,58,0,58,28,30,False
NG-01462,2024-11-26,North,Online,Everyday,Insulated Bottle,1,42,0.15,35.7,18,17.7,False
NG-01463,2024-11-27,West,Retail,Living,Accent Cushion,1,46,0,46,20,26,False
NG-01464,2024-11-27,South,Retail,Home Office,Monitor Riser,1,72,0.2,57.6,33,24.6,False
NG-01465,2024-11-27,North,Retail,Kitchen,Ceramic Dinner Set,1,112,0.1,100.8,57,43.8,False
NG-01466,2024-11-27,North,Marketplace,Home Office,Monitor Riser,1,72,0.05,68.4,33,35.4,False
NG-01467,2024-11-27,West,Marketplace,Kitchen,Pour Over Kit,3,79,0.05,225.15,114,111.15,False
NG-01468,2024-11-27,North,Retail,Living,Oak Side Table,1,189,0,189,112,77,False
NG-01469,2024-11-27,East,Retail,Everyday,Canvas Tote,1,32,0.1,28.8,12,16.8,False
NG-01470,2024-11-27,North,Marketplace,Kitchen,Ceramic Dinner Set,1,112,0.05,106.4,57,49.4,False
NG-01471,2024-11-28,West,Retail,Living,Accent Cushion,2,46,0.1,82.8,40,42.8,False
NG-01472,2024-11-28,East,Retail,Home Office,Monitor Riser,1,72,0,72,33,39,False
NG-01473,2024-11-29,East,Marketplace,Living,Linen Throw,1,96,0.05,91.2,49,42.2,False
NG-01474,2024-11-29,South,Retail,Everyday,Insulated Bottle,1,42,0,42,18,24,False
NG-01475,2024-11-29,South,Online,Living,Linen Throw,1,96,0.05,91.2,49,42.2,False
NG-01476,2024-11-29,East,Retail,Living,Accent Cushion,1,46,0.05,43.7,20,23.7,False
NG-01477,2024-11-29,North,Marketplace,Kitchen,Pour Over Kit,1,79,0.05,0,0,0,True
NG-01478,2024-11-29,North,Retail,Home Office,Ergonomic Chair,1,245,0,245,144,101,False
NG-01479,2024-11-30,East,Online,Home Office,Desk Lamp,2,58,0,116,56,60,False
NG-01480,2024-11-30,North,Online,Kitchen,Ceramic Dinner Set,1,112,0,112,57,55,False
NG-01481,2024-11-30,East,Marketplace,Everyday,Insulated Bottle,2,42,0.05,79.8,36,43.8,False
NG-01482,2024-11-30,East,Retail,Home Office,Desk Lamp,1,58,0.05,55.1,28,27.1,False
NG-01483,2024-11-30,South,Retail,Home Office,Desk Lamp,2,58,0,116,56,60,False
NG-01484,2024-11-30,North,Retail,Everyday,Insulated Bottle,3,42,0.2,100.8,54,46.8,False
NG-01485,2024-11-30,East,Marketplace,Everyday,Canvas Tote,3,32,0.05,91.2,36,55.2,False
NG-01486,2024-11-30,East,Online,Home Office,Monitor Riser,1,72,0.1,64.8,33,31.8,False
NG-01487,2024-12-01,North,Online,Living,Accent Cushion,1,46,0,46,20,26,False
NG-01488,2024-12-01,West,Online,Living,Accent Cushion,1,46,0.1,41.4,20,21.4,False
NG-01489,2024-12-01,South,Online,Home Office,Monitor Riser,1,72,0.05,68.4,33,35.4,False
NG-01490,2024-12-01,South,Retail,Kitchen,Ceramic Dinner Set,1,112,0,112,57,55,False
NG-01491,2024-12-02,East,Online,Everyday,Canvas Tote,2,32,0.1,57.6,24,33.6,False
NG-01492,2024-12-02,East,Online,Everyday,Insulated Bottle,1,42,0.1,37.8,18,19.8,False
NG-01493,2024-12-02,South,Retail,Kitchen,Ceramic Dinner Set,1,112,0.15,95.2,57,38.2,False
NG-01494,2024-12-02,East,Online,Everyday,Insulated Bottle,2,42,0,84,36,48,False
NG-01495,2024-12-02,West,Retail,Home Office,Desk Lamp,1,58,0.05,55.1,28,27.1,False
NG-01496,2024-12-03,North,Marketplace,Kitchen,Ceramic Dinner Set,1,112,0.05,106.4,57,49.4,False
NG-01497,2024-12-03,West,Retail,Everyday,Canvas Tote,1,32,0.1,28.8,12,16.8,False
NG-01498,2024-12-03,West,Online,Kitchen,Pour Over Kit,1,79,0.1,71.1,38,33.1,False
NG-01499,2024-12-03,South,Retail,Home Office,Desk Lamp,1,58,0,58,28,30,False
NG-01500,2024-12-03,East,Marketplace,Everyday,Insulated Bottle,2,42,0.15,71.4,36,35.4,False
NG-01501,2024-12-03,West,Online,Everyday,Canvas Tote,1,32,0.15,27.2,12,15.2,False
NG-01502,2024-12-03,North,Retail,Everyday,Travel Backpack,1,129,0.2,103.2,68,35.2,False
NG-01503,2024-12-04,East,Marketplace,Everyday,Insulated Bottle,1,42,0.1,0,0,0,True
NG-01504,2024-12-04,South,Retail,Home Office,Desk Lamp,2,58,0.05,110.2,56,54.2,False
NG-01505,2024-12-04,East,Online,Home Office,Monitor Riser,2,72,0,144,66,78,False
NG-01506,2024-12-04,North,Online,Home Office,Ergonomic Chair,1,245,0,0,0,0,True
NG-01507,2024-12-04,South,Online,Kitchen,Pour Over Kit,1,79,0,79,38,41,False
NG-01508,2024-12-04,North,Retail,Everyday,Travel Backpack,2,129,0,258,136,122,False
NG-01509,2024-12-05,North,Marketplace,Everyday,Insulated Bottle,1,42,0.05,39.9,18,21.9,False
NG-01510,2024-12-05,South,Marketplace,Everyday,Insulated Bottle,1,42,0.2,0,0,0,True
NG-01511,2024-12-05,North,Marketplace,Home Office,Desk Lamp,2,58,0.15,98.6,56,42.6,False
NG-01512,2024-12-05,East,Online,Everyday,Insulated Bottle,1,42,0,42,18,24,False
NG-01513,2024-12-06,West,Retail,Kitchen,Ceramic Dinner Set,1,112,0.15,95.2,57,38.2,False
NG-01514,2024-12-06,South,Online,Everyday,Canvas Tote,1,32,0.15,0,0,0,True
NG-01515,2024-12-06,East,Online,Everyday,Insulated Bottle,1,42,0.1,37.8,18,19.8,False
NG-01516,2024-12-06,East,Retail,Home Office,Desk Lamp,1,58,0.05,55.1,28,27.1,False
NG-01517,2024-12-06,West,Marketplace,Home Office,Monitor Riser,1,72,0.15,61.2,33,28.2,False
NG-01518,2024-12-07,North,Online,Living,Accent Cushion,1,46,0.1,41.4,20,21.4,False
NG-01519,2024-12-07,East,Marketplace,Everyday,Insulated Bottle,1,42,0.05,39.9,18,21.9,False
NG-01520,2024-12-07,North,Marketplace,Living,Oak Side Table,1,189,0.05,179.55,112,67.55,False
NG-01521,2024-12-07,West,Retail,Kitchen,Ceramic Dinner Set,1,112,0,112,57,55,False
NG-01522,2024-12-07,North,Online,Everyday,Insulated Bottle,1,42,0.1,37.8,18,19.8,False
NG-01523,2024-12-07,North,Online,Kitchen,Cast Iron Pan,1,135,0,135,80,55,False
NG-01524,2024-12-07,East,Retail,Home Office,Desk Lamp,1,58,0.05,55.1,28,27.1,False
NG-01525,2024-12-08,East,Retail,Living,Oak Side Table,1,189,0,189,112,77,False
NG-01526,2024-12-08,East,Marketplace,Kitchen,Pour Over Kit,2,79,0.05,150.1,76,74.1,False
NG-01527,2024-12-08,North,Online,Everyday,Canvas Tote,1,32,0.15,27.2,12,15.2,False
NG-01528,2024-12-08,West,Retail,Living,Accent Cushion,1,46,0,46,20,26,False
NG-01529,2024-12-08,East,Retail,Home Office,Monitor Riser,1,72,0,72,33,39,False
NG-01530,2024-12-08,West,Retail,Everyday,Insulated Bottle,1,42,0.05,39.9,18,21.9,False
NG-01531,2024-12-08,North,Retail,Home Office,Desk Lamp,1,58,0,58,28,30,False
NG-01532,2024-12-08,West,Retail,Home Office,Ergonomic Chair,1,245,0,245,144,101,False
NG-01533,2024-12-08,West,Retail,Everyday,Canvas Tote,1,32,0.05,30.4,12,18.4,False
NG-01534,2024-12-08,East,Online,Living,Accent Cushion,1,46,0,46,20,26,False
NG-01535,2024-12-08,East,Online,Living,Oak Side Table,1,189,0.1,170.1,112,58.1,False
NG-01536,2024-12-09,North,Online,Kitchen,Ceramic Dinner Set,1,112,0,112,57,55,False
NG-01537,2024-12-09,East,Online,Everyday,Travel Backpack,2,129,0,258,136,122,False
NG-01538,2024-12-09,North,Online,Everyday,Travel Backpack,2,129,0.05,245.1,136,109.1,False
NG-01539,2024-12-09,South,Marketplace,Everyday,Travel Backpack,3,129,0.05,367.65,204,163.65,False
NG-01540,2024-12-09,South,Online,Living,Linen Throw,1,96,0.05,91.2,49,42.2,False
NG-01541,2024-12-09,South,Retail,Home Office,Ergonomic Chair,2,245,0.05,465.5,288,177.5,False
NG-01542,2024-12-10,South,Retail,Everyday,Insulated Bottle,1,42,0.1,37.8,18,19.8,False
NG-01543,2024-12-10,East,Online,Living,Oak Side Table,1,189,0.05,179.55,112,67.55,False
NG-01544,2024-12-10,North,Online,Everyday,Insulated Bottle,1,42,0.1,37.8,18,19.8,False
NG-01545,2024-12-10,South,Marketplace,Everyday,Insulated Bottle,1,42,0.05,39.9,18,21.9,False
NG-01546,2024-12-10,East,Online,Kitchen,Pour Over Kit,1,79,0,79,38,41,False
NG-01547,2024-12-10,East,Online,Home Office,Ergonomic Chair,1,245,0.15,208.25,144,64.25,False
NG-01548,2024-12-10,West,Retail,Living,Accent Cushion,1,46,0.1,0,0,0,True
NG-01549,2024-12-11,South,Retail,Everyday,Canvas Tote,1,32,0,32,12,20,False
NG-01550,2024-12-11,South,Marketplace,Living,Accent Cushion,1,46,0.05,43.7,20,23.7,False
NG-01551,2024-12-11,West,Retail,Kitchen,Ceramic Dinner Set,1,112,0,112,57,55,False
NG-01552,2024-12-11,East,Retail,Everyday,Canvas Tote,1,32,0.05,30.4,12,18.4,False
NG-01553,2024-12-11,North,Marketplace,Everyday,Insulated Bottle,1,42,0.05,39.9,18,21.9,False
NG-01554,2024-12-11,East,Marketplace,Everyday,Insulated Bottle,1,42,0.05,39.9,18,21.9,False
NG-01555,2024-12-11,South,Online,Everyday,Insulated Bottle,1,42,0,42,18,24,False
NG-01556,2024-12-11,South,Retail,Everyday,Canvas Tote,1,32,0,32,12,20,False
NG-01557,2024-12-11,North,Online,Home Office,Desk Lamp,1,58,0,58,28,30,False
NG-01558,2024-12-12,South,Online,Everyday,Insulated Bottle,1,42,0.05,39.9,18,21.9,False
NG-01559,2024-12-12,East,Online,Kitchen,Ceramic Dinner Set,1,112,0.1,100.8,57,43.8,False
NG-01560,2024-12-12,West,Online,Living,Accent Cushion,2,46,0,92,40,52,False
NG-01561,2024-12-12,East,Online,Everyday,Canvas Tote,1,32,0,32,12,20,False
NG-01562,2024-12-12,North,Marketplace,Kitchen,Pour Over Kit,2,79,0.05,150.1,76,74.1,False
NG-01563,2024-12-12,East,Retail,Everyday,Canvas Tote,3,32,0,96,36,60,False
NG-01564,2024-12-12,South,Online,Kitchen,Ceramic Dinner Set,3,112,0,336,171,165,False
NG-01565,2024-12-13,East,Retail,Home Office,Ergonomic Chair,1,245,0,245,144,101,False
NG-01566,2024-12-13,North,Retail,Living,Linen Throw,1,96,0.15,81.6,49,32.6,False
NG-01567,2024-12-13,North,Online,Kitchen,Pour Over Kit,1,79,0,79,38,41,False
NG-01568,2024-12-13,North,Marketplace,Home Office,Desk Lamp,3,58,0.1,156.6,84,72.6,False
NG-01569,2024-12-13,North,Marketplace,Home Office,Monitor Riser,1,72,0.05,68.4,33,35.4,False
NG-01570,2024-12-13,East,Marketplace,Everyday,Travel Backpack,1,129,0.15,0,0,0,True
NG-01571,2024-12-13,East,Online,Living,Linen Throw,1,96,0,96,49,47,False
NG-01572,2024-12-14,North,Online,Kitchen,Cast Iron Pan,1,135,0,135,80,55,False
NG-01573,2024-12-14,South,Retail,Home Office,Monitor Riser,3,72,0.05,205.2,99,106.2,False
NG-01574,2024-12-14,West,Retail,Everyday,Insulated Bottle,3,42,0.1,113.4,54,59.4,False
NG-01575,2024-12-14,North,Online,Home Office,Monitor Riser,1,72,0.2,57.6,33,24.6,False
NG-01576,2024-12-14,East,Marketplace,Everyday,Travel Backpack,2,129,0.05,245.1,136,109.1,False
NG-01577,2024-12-14,North,Online,Living,Accent Cushion,2,46,0,92,40,52,False
NG-01578,2024-12-15,North,Marketplace,Living,Linen Throw,1,96,0.15,81.6,49,32.6,False
NG-01579,2024-12-15,South,Retail,Kitchen,Ceramic Dinner Set,2,112,0.05,212.8,114,98.8,False
NG-01580,2024-12-15,East,Retail,Kitchen,Cast Iron Pan,1,135,0,135,80,55,False
NG-01581,2024-12-15,North,Online,Living,Accent Cushion,1,46,0,46,20,26,False
NG-01582,2024-12-15,East,Online,Kitchen,Cast Iron Pan,1,135,0,135,80,55,False
NG-01583,2024-12-15,West,Retail,Everyday,Canvas Tote,2,32,0,64,24,40,False
NG-01584,2024-12-15,West,Marketplace,Kitchen,Ceramic Dinner Set,1,112,0.2,0,0,0,True
NG-01585,2024-12-15,South,Retail,Living,Oak Side Table,1,189,0,0,0,0,True
NG-01586,2024-12-15,East,Online,Living,Accent Cushion,1,46,0.15,39.1,20,19.1,False
NG-01587,2024-12-15,East,Online,Home Office,Monitor Riser,1,72,0.1,64.8,33,31.8,False
NG-01588,2024-12-15,South,Online,Kitchen,Ceramic Dinner Set,1,112,0.2,89.6,57,32.6,False
NG-01589,2024-12-15,South,Retail,Kitchen,Pour Over Kit,3,79,0.1,213.3,114,99.3,False
NG-01590,2024-12-16,South,Marketplace,Living,Accent Cushion,1,46,0.05,43.7,20,23.7,False
NG-01591,2024-12-16,South,Marketplace,Living,Linen Throw,1,96,0.05,91.2,49,42.2,False
NG-01592,2024-12-16,South,Online,Everyday,Insulated Bottle,1,42,0,42,18,24,False
NG-01593,2024-12-16,South,Retail,Home Office,Monitor Riser,1,72,0,72,33,39,False
NG-01594,2024-12-16,South,Marketplace,Everyday,Insulated Bottle,1,42,0.05,39.9,18,21.9,False
NG-01595,2024-12-16,West,Online,Home Office,Ergonomic Chair,1,245,0,245,144,101,False
NG-01596,2024-12-16,West,Marketplace,Living,Linen Throw,2,96,0.1,172.8,98,74.8,False
NG-01597,2024-12-17,North,Online,Home Office,Monitor Riser,1,72,0.1,64.8,33,31.8,False
NG-01598,2024-12-17,North,Retail,Everyday,Canvas Tote,2,32,0,64,24,40,False
NG-01599,2024-12-17,South,Retail,Everyday,Insulated Bottle,1,42,0.15,35.7,18,17.7,False
NG-01600,2024-12-17,North,Retail,Home Office,Desk Lamp,1,58,0,58,28,30,False
NG-01601,2024-12-17,South,Retail,Kitchen,Pour Over Kit,1,79,0,79,38,41,False
NG-01602,2024-12-17,South,Retail,Kitchen,Ceramic Dinner Set,1,112,0.1,100.8,57,43.8,False
NG-01603,2024-12-17,South,Retail,Home Office,Monitor Riser,1,72,0,72,33,39,False
NG-01604,2024-12-18,North,Marketplace,Kitchen,Cast Iron Pan,1,135,0.05,128.25,80,48.25,False
NG-01605,2024-12-18,East,Online,Living,Linen Throw,1,96,0,96,49,47,False
NG-01606,2024-12-18,South,Retail,Living,Oak Side Table,1,189,0,189,112,77,False
NG-01607,2024-12-18,West,Retail,Home Office,Monitor Riser,1,72,0,72,33,39,False
NG-01608,2024-12-18,South,Marketplace,Home Office,Desk Lamp,1,58,0.05,55.1,28,27.1,False
NG-01609,2024-12-18,North,Online,Living,Linen Throw,1,96,0,96,49,47,False
NG-01610,2024-12-18,North,Marketplace,Living,Accent Cushion,1,46,0.05,43.7,20,23.7,False
NG-01611,2024-12-18,North,Marketplace,Living,Linen Throw,3,96,0.05,273.6,147,126.6,False
NG-01612,2024-12-19,East,Online,Everyday,Insulated Bottle,1,42,0,42,18,24,False
NG-01613,2024-12-19,East,Retail,Home Office,Desk Lamp,3,58,0,174,84,90,False
NG-01614,2024-12-19,East,Retail,Living,Linen Throw,1,96,0,96,49,47,False
NG-01615,2024-12-19,North,Online,Living,Linen Throw,1,96,0.05,91.2,49,42.2,False
NG-01616,2024-12-19,South,Online,Home Office,Monitor Riser,1,72,0.05,68.4,33,35.4,False
NG-01617,2024-12-19,North,Marketplace,Kitchen,Pour Over Kit,1,79,0.05,0,0,0,True
NG-01618,2024-12-19,South,Online,Home Office,Monitor Riser,1,72,0,72,33,39,False
NG-01619,2024-12-19,South,Marketplace,Kitchen,Pour Over Kit,1,79,0.05,75.05,38,37.05,False
NG-01620,2024-12-20,North,Retail,Kitchen,Pour Over Kit,3,79,0.05,225.15,114,111.15,False
NG-01621,2024-12-20,East,Online,Home Office,Ergonomic Chair,1,245,0.05,232.75,144,88.75,False
NG-01622,2024-12-20,North,Online,Everyday,Insulated Bottle,1,42,0,42,18,24,False
NG-01623,2024-12-20,East,Online,Kitchen,Cast Iron Pan,2,135,0,270,160,110,False
NG-01624,2024-12-21,East,Marketplace,Everyday,Insulated Bottle,1,42,0.2,33.6,18,15.6,False
NG-01625,2024-12-21,South,Retail,Everyday,Insulated Bottle,1,42,0,42,18,24,False
NG-01626,2024-12-21,West,Online,Everyday,Travel Backpack,1,129,0.05,122.55,68,54.55,False
NG-01627,2024-12-21,South,Online,Kitchen,Ceramic Dinner Set,1,112,0,112,57,55,False
NG-01628,2024-12-21,North,Online,Everyday,Canvas Tote,1,32,0.2,25.6,12,13.6,False
NG-01629,2024-12-22,South,Online,Everyday,Travel Backpack,1,129,0.05,0,0,0,True
NG-01630,2024-12-22,South,Online,Home Office,Monitor Riser,1,72,0.1,64.8,33,31.8,False
NG-01631,2024-12-22,East,Marketplace,Everyday,Travel Backpack,1,129,0.05,0,0,0,True
NG-01632,2024-12-22,West,Retail,Living,Linen Throw,2,96,0,192,98,94,False
NG-01633,2024-12-22,East,Online,Home Office,Monitor Riser,2,72,0.1,129.6,66,63.6,False
NG-01634,2024-12-22,East,Marketplace,Kitchen,Ceramic Dinner Set,1,112,0.05,106.4,57,49.4,False
NG-01635,2024-12-22,East,Marketplace,Kitchen,Cast Iron Pan,1,135,0.2,108.0,80,28.0,False
NG-01636,2024-12-22,North,Online,Living,Linen Throw,1,96,0,96,49,47,False
NG-01637,2024-12-22,East,Online,Home Office,Monitor Riser,1,72,0,72,33,39,False
NG-01638,2024-12-22,North,Marketplace,Home Office,Ergonomic Chair,1,245,0.05,232.75,144,88.75,False
NG-01639,2024-12-23,South,Retail,Living,Accent Cushion,1,46,0.05,43.7,20,23.7,False
NG-01640,2024-12-23,West,Marketplace,Living,Oak Side Table,4,189,0.05,0,0,0,True
NG-01641,2024-12-23,North,Retail,Home Office,Desk Lamp,1,58,0.05,55.1,28,27.1,False
NG-01642,2024-12-23,West,Retail,Living,Accent Cushion,1,46,0,46,20,26,False
NG-01643,2024-12-23,North,Retail,Home Office,Desk Lamp,1,58,0,58,28,30,False
NG-01644,2024-12-23,South,Retail,Living,Linen Throw,1,96,0,96,49,47,False
NG-01645,2024-12-23,West,Marketplace,Living,Accent Cushion,2,46,0.05,87.4,40,47.4,False
NG-01646,2024-12-24,South,Online,Home Office,Monitor Riser,1,72,0.05,68.4,33,35.4,False
NG-01647,2024-12-24,North,Online,Everyday,Insulated Bottle,1,42,0.1,37.8,18,19.8,False
NG-01648,2024-12-24,North,Retail,Living,Accent Cushion,1,46,0,46,20,26,False
NG-01649,2024-12-24,North,Online,Home Office,Desk Lamp,1,58,0.15,0,0,0,True
NG-01650,2024-12-24,North,Online,Kitchen,Pour Over Kit,1,79,0,0,0,0,True
NG-01651,2024-12-24,South,Marketplace,Kitchen,Ceramic Dinner Set,2,112,0.05,212.8,114,98.8,False
NG-01652,2024-12-24,West,Marketplace,Everyday,Travel Backpack,1,129,0.05,122.55,68,54.55,False
NG-01653,2024-12-24,East,Online,Home Office,Monitor Riser,1,72,0,72,33,39,False
NG-01654,2024-12-24,East,Online,Everyday,Canvas Tote,1,32,0,32,12,20,False
NG-01655,2024-12-24,South,Online,Everyday,Canvas Tote,1,32,0,32,12,20,False
NG-01656,2024-12-25,South,Marketplace,Everyday,Travel Backpack,1,129,0.05,122.55,68,54.55,False
NG-01657,2024-12-25,North,Retail,Living,Linen Throw,2,96,0.15,163.2,98,65.2,False
NG-01658,2024-12-25,East,Online,Home Office,Ergonomic Chair,1,245,0,245,144,101,False
NG-01659,2024-12-25,North,Marketplace,Kitchen,Ceramic Dinner Set,2,112,0.15,190.4,114,76.4,False
NG-01660,2024-12-25,North,Online,Living,Accent Cushion,1,46,0,46,20,26,False
NG-01661,2024-12-25,North,Retail,Living,Oak Side Table,1,189,0,189,112,77,False
NG-01662,2024-12-25,West,Retail,Living,Oak Side Table,1,189,0,189,112,77,False
NG-01663,2024-12-25,North,Online,Living,Accent Cushion,3,46,0,138,60,78,False
NG-01664,2024-12-25,North,Retail,Home Office,Ergonomic Chair,2,245,0.05,465.5,288,177.5,False
NG-01665,2024-12-25,South,Online,Everyday,Canvas Tote,1,32,0,32,12,20,False
NG-01666,2024-12-26,West,Marketplace,Everyday,Insulated Bottle,1,42,0.05,39.9,18,21.9,False
NG-01667,2024-12-26,East,Retail,Home Office,Desk Lamp,1,58,0.1,52.2,28,24.2,False
NG-01668,2024-12-26,North,Online,Kitchen,Pour Over Kit,1,79,0,79,38,41,False
NG-01669,2024-12-26,East,Marketplace,Living,Accent Cushion,1,46,0.1,41.4,20,21.4,False
NG-01670,2024-12-26,North,Online,Everyday,Travel Backpack,1,129,0,129,68,61,False
NG-01671,2024-12-26,North,Online,Home Office,Monitor Riser,1,72,0,72,33,39,False
NG-01672,2024-12-26,East,Online,Home Office,Desk Lamp,2,58,0,116,56,60,False
NG-01673,2024-12-26,North,Retail,Everyday,Travel Backpack,1,129,0.05,122.55,68,54.55,False
NG-01674,2024-12-27,South,Online,Everyday,Insulated Bottle,4,42,0,168,72,96,False
NG-01675,2024-12-27,West,Retail,Home Office,Monitor Riser,1,72,0.05,68.4,33,35.4,False
NG-01676,2024-12-27,East,Marketplace,Everyday,Canvas Tote,4,32,0.05,121.6,48,73.6,False
NG-01677,2024-12-27,South,Online,Kitchen,Pour Over Kit,2,79,0.15,134.3,76,58.3,False
NG-01678,2024-12-27,West,Retail,Living,Linen Throw,1,96,0.15,81.6,49,32.6,False
NG-01679,2024-12-27,South,Online,Home Office,Desk Lamp,1,58,0.1,52.2,28,24.2,False
NG-01680,2024-12-27,East,Retail,Home Office,Ergonomic Chair,1,245,0,245,144,101,False
NG-01681,2024-12-27,West,Retail,Kitchen,Pour Over Kit,1,79,0.1,71.1,38,33.1,False
NG-01682,2024-12-27,East,Marketplace,Everyday,Travel Backpack,1,129,0.05,122.55,68,54.55,False
NG-01683,2024-12-28,East,Retail,Home Office,Monitor Riser,1,72,0.15,61.2,33,28.2,False
NG-01684,2024-12-28,West,Retail,Living,Accent Cushion,1,46,0.05,43.7,20,23.7,False
NG-01685,2024-12-28,North,Marketplace,Home Office,Desk Lamp,1,58,0.05,0,0,0,True
NG-01686,2024-12-28,East,Online,Living,Accent Cushion,1,46,0,0,0,0,True
NG-01687,2024-12-28,East,Online,Living,Linen Throw,1,96,0.15,81.6,49,32.6,False
NG-01688,2024-12-28,East,Online,Everyday,Travel Backpack,4,129,0,516,272,244,False
NG-01689,2024-12-28,East,Online,Living,Accent Cushion,1,46,0.15,39.1,20,19.1,False
NG-01690,2024-12-28,North,Retail,Everyday,Travel Backpack,1,129,0.2,103.2,68,35.2,False
NG-01691,2024-12-28,East,Retail,Living,Oak Side Table,1,189,0,189,112,77,False
NG-01692,2024-12-29,North,Online,Kitchen,Pour Over Kit,2,79,0,158,76,82,False
NG-01693,2024-12-29,North,Online,Living,Accent Cushion,1,46,0.1,41.4,20,21.4,False
NG-01694,2024-12-29,West,Online,Home Office,Ergonomic Chair,2,245,0.05,0,0,0,True
NG-01695,2024-12-29,North,Online,Kitchen,Cast Iron Pan,1,135,0,135,80,55,False
NG-01696,2024-12-29,North,Online,Living,Linen Throw,1,96,0.15,81.6,49,32.6,False
NG-01697,2024-12-29,East,Online,Everyday,Insulated Bottle,1,42,0,42,18,24,False
NG-01698,2024-12-29,North,Retail,Living,Accent Cushion,2,46,0,92,40,52,False
NG-01699,2024-12-30,East,Online,Kitchen,Ceramic Dinner Set,1,112,0.1,100.8,57,43.8,False
NG-01700,2024-12-30,North,Online,Everyday,Insulated Bottle,1,42,0,42,18,24,False
NG-01701,2024-12-30,South,Retail,Living,Linen Throw,1,96,0,96,49,47,False
NG-01702,2024-12-30,North,Marketplace,Kitchen,Pour Over Kit,2,79,0.05,150.1,76,74.1,False
NG-01703,2024-12-31,East,Marketplace,Home Office,Desk Lamp,1,58,0.05,55.1,28,27.1,False
NG-01704,2024-12-31,South,Online,Everyday,Canvas Tote,1,32,0,32,12,20,False
NG-01705,2024-12-31,North,Marketplace,Home Office,Desk Lamp,1,58,0.1,52.2,28,24.2,False
NG-01706,2024-12-31,South,Retail,Kitchen,Pour Over Kit,1,79,0,79,38,41,False
NG-01707,2024-12-31,South,Retail,Living,Accent Cushion,1,46,0.15,39.1,20,19.1,False
NG-01708,2024-12-31,East,Marketplace,Home Office,Monitor Riser,1,72,0.1,64.8,33,31.8,False
NG-01709,2024-12-31,North,Marketplace,Everyday,Canvas Tote,1,32,0.1,28.8,12,16.8,False
NG-01710,2025-01-01,East,Retail,Living,Oak Side Table,1,189,0,189,112,77,False
NG-01711,2025-01-01,South,Online,Living,Accent Cushion,1,46,0,46,20,26,False
NG-01712,2025-01-01,South,Retail,Everyday,Canvas Tote,1,32,0,32,12,20,False
NG-01713,2025-01-01,South,Online,Kitchen,Pour Over Kit,2,79,0,158,76,82,False
NG-01714,2025-01-02,West,Retail,Kitchen,Ceramic Dinner Set,1,112,0,112,57,55,False
NG-01715,2025-01-02,South,Online,Living,Accent Cushion,1,46,0.05,43.7,20,23.7,False
NG-01716,2025-01-03,West,Online,Home Office,Desk Lamp,2,58,0.1,104.4,56,48.4,False
NG-01717,2025-01-03,East,Marketplace,Everyday,Travel Backpack,1,129,0.05,122.55,68,54.55,False
NG-01718,2025-01-03,West,Marketplace,Kitchen,Pour Over Kit,1,79,0.05,75.05,38,37.05,False
NG-01719,2025-01-03,North,Online,Everyday,Insulated Bottle,1,42,0,42,18,24,False
NG-01720,2025-01-04,South,Online,Home Office,Monitor Riser,1,72,0,72,33,39,False
NG-01721,2025-01-04,South,Retail,Kitchen,Cast Iron Pan,1,135,0,135,80,55,False
NG-01722,2025-01-04,North,Marketplace,Everyday,Canvas Tote,1,32,0.1,28.8,12,16.8,False
NG-01723,2025-01-04,East,Online,Home Office,Desk Lamp,1,58,0.1,52.2,28,24.2,False
NG-01724,2025-01-05,East,Retail,Living,Linen Throw,2,96,0,192,98,94,False
NG-01725,2025-01-05,South,Retail,Kitchen,Pour Over Kit,1,79,0,79,38,41,False
NG-01726,2025-01-05,North,Retail,Living,Accent Cushion,2,46,0,92,40,52,False
NG-01727,2025-01-05,East,Online,Kitchen,Pour Over Kit,1,79,0.05,75.05,38,37.05,False
NG-01728,2025-01-05,North,Retail,Home Office,Ergonomic Chair,1,245,0.05,232.75,144,88.75,False
NG-01729,2025-01-05,East,Retail,Home Office,Desk Lamp,1,58,0.05,55.1,28,27.1,False
NG-01730,2025-01-06,South,Retail,Everyday,Canvas Tote,1,32,0,32,12,20,False
NG-01731,2025-01-07,South,Online,Everyday,Canvas Tote,1,32,0,32,12,20,False
NG-01732,2025-01-07,East,Online,Home Office,Desk Lamp,1,58,0,58,28,30,False
NG-01733,2025-01-08,North,Marketplace,Everyday,Insulated Bottle,1,42,0.05,39.9,18,21.9,False
NG-01734,2025-01-09,North,Retail,Living,Accent Cushion,1,46,0,46,20,26,False
NG-01735,2025-01-09,North,Online,Home Office,Monitor Riser,1,72,0.05,68.4,33,35.4,False
NG-01736,2025-01-09,East,Online,Everyday,Travel Backpack,1,129,0.05,122.55,68,54.55,False
NG-01737,2025-01-10,West,Retail,Living,Linen Throw,1,96,0.2,76.8,49,27.8,False
NG-01738,2025-01-10,North,Marketplace,Home Office,Ergonomic Chair,1,245,0.1,220.5,144,76.5,False
NG-01739,2025-01-10,East,Retail,Home Office,Desk Lamp,1,58,0,58,28,30,False
NG-01740,2025-01-10,North,Retail,Everyday,Travel Backpack,1,129,0.05,122.55,68,54.55,False
NG-01741,2025-01-11,North,Marketplace,Everyday,Canvas Tote,2,32,0.05,60.8,24,36.8,False
NG-01742,2025-01-11,North,Marketplace,Kitchen,Pour Over Kit,2,79,0.05,150.1,76,74.1,False
NG-01743,2025-01-11,North,Online,Everyday,Travel Backpack,1,129,0,129,68,61,False
NG-01744,2025-01-11,South,Retail,Kitchen,Cast Iron Pan,1,135,0,135,80,55,False
NG-01745,2025-01-11,South,Retail,Home Office,Monitor Riser,2,72,0,144,66,78,False
NG-01746,2025-01-11,North,Online,Everyday,Travel Backpack,1,129,0,129,68,61,False
NG-01747,2025-01-12,North,Retail,Living,Linen Throw,1,96,0.05,91.2,49,42.2,False
NG-01748,2025-01-12,South,Online,Living,Accent Cushion,1,46,0,46,20,26,False
NG-01749,2025-01-12,North,Online,Everyday,Canvas Tote,2,32,0,64,24,40,False
NG-01750,2025-01-12,North,Online,Everyday,Travel Backpack,1,129,0,129,68,61,False
NG-01751,2025-01-12,East,Retail,Everyday,Insulated Bottle,1,42,0,42,18,24,False
NG-01752,2025-01-12,South,Retail,Everyday,Canvas Tote,1,32,0.05,30.4,12,18.4,False
NG-01753,2025-01-12,West,Marketplace,Everyday,Insulated Bottle,2,42,0.05,79.8,36,43.8,False
NG-01754,2025-01-12,East,Online,Kitchen,Pour Over Kit,2,79,0,158,76,82,False
NG-01755,2025-01-13,South,Retail,Kitchen,Pour Over Kit,2,79,0.1,142.2,76,66.2,False
NG-01756,2025-01-13,East,Retail,Kitchen,Cast Iron Pan,1,135,0.05,128.25,80,48.25,False
NG-01757,2025-01-13,East,Marketplace,Home Office,Monitor Riser,1,72,0.05,68.4,33,35.4,False
NG-01758,2025-01-14,East,Marketplace,Kitchen,Ceramic Dinner Set,2,112,0.05,212.8,114,98.8,False
NG-01759,2025-01-14,South,Online,Kitchen,Cast Iron Pan,1,135,0.15,114.75,80,34.75,False
NG-01760,2025-01-14,South,Retail,Everyday,Insulated Bottle,1,42,0,42,18,24,False
NG-01761,2025-01-14,West,Online,Kitchen,Ceramic Dinner Set,1,112,0.15,95.2,57,38.2,False
NG-01762,2025-01-14,North,Online,Living,Accent Cushion,1,46,0,46,20,26,False
NG-01763,2025-01-15,East,Marketplace,Kitchen,Cast Iron Pan,4,135,0.05,513.0,320,193.0,False
NG-01764,2025-01-15,West,Retail,Everyday,Canvas Tote,1,32,0.15,27.2,12,15.2,False
NG-01765,2025-01-16,South,Marketplace,Home Office,Monitor Riser,1,72,0.05,68.4,33,35.4,False
NG-01766,2025-01-16,South,Online,Home Office,Desk Lamp,3,58,0,174,84,90,False
NG-01767,2025-01-16,West,Marketplace,Everyday,Canvas Tote,4,32,0.05,121.6,48,73.6,False
NG-01768,2025-01-16,North,Retail,Living,Accent Cushion,1,46,0.05,43.7,20,23.7,False
NG-01769,2025-01-16,East,Marketplace,Living,Accent Cushion,2,46,0.05,87.4,40,47.4,False
NG-01770,2025-01-17,East,Online,Everyday,Insulated Bottle,2,42,0.05,79.8,36,43.8,False
NG-01771,2025-01-17,East,Marketplace,Kitchen,Pour Over Kit,1,79,0.05,75.05,38,37.05,False
NG-01772,2025-01-17,West,Online,Home Office,Desk Lamp,2,58,0,116,56,60,False
NG-01773,2025-01-17,East,Retail,Living,Accent Cushion,3,46,0.15,117.3,60,57.3,False
NG-01774,2025-01-18,North,Online,Everyday,Canvas Tote,1,32,0,32,12,20,False
NG-01775,2025-01-18,West,Online,Kitchen,Cast Iron Pan,1,135,0.15,114.75,80,34.75,False
NG-01776,2025-01-18,North,Online,Living,Linen Throw,1,96,0.2,76.8,49,27.8,False
NG-01777,2025-01-18,East,Retail,Home Office,Ergonomic Chair,1,245,0.05,232.75,144,88.75,False
NG-01778,2025-01-18,North,Online,Kitchen,Cast Iron Pan,2,135,0,270,160,110,False
NG-01779,2025-01-19,West,Online,Home Office,Desk Lamp,1,58,0,58,28,30,False
NG-01780,2025-01-19,North,Online,Home Office,Desk Lamp,2,58,0.1,104.4,56,48.4,False
NG-01781,2025-01-20,North,Online,Kitchen,Pour Over Kit,1,79,0,79,38,41,False
NG-01782,2025-01-20,East,Online,Everyday,Insulated Bottle,1,42,0,42,18,24,False
NG-01783,2025-01-20,West,Retail,Kitchen,Cast Iron Pan,2,135,0.15,229.5,160,69.5,False
NG-01784,2025-01-20,East,Retail,Everyday,Insulated Bottle,1,42,0,42,18,24,False
NG-01785,2025-01-20,North,Marketplace,Home Office,Ergonomic Chair,1,245,0.05,232.75,144,88.75,False
NG-01786,2025-01-21,South,Online,Kitchen,Pour Over Kit,2,79,0.05,150.1,76,74.1,False
NG-01787,2025-01-21,South,Marketplace,Living,Accent Cushion,2,46,0.1,82.8,40,42.8,False
NG-01788,2025-01-21,East,Online,Home Office,Ergonomic Chair,1,245,0.15,208.25,144,64.25,False
NG-01789,2025-01-21,North,Online,Home Office,Monitor Riser,1,72,0,72,33,39,False
NG-01790,2025-01-22,East,Retail,Everyday,Travel Backpack,1,129,0.05,122.55,68,54.55,False
NG-01791,2025-01-22,North,Retail,Home Office,Ergonomic Chair,1,245,0,245,144,101,False
NG-01792,2025-01-23,West,Online,Kitchen,Cast Iron Pan,2,135,0,270,160,110,False
NG-01793,2025-01-23,North,Online,Kitchen,Pour Over Kit,1,79,0,79,38,41,False
NG-01794,2025-01-23,North,Retail,Everyday,Insulated Bottle,1,42,0.1,37.8,18,19.8,False
NG-01795,2025-01-23,East,Online,Everyday,Travel Backpack,1,129,0.05,122.55,68,54.55,False
NG-01796,2025-01-24,North,Online,Everyday,Travel Backpack,1,129,0.05,122.55,68,54.55,False
NG-01797,2025-01-24,East,Retail,Everyday,Insulated Bottle,1,42,0,42,18,24,False
NG-01798,2025-01-25,East,Online,Home Office,Ergonomic Chair,1,245,0,245,144,101,False
NG-01799,2025-01-25,South,Marketplace,Everyday,Insulated Bottle,1,42,0.05,39.9,18,21.9,False
NG-01800,2025-01-25,North,Retail,Kitchen,Pour Over Kit,1,79,0.1,71.1,38,33.1,False
NG-01801,2025-01-26,East,Retail,Home Office,Ergonomic Chair,1,245,0.05,232.75,144,88.75,False
NG-01802,2025-01-26,East,Retail,Kitchen,Ceramic Dinner Set,1,112,0.05,106.4,57,49.4,False
NG-01803,2025-01-26,North,Retail,Everyday,Insulated Bottle,2,42,0,0,0,0,True
NG-01804,2025-01-26,East,Retail,Living,Linen Throw,1,96,0.05,0,0,0,True
NG-01805,2025-01-27,South,Retail,Living,Accent Cushion,1,46,0,46,20,26,False
NG-01806,2025-01-27,West,Retail,Living,Accent Cushion,1,46,0,46,20,26,False
NG-01807,2025-01-27,South,Marketplace,Living,Oak Side Table,1,189,0.05,179.55,112,67.55,False
NG-01808,2025-01-27,South,Retail,Kitchen,Ceramic Dinner Set,1,112,0.05,106.4,57,49.4,False
NG-01809,2025-01-28,North,Retail,Kitchen,Pour Over Kit,1,79,0.1,71.1,38,33.1,False
NG-01810,2025-01-28,North,Retail,Living,Accent Cushion,1,46,0.1,41.4,20,21.4,False
NG-01811,2025-01-28,South,Retail,Living,Oak Side Table,1,189,0,189,112,77,False
NG-01812,2025-01-29,North,Online,Everyday,Travel Backpack,1,129,0.15,109.65,68,41.65,False
NG-01813,2025-01-29,North,Online,Everyday,Canvas Tote,3,32,0.05,91.2,36,55.2,False
NG-01814,2025-01-29,West,Retail,Kitchen,Cast Iron Pan,1,135,0,135,80,55,False
NG-01815,2025-01-30,North,Marketplace,Living,Accent Cushion,2,46,0.05,87.4,40,47.4,False
NG-01816,2025-01-30,South,Online,Kitchen,Pour Over Kit,1,79,0.2,63.2,38,25.2,False
NG-01817,2025-01-30,North,Online,Home Office,Desk Lamp,1,58,0,58,28,30,False
NG-01818,2025-01-31,North,Retail,Home Office,Desk Lamp,1,58,0.05,55.1,28,27.1,False
NG-01819,2025-01-31,East,Retail,Everyday,Insulated Bottle,1,42,0.1,37.8,18,19.8,False
NG-01820,2025-01-31,West,Online,Home Office,Ergonomic Chair,1,245,0,245,144,101,False
NG-01821,2025-01-31,North,Retail,Kitchen,Pour Over Kit,2,79,0.1,142.2,76,66.2,False
NG-01822,2025-02-01,South,Online,Kitchen,Pour Over Kit,2,79,0.05,150.1,76,74.1,False
NG-01823,2025-02-01,East,Online,Home Office,Monitor Riser,1,72,0.1,64.8,33,31.8,False
NG-01824,2025-02-01,East,Retail,Home Office,Desk Lamp,1,58,0.2,46.4,28,18.4,False
NG-01825,2025-02-01,North,Retail,Kitchen,Pour Over Kit,1,79,0.05,75.05,38,37.05,False
NG-01826,2025-02-01,North,Retail,Home Office,Desk Lamp,2,58,0,116,56,60,False
NG-01827,2025-02-02,North,Retail,Everyday,Insulated Bottle,2,42,0.1,75.6,36,39.6,False
NG-01828,2025-02-02,North,Online,Everyday,Canvas Tote,3,32,0.1,0,0,0,True
NG-01829,2025-02-02,East,Online,Everyday,Travel Backpack,1,129,0,129,68,61,False
NG-01830,2025-02-02,East,Retail,Home Office,Desk Lamp,1,58,0,58,28,30,False
NG-01831,2025-02-02,West,Marketplace,Everyday,Travel Backpack,3,129,0.05,367.65,204,163.65,False
NG-01832,2025-02-02,East,Online,Everyday,Travel Backpack,2,129,0.15,219.3,136,83.3,False
NG-01833,2025-02-02,South,Online,Home Office,Ergonomic Chair,1,245,0,245,144,101,False
NG-01834,2025-02-03,North,Online,Home Office,Desk Lamp,3,58,0.15,147.9,84,63.9,False
NG-01835,2025-02-03,North,Online,Home Office,Monitor Riser,1,72,0.2,57.6,33,24.6,False
NG-01836,2025-02-04,East,Online,Kitchen,Ceramic Dinner Set,1,112,0,112,57,55,False
NG-01837,2025-02-04,North,Online,Everyday,Travel Backpack,1,129,0,129,68,61,False
NG-01838,2025-02-04,South,Online,Kitchen,Cast Iron Pan,2,135,0,270,160,110,False
NG-01839,2025-02-05,North,Marketplace,Kitchen,Ceramic Dinner Set,3,112,0.05,319.2,171,148.2,False
NG-01840,2025-02-05,East,Retail,Living,Linen Throw,2,96,0.15,163.2,98,65.2,False
NG-01841,2025-02-06,North,Marketplace,Kitchen,Pour Over Kit,1,79,0.05,75.05,38,37.05,False
NG-01842,2025-02-06,North,Marketplace,Living,Linen Throw,2,96,0.05,182.4,98,84.4,False
NG-01843,2025-02-06,South,Online,Kitchen,Cast Iron Pan,1,135,0,135,80,55,False
NG-01844,2025-02-06,North,Marketplace,Everyday,Travel Backpack,2,129,0.1,232.2,136,96.2,False
NG-01845,2025-02-06,West,Retail,Home Office,Desk Lamp,1,58,0,58,28,30,False
NG-01846,2025-02-07,North,Retail,Home Office,Ergonomic Chair,1,245,0.15,208.25,144,64.25,False
NG-01847,2025-02-07,South,Retail,Everyday,Canvas Tote,2,32,0.1,57.6,24,33.6,False
NG-01848,2025-02-07,South,Online,Kitchen,Ceramic Dinner Set,1,112,0,112,57,55,False
NG-01849,2025-02-08,West,Online,Kitchen,Ceramic Dinner Set,2,112,0,224,114,110,False
NG-01850,2025-02-08,South,Marketplace,Everyday,Insulated Bottle,1,42,0.05,39.9,18,21.9,False
NG-01851,2025-02-08,North,Online,Home Office,Monitor Riser,1,72,0.1,64.8,33,31.8,False
NG-01852,2025-02-09,West,Retail,Everyday,Travel Backpack,1,129,0.1,116.1,68,48.1,False
NG-01853,2025-02-09,North,Online,Living,Oak Side Table,1,189,0,189,112,77,False
NG-01854,2025-02-09,West,Retail,Kitchen,Cast Iron Pan,1,135,0,135,80,55,False
NG-01855,2025-02-10,East,Marketplace,Living,Accent Cushion,1,46,0.05,43.7,20,23.7,False
NG-01856,2025-02-10,North,Retail,Kitchen,Pour Over Kit,3,79,0.15,201.45,114,87.45,False
NG-01857,2025-02-10,South,Online,Everyday,Canvas Tote,2,32,0,64,24,40,False
NG-01858,2025-02-10,East,Online,Home Office,Desk Lamp,1,58,0.2,46.4,28,18.4,False
NG-01859,2025-02-11,North,Retail,Home Office,Desk Lamp,1,58,0.1,52.2,28,24.2,False
NG-01860,2025-02-11,North,Marketplace,Home Office,Monitor Riser,4,72,0.05,273.6,132,141.6,False
NG-01861,2025-02-11,West,Online,Home Office,Monitor Riser,4,72,0.05,273.6,132,141.6,False
NG-01862,2025-02-11,East,Marketplace,Everyday,Insulated Bottle,1,42,0.1,0,0,0,True
NG-01863,2025-02-11,North,Online,Kitchen,Pour Over Kit,1,79,0,79,38,41,False
NG-01864,2025-02-11,South,Marketplace,Everyday,Canvas Tote,2,32,0.05,60.8,24,36.8,False
NG-01865,2025-02-11,East,Retail,Everyday,Canvas Tote,1,32,0,32,12,20,False
NG-01866,2025-02-12,East,Online,Living,Oak Side Table,1,189,0.1,170.1,112,58.1,False
NG-01867,2025-02-12,East,Marketplace,Living,Accent Cushion,3,46,0.15,117.3,60,57.3,False
NG-01868,2025-02-12,West,Online,Everyday,Insulated Bottle,1,42,0.15,35.7,18,17.7,False
NG-01869,2025-02-12,North,Online,Home Office,Ergonomic Chair,1,245,0,245,144,101,False
NG-01870,2025-02-12,North,Online,Home Office,Monitor Riser,1,72,0,72,33,39,False
NG-01871,2025-02-12,South,Retail,Everyday,Insulated Bottle,1,42,0,42,18,24,False
NG-01872,2025-02-13,East,Online,Everyday,Canvas Tote,1,32,0.1,28.8,12,16.8,False
NG-01873,2025-02-13,East,Marketplace,Living,Accent Cushion,2,46,0.05,87.4,40,47.4,False
NG-01874,2025-02-13,North,Retail,Living,Linen Throw,1,96,0.05,0,0,0,True
NG-01875,2025-02-13,East,Retail,Home Office,Monitor Riser,1,72,0,72,33,39,False
NG-01876,2025-02-13,East,Retail,Everyday,Canvas Tote,1,32,0.1,28.8,12,16.8,False
NG-01877,2025-02-13,South,Online,Kitchen,Pour Over Kit,1,79,0.05,75.05,38,37.05,False
NG-01878,2025-02-14,South,Retail,Living,Oak Side Table,1,189,0.1,170.1,112,58.1,False
NG-01879,2025-02-14,North,Retail,Living,Linen Throw,1,96,0,96,49,47,False
NG-01880,2025-02-14,South,Retail,Home Office,Desk Lamp,1,58,0.1,52.2,28,24.2,False
NG-01881,2025-02-15,North,Online,Home Office,Desk Lamp,1,58,0,58,28,30,False
NG-01882,2025-02-15,East,Online,Kitchen,Pour Over Kit,1,79,0.05,75.05,38,37.05,False
NG-01883,2025-02-15,North,Online,Living,Linen Throw,1,96,0,96,49,47,False
NG-01884,2025-02-15,North,Retail,Living,Accent Cushion,1,46,0.05,43.7,20,23.7,False
NG-01885,2025-02-15,South,Online,Living,Accent Cushion,1,46,0.15,39.1,20,19.1,False
NG-01886,2025-02-16,North,Online,Kitchen,Cast Iron Pan,1,135,0.1,121.5,80,41.5,False
NG-01887,2025-02-16,South,Marketplace,Living,Oak Side Table,2,189,0.1,340.2,224,116.2,False
NG-01888,2025-02-16,West,Online,Everyday,Canvas Tote,1,32,0,32,12,20,False
NG-01889,2025-02-16,West,Online,Home Office,Desk Lamp,1,58,0,58,28,30,False
NG-01890,2025-02-17,East,Retail,Living,Oak Side Table,3,189,0,567,336,231,False
NG-01891,2025-02-17,West,Retail,Everyday,Travel Backpack,1,129,0,129,68,61,False
NG-01892,2025-02-18,North,Marketplace,Living,Accent Cushion,4,46,0.15,156.4,80,76.4,False
NG-01893,2025-02-18,East,Retail,Kitchen,Cast Iron Pan,1,135,0,135,80,55,False
NG-01894,2025-02-18,North,Retail,Everyday,Insulated Bottle,3,42,0.1,113.4,54,59.4,False
NG-01895,2025-02-19,North,Retail,Living,Oak Side Table,1,189,0,189,112,77,False
NG-01896,2025-02-19,West,Online,Everyday,Insulated Bottle,1,42,0.1,37.8,18,19.8,False
NG-01897,2025-02-19,West,Online,Kitchen,Cast Iron Pan,1,135,0.2,108.0,80,28.0,False
NG-01898,2025-02-19,North,Retail,Kitchen,Pour Over Kit,2,79,0.05,150.1,76,74.1,False
NG-01899,2025-02-19,West,Online,Kitchen,Ceramic Dinner Set,1,112,0.05,106.4,57,49.4,False
NG-01900,2025-02-19,North,Retail,Kitchen,Pour Over Kit,1,79,0.05,75.05,38,37.05,False
NG-01901,2025-02-19,West,Retail,Home Office,Ergonomic Chair,1,245,0,0,0,0,True
NG-01902,2025-02-20,North,Marketplace,Living,Linen Throw,1,96,0.2,76.8,49,27.8,False
NG-01903,2025-02-20,East,Marketplace,Everyday,Travel Backpack,2,129,0.05,245.1,136,109.1,False
NG-01904,2025-02-20,North,Online,Kitchen,Ceramic Dinner Set,2,112,0,224,114,110,False
NG-01905,2025-02-20,East,Retail,Kitchen,Ceramic Dinner Set,1,112,0,0,0,0,True
NG-01906,2025-02-21,East,Online,Living,Accent Cushion,1,46,0,46,20,26,False
NG-01907,2025-02-21,North,Retail,Everyday,Travel Backpack,1,129,0,129,68,61,False
NG-01908,2025-02-21,South,Retail,Everyday,Canvas Tote,1,32,0,32,12,20,False
NG-01909,2025-02-22,South,Online,Living,Accent Cushion,1,46,0.2,36.8,20,16.8,False
NG-01910,2025-02-22,West,Retail,Home Office,Desk Lamp,3,58,0,174,84,90,False
NG-01911,2025-02-22,West,Online,Everyday,Insulated Bottle,2,42,0.1,75.6,36,39.6,False
NG-01912,2025-02-23,North,Marketplace,Home Office,Monitor Riser,3,72,0.1,194.4,99,95.4,False
NG-01913,2025-02-23,South,Marketplace,Living,Oak Side Table,1,189,0.05,179.55,112,67.55,False
NG-01914,2025-02-23,East,Retail,Everyday,Insulated Bottle,1,42,0,42,18,24,False
NG-01915,2025-02-24,South,Online,Everyday,Insulated Bottle,2,42,0,84,36,48,False
NG-01916,2025-02-24,East,Retail,Living,Linen Throw,1,96,0,96,49,47,False
NG-01917,2025-02-24,East,Online,Living,Accent Cushion,1,46,0,46,20,26,False
NG-01918,2025-02-24,West,Marketplace,Everyday,Insulated Bottle,2,42,0.05,79.8,36,43.8,False
NG-01919,2025-02-24,South,Retail,Home Office,Desk Lamp,2,58,0.05,110.2,56,54.2,False
NG-01920,2025-02-25,East,Retail,Living,Linen Throw,1,96,0.1,86.4,49,37.4,False
NG-01921,2025-02-26,East,Online,Living,Accent Cushion,1,46,0,46,20,26,False
NG-01922,2025-02-26,West,Online,Everyday,Travel Backpack,3,129,0.15,328.95,204,124.95,False
NG-01923,2025-02-27,South,Online,Home Office,Monitor Riser,1,72,0.05,68.4,33,35.4,False
NG-01924,2025-02-27,West,Online,Kitchen,Pour Over Kit,2,79,0.1,0,0,0,True
NG-01925,2025-02-27,South,Online,Kitchen,Cast Iron Pan,1,135,0.2,108.0,80,28.0,False
NG-01926,2025-02-27,South,Online,Home Office,Desk Lamp,3,58,0,174,84,90,False
NG-01927,2025-02-28,West,Online,Living,Accent Cushion,1,46,0.15,39.1,20,19.1,False
NG-01928,2025-02-28,North,Retail,Kitchen,Pour Over Kit,1,79,0.05,75.05,38,37.05,False
NG-01929,2025-02-28,North,Online,Home Office,Desk Lamp,1,58,0.05,55.1,28,27.1,False
NG-01930,2025-03-01,East,Online,Everyday,Canvas Tote,1,32,0,32,12,20,False
NG-01931,2025-03-01,South,Retail,Living,Linen Throw,1,96,0.15,81.6,49,32.6,False
NG-01932,2025-03-01,East,Marketplace,Kitchen,Pour Over Kit,1,79,0.05,75.05,38,37.05,False
NG-01933,2025-03-01,West,Online,Living,Accent Cushion,1,46,0,46,20,26,False
NG-01934,2025-03-02,North,Retail,Home Office,Ergonomic Chair,1,245,0,245,144,101,False
NG-01935,2025-03-02,East,Marketplace,Home Office,Desk Lamp,1,58,0.05,55.1,28,27.1,False
NG-01936,2025-03-02,South,Retail,Living,Accent Cushion,1,46,0.05,43.7,20,23.7,False
NG-01937,2025-03-02,North,Online,Home Office,Ergonomic Chair,1,245,0.05,232.75,144,88.75,False
NG-01938,2025-03-02,West,Online,Living,Linen Throw,3,96,0.15,0,0,0,True
NG-01939,2025-03-03,West,Retail,Living,Linen Throw,3,96,0.15,0,0,0,True
NG-01940,2025-03-03,North,Online,Home Office,Ergonomic Chair,2,245,0,490,288,202,False
NG-01941,2025-03-03,South,Retail,Everyday,Insulated Bottle,1,42,0,42,18,24,False
NG-01942,2025-03-03,East,Retail,Home Office,Desk Lamp,1,58,0,58,28,30,False
NG-01943,2025-03-03,East,Retail,Everyday,Insulated Bottle,1,42,0,42,18,24,False
NG-01944,2025-03-04,North,Retail,Everyday,Travel Backpack,2,129,0,258,136,122,False
NG-01945,2025-03-04,East,Marketplace,Everyday,Travel Backpack,1,129,0.05,122.55,68,54.55,False
NG-01946,2025-03-04,East,Online,Kitchen,Pour Over Kit,1,79,0,79,38,41,False
NG-01947,2025-03-05,West,Retail,Home Office,Desk Lamp,2,58,0,116,56,60,False
NG-01948,2025-03-05,South,Retail,Living,Accent Cushion,1,46,0,46,20,26,False
NG-01949,2025-03-05,East,Online,Everyday,Travel Backpack,1,129,0.2,103.2,68,35.2,False
NG-01950,2025-03-05,East,Online,Everyday,Canvas Tote,2,32,0.1,57.6,24,33.6,False
NG-01951,2025-03-05,South,Online,Living,Accent Cushion,1,46,0,46,20,26,False
NG-01952,2025-03-05,North,Online,Kitchen,Pour Over Kit,2,79,0.1,142.2,76,66.2,False
NG-01953,2025-03-06,South,Online,Everyday,Insulated Bottle,2,42,0.1,75.6,36,39.6,False
NG-01954,2025-03-06,West,Retail,Kitchen,Pour Over Kit,1,79,0,79,38,41,False
NG-01955,2025-03-06,North,Online,Living,Linen Throw,1,96,0,96,49,47,False
NG-01956,2025-03-06,North,Marketplace,Everyday,Travel Backpack,1,129,0.05,122.55,68,54.55,False
NG-01957,2025-03-06,East,Online,Kitchen,Pour Over Kit,1,79,0.1,71.1,38,33.1,False
NG-01958,2025-03-06,South,Online,Everyday,Canvas Tote,3,32,0,96,36,60,False
NG-01959,2025-03-07,North,Marketplace,Living,Oak Side Table,1,189,0.2,151.2,112,39.2,False
NG-01960,2025-03-07,North,Retail,Everyday,Canvas Tote,1,32,0,32,12,20,False
NG-01961,2025-03-07,North,Online,Living,Accent Cushion,1,46,0,46,20,26,False
NG-01962,2025-03-07,South,Online,Everyday,Insulated Bottle,1,42,0,42,18,24,False
NG-01963,2025-03-07,North,Marketplace,Everyday,Insulated Bottle,2,42,0.05,79.8,36,43.8,False
NG-01964,2025-03-07,West,Online,Living,Accent Cushion,1,46,0.15,39.1,20,19.1,False
NG-01965,2025-03-07,East,Retail,Everyday,Travel Backpack,1,129,0,0,0,0,True
NG-01966,2025-03-07,West,Retail,Everyday,Travel Backpack,1,129,0.15,109.65,68,41.65,False
NG-01967,2025-03-08,South,Online,Everyday,Canvas Tote,3,32,0.2,76.8,36,40.8,False
NG-01968,2025-03-09,North,Online,Living,Oak Side Table,1,189,0,189,112,77,False
NG-01969,2025-03-09,North,Retail,Everyday,Canvas Tote,1,32,0,0,0,0,True
NG-01970,2025-03-09,South,Online,Living,Accent Cushion,1,46,0.1,41.4,20,21.4,False
NG-01971,2025-03-09,South,Marketplace,Everyday,Insulated Bottle,3,42,0.05,119.7,54,65.7,False
NG-01972,2025-03-09,East,Marketplace,Kitchen,Pour Over Kit,1,79,0.05,75.05,38,37.05,False
NG-01973,2025-03-10,South,Online,Home Office,Desk Lamp,2,58,0,0,0,0,True
NG-01974,2025-03-10,North,Retail,Home Office,Desk Lamp,1,58,0.1,52.2,28,24.2,False
NG-01975,2025-03-10,North,Retail,Home Office,Desk Lamp,1,58,0,58,28,30,False
NG-01976,2025-03-10,North,Retail,Home Office,Monitor Riser,1,72,0.1,64.8,33,31.8,False
NG-01977,2025-03-10,South,Online,Everyday,Insulated Bottle,2,42,0,84,36,48,False
NG-01978,2025-03-11,South,Marketplace,Home Office,Ergonomic Chair,2,245,0.05,465.5,288,177.5,False
NG-01979,2025-03-11,North,Online,Kitchen,Pour Over Kit,1,79,0.2,63.2,38,25.2,False
NG-01980,2025-03-11,North,Retail,Home Office,Monitor Riser,1,72,0,72,33,39,False
NG-01981,2025-03-11,North,Online,Kitchen,Pour Over Kit,1,79,0,79,38,41,False
NG-01982,2025-03-12,North,Online,Kitchen,Pour Over Kit,1,79,0,79,38,41,False
NG-01983,2025-03-12,South,Online,Kitchen,Pour Over Kit,4,79,0,316,152,164,False
NG-01984,2025-03-13,North,Retail,Home Office,Monitor Riser,1,72,0.05,68.4,33,35.4,False
NG-01985,2025-03-13,South,Online,Home Office,Desk Lamp,1,58,0.05,55.1,28,27.1,False
NG-01986,2025-03-13,West,Online,Everyday,Canvas Tote,1,32,0.05,30.4,12,18.4,False
NG-01987,2025-03-13,North,Online,Everyday,Insulated Bottle,1,42,0.15,35.7,18,17.7,False
NG-01988,2025-03-13,North,Online,Everyday,Insulated Bottle,1,42,0,42,18,24,False
NG-01989,2025-03-13,South,Online,Living,Accent Cushion,1,46,0.05,43.7,20,23.7,False
NG-01990,2025-03-13,East,Marketplace,Home Office,Monitor Riser,1,72,0.05,68.4,33,35.4,False
NG-01991,2025-03-14,West,Online,Home Office,Monitor Riser,2,72,0.1,0,0,0,True
NG-01992,2025-03-14,South,Retail,Everyday,Canvas Tote,1,32,0.05,30.4,12,18.4,False
NG-01993,2025-03-14,West,Marketplace,Kitchen,Ceramic Dinner Set,1,112,0.1,100.8,57,43.8,False
NG-01994,2025-03-14,South,Retail,Living,Linen Throw,1,96,0,96,49,47,False
NG-01995,2025-03-14,East,Retail,Everyday,Travel Backpack,1,129,0.05,122.55,68,54.55,False
NG-01996,2025-03-14,East,Retail,Everyday,Travel Backpack,1,129,0,129,68,61,False
NG-01997,2025-03-14,South,Retail,Home Office,Monitor Riser,1,72,0,72,33,39,False
NG-01998,2025-03-15,South,Online,Home Office,Desk Lamp,1,58,0,58,28,30,False
NG-01999,2025-03-15,East,Marketplace,Living,Linen Throw,1,96,0.15,81.6,49,32.6,False
NG-02000,2025-03-15,East,Retail,Living,Linen Throw,1,96,0.05,91.2,49,42.2,False
NG-02001,2025-03-15,North,Online,Living,Accent Cushion,1,46,0.05,43.7,20,23.7,False
NG-02002,2025-03-15,North,Online,Kitchen,Ceramic Dinner Set,2,112,0.1,201.6,114,87.6,False
NG-02003,2025-03-16,South,Retail,Home Office,Ergonomic Chair,1,245,0,245,144,101,False
NG-02004,2025-03-16,East,Retail,Everyday,Travel Backpack,1,129,0.05,122.55,68,54.55,False
NG-02005,2025-03-16,North,Retail,Home Office,Monitor Riser,1,72,0,72,33,39,False
NG-02006,2025-03-17,East,Online,Home Office,Ergonomic Chair,2,245,0.1,441.0,288,153.0,False
NG-02007,2025-03-17,South,Online,Everyday,Insulated Bottle,1,42,0.2,33.6,18,15.6,False
NG-02008,2025-03-17,South,Online,Everyday,Travel Backpack,1,129,0,129,68,61,False
NG-02009,2025-03-17,South,Retail,Kitchen,Ceramic Dinner Set,1,112,0.05,106.4,57,49.4,False
NG-02010,2025-03-17,South,Online,Everyday,Travel Backpack,1,129,0.1,116.1,68,48.1,False
NG-02011,2025-03-18,North,Online,Living,Accent Cushion,1,46,0.15,39.1,20,19.1,False
NG-02012,2025-03-18,East,Online,Living,Accent Cushion,1,46,0,46,20,26,False
NG-02013,2025-03-18,North,Retail,Everyday,Canvas Tote,1,32,0.1,28.8,12,16.8,False
NG-02014,2025-03-18,South,Retail,Kitchen,Pour Over Kit,2,79,0,158,76,82,False
NG-02015,2025-03-18,North,Online,Home Office,Ergonomic Chair,1,245,0,245,144,101,False
NG-02016,2025-03-18,East,Retail,Living,Linen Throw,1,96,0,96,49,47,False
NG-02017,2025-03-19,North,Marketplace,Kitchen,Pour Over Kit,2,79,0.15,134.3,76,58.3,False
NG-02018,2025-03-19,South,Online,Living,Oak Side Table,2,189,0,378,224,154,False
NG-02019,2025-03-20,East,Marketplace,Kitchen,Ceramic Dinner Set,1,112,0.05,106.4,57,49.4,False
NG-02020,2025-03-20,West,Online,Home Office,Desk Lamp,1,58,0.15,49.3,28,21.3,False
NG-02021,2025-03-20,East,Retail,Everyday,Canvas Tote,1,32,0,32,12,20,False
NG-02022,2025-03-20,North,Retail,Living,Linen Throw,1,96,0.1,86.4,49,37.4,False
NG-02023,2025-03-20,South,Online,Everyday,Canvas Tote,1,32,0,32,12,20,False
NG-02024,2025-03-21,South,Marketplace,Home Office,Desk Lamp,1,58,0.05,55.1,28,27.1,False
NG-02025,2025-03-21,East,Online,Kitchen,Pour Over Kit,2,79,0,158,76,82,False
NG-02026,2025-03-21,North,Marketplace,Living,Accent Cushion,1,46,0.05,43.7,20,23.7,False
NG-02027,2025-03-21,North,Retail,Living,Linen Throw,1,96,0,96,49,47,False
NG-02028,2025-03-22,North,Online,Kitchen,Cast Iron Pan,1,135,0.15,114.75,80,34.75,False
NG-02029,2025-03-22,South,Online,Kitchen,Ceramic Dinner Set,1,112,0,112,57,55,False
NG-02030,2025-03-22,East,Online,Home Office,Desk Lamp,1,58,0,58,28,30,False
NG-02031,2025-03-22,West,Retail,Living,Accent Cushion,1,46,0.05,43.7,20,23.7,False
NG-02032,2025-03-22,North,Retail,Kitchen,Cast Iron Pan,1,135,0.05,128.25,80,48.25,False
NG-02033,2025-03-22,East,Marketplace,Kitchen,Pour Over Kit,1,79,0.05,75.05,38,37.05,False
NG-02034,2025-03-22,North,Retail,Living,Accent Cushion,1,46,0,46,20,26,False
NG-02035,2025-03-23,West,Online,Living,Accent Cushion,1,46,0,46,20,26,False
NG-02036,2025-03-23,East,Marketplace,Everyday,Canvas Tote,1,32,0.05,30.4,12,18.4,False
NG-02037,2025-03-23,West,Online,Kitchen,Cast Iron Pan,1,135,0.1,121.5,80,41.5,False
NG-02038,2025-03-23,South,Online,Home Office,Monitor Riser,2,72,0,144,66,78,False
NG-02039,2025-03-23,South,Marketplace,Everyday,Travel Backpack,1,129,0.1,116.1,68,48.1,False
NG-02040,2025-03-24,East,Online,Everyday,Canvas Tote,2,32,0.05,60.8,24,36.8,False
NG-02041,2025-03-24,South,Marketplace,Living,Linen Throw,1,96,0.05,91.2,49,42.2,False
NG-02042,2025-03-25,East,Retail,Everyday,Canvas Tote,2,32,0.1,57.6,24,33.6,False
NG-02043,2025-03-25,North,Retail,Home Office,Ergonomic Chair,2,245,0,490,288,202,False
NG-02044,2025-03-26,North,Marketplace,Living,Linen Throw,1,96,0.05,91.2,49,42.2,False
NG-02045,2025-03-26,South,Online,Living,Oak Side Table,3,189,0.1,510.3,336,174.3,False
NG-02046,2025-03-26,North,Retail,Living,Accent Cushion,1,46,0.05,43.7,20,23.7,False
NG-02047,2025-03-26,East,Marketplace,Kitchen,Pour Over Kit,1,79,0.05,75.05,38,37.05,False
NG-02048,2025-03-26,East,Online,Everyday,Insulated Bottle,2,42,0.05,79.8,36,43.8,False
NG-02049,2025-03-27,East,Online,Living,Oak Side Table,1,189,0,189,112,77,False
NG-02050,2025-03-27,West,Retail,Living,Linen Throw,2,96,0.05,182.4,98,84.4,False
NG-02051,2025-03-27,North,Online,Everyday,Travel Backpack,2,129,0,258,136,122,False
NG-02052,2025-03-28,North,Retail,Home Office,Monitor Riser,1,72,0.1,64.8,33,31.8,False
NG-02053,2025-03-29,East,Retail,Living,Accent Cushion,1,46,0,46,20,26,False
NG-02054,2025-03-29,West,Online,Everyday,Canvas Tote,1,32,0,32,12,20,False
NG-02055,2025-03-29,East,Retail,Kitchen,Ceramic Dinner Set,1,112,0,112,57,55,False
NG-02056,2025-03-29,South,Retail,Everyday,Insulated Bottle,1,42,0.2,33.6,18,15.6,False
NG-02057,2025-03-29,East,Online,Home Office,Ergonomic Chair,1,245,0,245,144,101,False
NG-02058,2025-03-30,North,Marketplace,Living,Accent Cushion,1,46,0.05,43.7,20,23.7,False
NG-02059,2025-03-30,South,Online,Everyday,Insulated Bottle,1,42,0,42,18,24,False
NG-02060,2025-03-30,North,Online,Everyday,Canvas Tote,1,32,0,32,12,20,False
NG-02061,2025-03-31,West,Online,Everyday,Canvas Tote,3,32,0,96,36,60,False
NG-02062,2025-03-31,North,Marketplace,Home Office,Monitor Riser,1,72,0.05,68.4,33,35.4,False
NG-02063,2025-03-31,South,Retail,Everyday,Canvas Tote,1,32,0,32,12,20,False
NG-02064,2025-03-31,North,Online,Living,Accent Cushion,1,46,0.1,41.4,20,21.4,False
NG-02065,2025-04-01,West,Marketplace,Everyday,Insulated Bottle,1,42,0.1,37.8,18,19.8,False
NG-02066,2025-04-01,South,Online,Home Office,Desk Lamp,2,58,0,116,56,60,False
NG-02067,2025-04-01,East,Online,Home Office,Desk Lamp,2,58,0.1,104.4,56,48.4,False
NG-02068,2025-04-02,South,Online,Home Office,Monitor Riser,2,72,0,144,66,78,False
NG-02069,2025-04-03,South,Retail,Living,Accent Cushion,2,46,0.05,87.4,40,47.4,False
NG-02070,2025-04-03,East,Online,Home Office,Monitor Riser,1,72,0,72,33,39,False
NG-02071,2025-04-03,South,Online,Home Office,Monitor Riser,1,72,0,72,33,39,False
NG-02072,2025-04-03,North,Retail,Everyday,Insulated Bottle,1,42,0,42,18,24,False
NG-02073,2025-04-04,North,Retail,Home Office,Ergonomic Chair,1,245,0,245,144,101,False
NG-02074,2025-04-04,East,Retail,Everyday,Insulated Bottle,1,42,0.15,35.7,18,17.7,False
NG-02075,2025-04-04,East,Marketplace,Living,Oak Side Table,1,189,0.05,179.55,112,67.55,False
NG-02076,2025-04-05,North,Retail,Home Office,Monitor Riser,1,72,0,72,33,39,False
NG-02077,2025-04-05,South,Online,Home Office,Ergonomic Chair,1,245,0.2,196.0,144,52.0,False
NG-02078,2025-04-05,South,Marketplace,Everyday,Insulated Bottle,1,42,0.05,39.9,18,21.9,False
NG-02079,2025-04-05,West,Online,Home Office,Monitor Riser,1,72,0,72,33,39,False
NG-02080,2025-04-05,South,Retail,Kitchen,Pour Over Kit,1,79,0,0,0,0,True
NG-02081,2025-04-05,North,Marketplace,Kitchen,Cast Iron Pan,1,135,0.1,121.5,80,41.5,False
NG-02082,2025-04-06,East,Retail,Everyday,Canvas Tote,1,32,0.05,30.4,12,18.4,False
NG-02083,2025-04-06,West,Online,Home Office,Monitor Riser,1,72,0.1,64.8,33,31.8,False
NG-02084,2025-04-06,North,Online,Everyday,Travel Backpack,1,129,0,129,68,61,False
NG-02085,2025-04-06,West,Retail,Kitchen,Pour Over Kit,3,79,0,237,114,123,False
NG-02086,2025-04-06,North,Retail,Home Office,Desk Lamp,1,58,0,58,28,30,False
NG-02087,2025-04-07,South,Online,Home Office,Monitor Riser,1,72,0.15,61.2,33,28.2,False
NG-02088,2025-04-08,South,Marketplace,Everyday,Insulated Bottle,4,42,0.05,159.6,72,87.6,False
NG-02089,2025-04-08,South,Marketplace,Home Office,Monitor Riser,3,72,0.05,205.2,99,106.2,False
NG-02090,2025-04-08,South,Online,Home Office,Monitor Riser,1,72,0.15,61.2,33,28.2,False
NG-02091,2025-04-09,North,Online,Kitchen,Ceramic Dinner Set,1,112,0.05,106.4,57,49.4,False
NG-02092,2025-04-09,East,Retail,Kitchen,Ceramic Dinner Set,1,112,0.1,100.8,57,43.8,False
NG-02093,2025-04-09,East,Retail,Living,Oak Side Table,1,189,0.1,170.1,112,58.1,False
NG-02094,2025-04-09,East,Online,Everyday,Travel Backpack,2,129,0.05,245.1,136,109.1,False
NG-02095,2025-04-09,South,Online,Everyday,Insulated Bottle,1,42,0.05,39.9,18,21.9,False
NG-02096,2025-04-09,East,Retail,Everyday,Insulated Bottle,1,42,0,42,18,24,False
NG-02097,2025-04-09,East,Retail,Kitchen,Cast Iron Pan,1,135,0,135,80,55,False
NG-02098,2025-04-09,North,Online,Living,Linen Throw,1,96,0,96,49,47,False
NG-02099,2025-04-10,East,Retail,Everyday,Insulated Bottle,1,42,0,42,18,24,False
NG-02100,2025-04-10,South,Marketplace,Kitchen,Cast Iron Pan,1,135,0.05,128.25,80,48.25,False
NG-02101,2025-04-10,East,Marketplace,Kitchen,Cast Iron Pan,1,135,0.05,128.25,80,48.25,False
NG-02102,2025-04-11,North,Retail,Home Office,Ergonomic Chair,2,245,0,490,288,202,False
NG-02103,2025-04-11,North,Online,Living,Linen Throw,1,96,0,96,49,47,False
NG-02104,2025-04-11,East,Marketplace,Everyday,Insulated Bottle,1,42,0.05,39.9,18,21.9,False
NG-02105,2025-04-11,South,Retail,Living,Accent Cushion,1,46,0,46,20,26,False
NG-02106,2025-04-11,East,Retail,Everyday,Canvas Tote,1,32,0,32,12,20,False
NG-02107,2025-04-11,South,Online,Kitchen,Cast Iron Pan,3,135,0.1,364.5,240,124.5,False
NG-02108,2025-04-11,East,Retail,Kitchen,Cast Iron Pan,1,135,0,135,80,55,False
NG-02109,2025-04-11,West,Online,Living,Linen Throw,1,96,0,96,49,47,False
NG-02110,2025-04-11,East,Online,Everyday,Travel Backpack,3,129,0.15,328.95,204,124.95,False
NG-02111,2025-04-12,East,Retail,Everyday,Insulated Bottle,1,42,0.05,39.9,18,21.9,False
NG-02112,2025-04-12,North,Retail,Kitchen,Pour Over Kit,3,79,0,237,114,123,False
NG-02113,2025-04-13,North,Marketplace,Kitchen,Ceramic Dinner Set,1,112,0.05,106.4,57,49.4,False
NG-02114,2025-04-13,West,Online,Living,Accent Cushion,1,46,0.05,43.7,20,23.7,False
NG-02115,2025-04-13,East,Retail,Living,Linen Throw,3,96,0.2,230.4,147,83.4,False
NG-02116,2025-04-13,South,Online,Living,Accent Cushion,1,46,0,46,20,26,False
NG-02117,2025-04-13,North,Marketplace,Everyday,Canvas Tote,3,32,0.15,0,0,0,True
NG-02118,2025-04-13,North,Retail,Living,Accent Cushion,1,46,0,46,20,26,False
NG-02119,2025-04-13,West,Online,Everyday,Travel Backpack,1,129,0,129,68,61,False
NG-02120,2025-04-13,West,Online,Home Office,Desk Lamp,1,58,0.1,52.2,28,24.2,False
NG-02121,2025-04-13,North,Retail,Home Office,Ergonomic Chair,1,245,0.2,196.0,144,52.0,False
NG-02122,2025-04-14,West,Retail,Kitchen,Ceramic Dinner Set,1,112,0.05,106.4,57,49.4,False
NG-02123,2025-04-14,North,Marketplace,Living,Oak Side Table,1,189,0.05,179.55,112,67.55,False
NG-02124,2025-04-14,North,Online,Kitchen,Pour Over Kit,1,79,0.1,0,0,0,True
NG-02125,2025-04-14,North,Online,Everyday,Insulated Bottle,2,42,0,84,36,48,False
NG-02126,2025-04-14,East,Online,Everyday,Travel Backpack,1,129,0,129,68,61,False
NG-02127,2025-04-15,North,Marketplace,Kitchen,Cast Iron Pan,1,135,0.1,0,0,0,True
NG-02128,2025-04-15,South,Online,Kitchen,Cast Iron Pan,2,135,0.2,216.0,160,56.0,False
NG-02129,2025-04-15,North,Online,Home Office,Monitor Riser,1,72,0.05,68.4,33,35.4,False
NG-02130,2025-04-15,West,Online,Everyday,Travel Backpack,1,129,0,129,68,61,False
NG-02131,2025-04-16,East,Online,Home Office,Ergonomic Chair,2,245,0.1,441.0,288,153.0,False
NG-02132,2025-04-16,North,Retail,Living,Accent Cushion,1,46,0.05,43.7,20,23.7,False
NG-02133,2025-04-16,North,Online,Home Office,Desk Lamp,1,58,0.1,52.2,28,24.2,False
NG-02134,2025-04-16,North,Online,Kitchen,Ceramic Dinner Set,2,112,0.05,212.8,114,98.8,False
NG-02135,2025-04-16,South,Retail,Everyday,Insulated Bottle,3,42,0.15,107.1,54,53.1,False
NG-02136,2025-04-17,West,Online,Home Office,Desk Lamp,1,58,0,58,28,30,False
NG-02137,2025-04-17,East,Online,Everyday,Canvas Tote,2,32,0.2,51.2,24,27.2,False
NG-02138,2025-04-17,East,Online,Everyday,Insulated Bottle,1,42,0,42,18,24,False
NG-02139,2025-04-17,South,Online,Everyday,Insulated Bottle,2,42,0,84,36,48,False
NG-02140,2025-04-18,South,Online,Everyday,Canvas Tote,1,32,0,32,12,20,False
NG-02141,2025-04-18,North,Retail,Home Office,Desk Lamp,2,58,0.05,110.2,56,54.2,False
NG-02142,2025-04-18,South,Online,Kitchen,Ceramic Dinner Set,1,112,0.15,95.2,57,38.2,False
NG-02143,2025-04-18,North,Online,Everyday,Insulated Bottle,1,42,0.05,39.9,18,21.9,False
NG-02144,2025-04-19,North,Retail,Everyday,Insulated Bottle,2,42,0,84,36,48,False
NG-02145,2025-04-19,East,Retail,Home Office,Monitor Riser,1,72,0,72,33,39,False
NG-02146,2025-04-19,South,Online,Kitchen,Ceramic Dinner Set,2,112,0,224,114,110,False
NG-02147,2025-04-19,East,Online,Kitchen,Cast Iron Pan,2,135,0.1,243.0,160,83.0,False
NG-02148,2025-04-19,West,Online,Everyday,Canvas Tote,1,32,0.05,30.4,12,18.4,False
NG-02149,2025-04-19,North,Marketplace,Everyday,Insulated Bottle,1,42,0.05,39.9,18,21.9,False
NG-02150,2025-04-19,South,Retail,Home Office,Monitor Riser,2,72,0,144,66,78,False
NG-02151,2025-04-20,South,Online,Everyday,Travel Backpack,1,129,0.15,109.65,68,41.65,False
NG-02152,2025-04-20,North,Retail,Kitchen,Cast Iron Pan,1,135,0,135,80,55,False
NG-02153,2025-04-20,East,Retail,Living,Oak Side Table,1,189,0.2,151.2,112,39.2,False
NG-02154,2025-04-20,North,Marketplace,Home Office,Monitor Riser,1,72,0.05,68.4,33,35.4,False
NG-02155,2025-04-20,South,Marketplace,Living,Linen Throw,1,96,0.15,81.6,49,32.6,False
NG-02156,2025-04-21,East,Online,Home Office,Ergonomic Chair,1,245,0,245,144,101,False
NG-02157,2025-04-21,West,Retail,Living,Oak Side Table,1,189,0.15,160.65,112,48.65,False
NG-02158,2025-04-21,North,Retail,Everyday,Canvas Tote,1,32,0.2,25.6,12,13.6,False
NG-02159,2025-04-21,East,Retail,Living,Accent Cushion,1,46,0,46,20,26,False
NG-02160,2025-04-21,South,Retail,Kitchen,Cast Iron Pan,1,135,0.2,108.0,80,28.0,False
NG-02161,2025-04-21,East,Online,Kitchen,Cast Iron Pan,2,135,0,270,160,110,False
NG-02162,2025-04-21,North,Online,Everyday,Travel Backpack,2,129,0,258,136,122,False
NG-02163,2025-04-22,North,Marketplace,Home Office,Ergonomic Chair,1,245,0.05,232.75,144,88.75,False
NG-02164,2025-04-22,East,Retail,Living,Linen Throw,1,96,0,0,0,0,True
NG-02165,2025-04-22,South,Marketplace,Everyday,Travel Backpack,1,129,0.2,103.2,68,35.2,False
NG-02166,2025-04-22,East,Marketplace,Kitchen,Cast Iron Pan,1,135,0.05,0,0,0,True
NG-02167,2025-04-23,South,Retail,Everyday,Travel Backpack,1,129,0,129,68,61,False
NG-02168,2025-04-23,North,Marketplace,Living,Linen Throw,1,96,0.15,81.6,49,32.6,False
NG-02169,2025-04-23,South,Online,Home Office,Desk Lamp,1,58,0,58,28,30,False
NG-02170,2025-04-23,East,Online,Living,Linen Throw,1,96,0.05,91.2,49,42.2,False
NG-02171,2025-04-24,West,Marketplace,Kitchen,Ceramic Dinner Set,1,112,0.05,106.4,57,49.4,False
NG-02172,2025-04-24,East,Retail,Everyday,Travel Backpack,1,129,0.05,122.55,68,54.55,False
NG-02173,2025-04-24,East,Online,Home Office,Desk Lamp,1,58,0,58,28,30,False
NG-02174,2025-04-24,South,Retail,Home Office,Monitor Riser,1,72,0,72,33,39,False
NG-02175,2025-04-24,West,Marketplace,Home Office,Ergonomic Chair,1,245,0.05,232.75,144,88.75,False
NG-02176,2025-04-24,South,Retail,Kitchen,Ceramic Dinner Set,2,112,0,224,114,110,False
NG-02177,2025-04-24,North,Retail,Living,Oak Side Table,2,189,0.1,340.2,224,116.2,False
NG-02178,2025-04-24,South,Marketplace,Everyday,Canvas Tote,2,32,0.05,60.8,24,36.8,False
NG-02179,2025-04-24,East,Retail,Everyday,Insulated Bottle,1,42,0.15,35.7,18,17.7,False
NG-02180,2025-04-24,North,Retail,Living,Linen Throw,2,96,0,192,98,94,False
NG-02181,2025-04-24,East,Online,Everyday,Canvas Tote,1,32,0,32,12,20,False
NG-02182,2025-04-25,West,Online,Living,Accent Cushion,2,46,0.05,87.4,40,47.4,False
NG-02183,2025-04-25,North,Online,Home Office,Monitor Riser,1,72,0.2,57.6,33,24.6,False
NG-02184,2025-04-25,East,Online,Everyday,Insulated Bottle,2,42,0,84,36,48,False
NG-02185,2025-04-25,South,Online,Kitchen,Pour Over Kit,1,79,0.05,75.05,38,37.05,False
NG-02186,2025-04-25,North,Retail,Everyday,Insulated Bottle,2,42,0,84,36,48,False
NG-02187,2025-04-26,North,Retail,Kitchen,Cast Iron Pan,1,135,0,135,80,55,False
NG-02188,2025-04-26,North,Retail,Everyday,Insulated Bottle,1,42,0.05,39.9,18,21.9,False
NG-02189,2025-04-26,North,Online,Everyday,Insulated Bottle,2,42,0.05,79.8,36,43.8,False
NG-02190,2025-04-26,East,Online,Home Office,Desk Lamp,1,58,0.2,46.4,28,18.4,False
NG-02191,2025-04-27,West,Retail,Living,Accent Cushion,1,46,0,46,20,26,False
NG-02192,2025-04-27,East,Retail,Home Office,Ergonomic Chair,1,245,0,245,144,101,False
NG-02193,2025-04-28,East,Online,Living,Oak Side Table,1,189,0,189,112,77,False
NG-02194,2025-04-28,South,Retail,Living,Linen Throw,1,96,0,96,49,47,False
NG-02195,2025-04-28,South,Marketplace,Kitchen,Cast Iron Pan,2,135,0.1,243.0,160,83.0,False
NG-02196,2025-04-28,North,Marketplace,Home Office,Desk Lamp,1,58,0.1,52.2,28,24.2,False
NG-02197,2025-04-28,North,Retail,Everyday,Insulated Bottle,2,42,0,84,36,48,False
NG-02198,2025-04-29,South,Online,Everyday,Insulated Bottle,3,42,0,126,54,72,False
NG-02199,2025-04-29,West,Marketplace,Home Office,Ergonomic Chair,1,245,0.1,220.5,144,76.5,False
NG-02200,2025-04-29,East,Retail,Home Office,Monitor Riser,1,72,0,72,33,39,False
NG-02201,2025-04-30,South,Marketplace,Living,Accent Cushion,1,46,0.05,0,0,0,True
NG-02202,2025-04-30,South,Marketplace,Kitchen,Cast Iron Pan,3,135,0.15,344.25,240,104.25,False
NG-02203,2025-05-01,West,Online,Home Office,Ergonomic Chair,1,245,0.05,232.75,144,88.75,False
NG-02204,2025-05-01,North,Online,Kitchen,Pour Over Kit,1,79,0,79,38,41,False
NG-02205,2025-05-01,South,Retail,Home Office,Monitor Riser,2,72,0,144,66,78,False
NG-02206,2025-05-01,North,Online,Kitchen,Ceramic Dinner Set,1,112,0.2,89.6,57,32.6,False
NG-02207,2025-05-02,North,Marketplace,Home Office,Desk Lamp,1,58,0.05,55.1,28,27.1,False
NG-02208,2025-05-02,East,Retail,Home Office,Monitor Riser,1,72,0,72,33,39,False
NG-02209,2025-05-02,South,Online,Living,Linen Throw,1,96,0.15,81.6,49,32.6,False
NG-02210,2025-05-02,North,Marketplace,Home Office,Desk Lamp,1,58,0.05,55.1,28,27.1,False
NG-02211,2025-05-02,North,Online,Everyday,Travel Backpack,3,129,0.15,328.95,204,124.95,False
NG-02212,2025-05-02,East,Online,Everyday,Travel Backpack,1,129,0.2,103.2,68,35.2,False
NG-02213,2025-05-03,North,Online,Home Office,Monitor Riser,1,72,0.1,64.8,33,31.8,False
NG-02214,2025-05-03,East,Online,Home Office,Ergonomic Chair,3,245,0,735,432,303,False
NG-02215,2025-05-03,East,Retail,Everyday,Travel Backpack,1,129,0,129,68,61,False
NG-02216,2025-05-03,South,Retail,Living,Linen Throw,1,96,0,96,49,47,False
NG-02217,2025-05-03,East,Online,Everyday,Insulated Bottle,1,42,0,42,18,24,False
NG-02218,2025-05-04,North,Online,Home Office,Monitor Riser,1,72,0,72,33,39,False
NG-02219,2025-05-04,West,Retail,Kitchen,Pour Over Kit,1,79,0.15,67.15,38,29.15,False
NG-02220,2025-05-04,West,Online,Everyday,Canvas Tote,1,32,0.1,0,0,0,True
NG-02221,2025-05-04,East,Retail,Living,Linen Throw,1,96,0,96,49,47,False
NG-02222,2025-05-04,North,Online,Everyday,Travel Backpack,2,129,0.15,219.3,136,83.3,False
NG-02223,2025-05-04,North,Online,Everyday,Canvas Tote,2,32,0.15,54.4,24,30.4,False
NG-02224,2025-05-05,East,Retail,Living,Oak Side Table,1,189,0.1,170.1,112,58.1,False
NG-02225,2025-05-05,West,Marketplace,Living,Accent Cushion,1,46,0.1,41.4,20,21.4,False
NG-02226,2025-05-05,East,Marketplace,Living,Accent Cushion,1,46,0.1,0,0,0,True
NG-02227,2025-05-06,West,Online,Everyday,Insulated Bottle,2,42,0,84,36,48,False
NG-02228,2025-05-06,West,Retail,Living,Accent Cushion,1,46,0.1,41.4,20,21.4,False
NG-02229,2025-05-06,East,Online,Kitchen,Cast Iron Pan,1,135,0.1,121.5,80,41.5,False
NG-02230,2025-05-06,North,Retail,Living,Linen Throw,1,96,0,96,49,47,False
NG-02231,2025-05-06,East,Retail,Home Office,Desk Lamp,1,58,0.2,46.4,28,18.4,False
NG-02232,2025-05-07,West,Online,Everyday,Insulated Bottle,2,42,0,84,36,48,False
NG-02233,2025-05-07,North,Retail,Living,Accent Cushion,2,46,0,92,40,52,False
NG-02234,2025-05-07,East,Online,Kitchen,Ceramic Dinner Set,1,112,0,0,0,0,True
NG-02235,2025-05-07,North,Online,Everyday,Travel Backpack,2,129,0,258,136,122,False
NG-02236,2025-05-07,North,Online,Living,Oak Side Table,1,189,0,189,112,77,False
NG-02237,2025-05-07,East,Online,Everyday,Insulated Bottle,1,42,0,42,18,24,False
NG-02238,2025-05-08,North,Online,Everyday,Canvas Tote,2,32,0,64,24,40,False
NG-02239,2025-05-08,East,Online,Kitchen,Cast Iron Pan,1,135,0,135,80,55,False
NG-02240,2025-05-08,North,Retail,Everyday,Canvas Tote,3,32,0,96,36,60,False
NG-02241,2025-05-08,South,Retail,Living,Accent Cushion,1,46,0,46,20,26,False
NG-02242,2025-05-08,South,Marketplace,Living,Accent Cushion,1,46,0.05,43.7,20,23.7,False
NG-02243,2025-05-08,South,Marketplace,Kitchen,Ceramic Dinner Set,1,112,0.1,100.8,57,43.8,False
NG-02244,2025-05-09,South,Retail,Home Office,Ergonomic Chair,1,245,0,245,144,101,False
NG-02245,2025-05-09,South,Marketplace,Kitchen,Pour Over Kit,1,79,0.05,75.05,38,37.05,False
NG-02246,2025-05-09,North,Online,Everyday,Canvas Tote,2,32,0,64,24,40,False
NG-02247,2025-05-09,South,Online,Everyday,Travel Backpack,1,129,0.05,0,0,0,True
NG-02248,2025-05-10,South,Retail,Home Office,Monitor Riser,1,72,0,72,33,39,False
NG-02249,2025-05-10,West,Marketplace,Everyday,Insulated Bottle,2,42,0.05,79.8,36,43.8,False
NG-02250,2025-05-10,North,Marketplace,Kitchen,Pour Over Kit,1,79,0.05,0,0,0,True
NG-02251,2025-05-10,West,Online,Home Office,Desk Lamp,1,58,0.1,52.2,28,24.2,False
NG-02252,2025-05-10,South,Online,Home Office,Desk Lamp,1,58,0,58,28,30,False
NG-02253,2025-05-10,South,Retail,Everyday,Insulated Bottle,1,42,0.1,37.8,18,19.8,False
NG-02254,2025-05-10,North,Retail,Home Office,Desk Lamp,1,58,0,58,28,30,False
NG-02255,2025-05-11,North,Online,Everyday,Insulated Bottle,1,42,0,42,18,24,False
NG-02256,2025-05-11,West,Retail,Kitchen,Cast Iron Pan,1,135,0.15,114.75,80,34.75,False
NG-02257,2025-05-11,East,Online,Home Office,Monitor Riser,1,72,0,72,33,39,False
NG-02258,2025-05-11,North,Retail,Kitchen,Ceramic Dinner Set,1,112,0,112,57,55,False
NG-02259,2025-05-11,East,Retail,Everyday,Canvas Tote,2,32,0,64,24,40,False
NG-02260,2025-05-11,North,Online,Kitchen,Ceramic Dinner Set,1,112,0,112,57,55,False
NG-02261,2025-05-12,North,Online,Home Office,Desk Lamp,2,58,0,116,56,60,False
NG-02262,2025-05-12,North,Retail,Living,Linen Throw,1,96,0,96,49,47,False
NG-02263,2025-05-12,South,Online,Everyday,Insulated Bottle,1,42,0.05,39.9,18,21.9,False
NG-02264,2025-05-12,North,Online,Kitchen,Cast Iron Pan,1,135,0,135,80,55,False
NG-02265,2025-05-12,East,Online,Living,Linen Throw,1,96,0,96,49,47,False
NG-02266,2025-05-13,North,Online,Everyday,Travel Backpack,1,129,0.2,103.2,68,35.2,False
NG-02267,2025-05-13,South,Online,Home Office,Ergonomic Chair,1,245,0,245,144,101,False
NG-02268,2025-05-13,South,Marketplace,Home Office,Ergonomic Chair,4,245,0.05,931.0,576,355.0,False
NG-02269,2025-05-13,North,Online,Living,Linen Throw,1,96,0,96,49,47,False
NG-02270,2025-05-14,West,Online,Living,Accent Cushion,2,46,0.1,82.8,40,42.8,False
NG-02271,2025-05-14,West,Online,Everyday,Insulated Bottle,2,42,0,84,36,48,False
NG-02272,2025-05-14,East,Online,Kitchen,Ceramic Dinner Set,1,112,0,112,57,55,False
NG-02273,2025-05-14,East,Retail,Living,Linen Throw,1,96,0.2,76.8,49,27.8,False
NG-02274,2025-05-14,East,Online,Everyday,Travel Backpack,1,129,0.15,0,0,0,True
NG-02275,2025-05-14,South,Online,Everyday,Canvas Tote,1,32,0.1,28.8,12,16.8,False
NG-02276,2025-05-14,North,Marketplace,Living,Linen Throw,2,96,0.05,182.4,98,84.4,False
NG-02277,2025-05-15,North,Online,Everyday,Canvas Tote,1,32,0.2,25.6,12,13.6,False
NG-02278,2025-05-15,East,Online,Living,Accent Cushion,1,46,0.05,43.7,20,23.7,False
NG-02279,2025-05-15,North,Retail,Home Office,Desk Lamp,1,58,0.05,55.1,28,27.1,False
NG-02280,2025-05-15,East,Online,Living,Linen Throw,1,96,0.05,91.2,49,42.2,False
NG-02281,2025-05-16,East,Online,Everyday,Insulated Bottle,1,42,0,42,18,24,False
NG-02282,2025-05-17,East,Online,Everyday,Travel Backpack,1,129,0.05,122.55,68,54.55,False
NG-02283,2025-05-17,East,Retail,Home Office,Monitor Riser,1,72,0.1,64.8,33,31.8,False
NG-02284,2025-05-17,North,Marketplace,Everyday,Insulated Bottle,1,42,0.05,0,0,0,True
NG-02285,2025-05-17,West,Retail,Living,Linen Throw,1,96,0,96,49,47,False
NG-02286,2025-05-17,West,Retail,Everyday,Insulated Bottle,1,42,0.05,39.9,18,21.9,False
NG-02287,2025-05-17,South,Marketplace,Everyday,Insulated Bottle,2,42,0.05,79.8,36,43.8,False
NG-02288,2025-05-17,North,Online,Living,Accent Cushion,1,46,0,46,20,26,False
NG-02289,2025-05-18,East,Online,Home Office,Ergonomic Chair,1,245,0,245,144,101,False
NG-02290,2025-05-18,South,Retail,Everyday,Travel Backpack,1,129,0.1,116.1,68,48.1,False
NG-02291,2025-05-19,North,Online,Kitchen,Pour Over Kit,1,79,0,79,38,41,False
NG-02292,2025-05-19,East,Retail,Everyday,Travel Backpack,1,129,0.05,122.55,68,54.55,False
NG-02293,2025-05-19,West,Online,Living,Oak Side Table,1,189,0,189,112,77,False
NG-02294,2025-05-19,North,Online,Everyday,Canvas Tote,1,32,0.1,28.8,12,16.8,False
NG-02295,2025-05-20,North,Marketplace,Kitchen,Pour Over Kit,2,79,0.05,150.1,76,74.1,False
NG-02296,2025-05-21,East,Marketplace,Living,Linen Throw,1,96,0.05,91.2,49,42.2,False
NG-02297,2025-05-21,East,Retail,Home Office,Monitor Riser,1,72,0.05,68.4,33,35.4,False
NG-02298,2025-05-21,East,Marketplace,Kitchen,Cast Iron Pan,2,135,0.05,256.5,160,96.5,False
NG-02299,2025-05-21,East,Online,Kitchen,Ceramic Dinner Set,1,112,0.1,100.8,57,43.8,False
NG-02300,2025-05-21,East,Online,Everyday,Insulated Bottle,1,42,0,42,18,24,False
NG-02301,2025-05-21,North,Retail,Kitchen,Pour Over Kit,1,79,0.1,71.1,38,33.1,False
NG-02302,2025-05-21,South,Retail,Living,Linen Throw,2,96,0,192,98,94,False
NG-02303,2025-05-22,South,Online,Living,Linen Throw,1,96,0.1,86.4,49,37.4,False
NG-02304,2025-05-22,East,Online,Home Office,Monitor Riser,1,72,0.1,64.8,33,31.8,False
NG-02305,2025-05-22,North,Online,Home Office,Desk Lamp,1,58,0.05,55.1,28,27.1,False
NG-02306,2025-05-22,East,Online,Living,Linen Throw,1,96,0.05,91.2,49,42.2,False
NG-02307,2025-05-22,East,Retail,Home Office,Ergonomic Chair,1,245,0.05,232.75,144,88.75,False
NG-02308,2025-05-22,West,Online,Kitchen,Ceramic Dinner Set,1,112,0,112,57,55,False
NG-02309,2025-05-23,West,Retail,Everyday,Canvas Tote,1,32,0,32,12,20,False
NG-02310,2025-05-23,North,Retail,Living,Oak Side Table,1,189,0,189,112,77,False
NG-02311,2025-05-23,East,Retail,Home Office,Monitor Riser,2,72,0.05,136.8,66,70.8,False
NG-02312,2025-05-23,North,Retail,Living,Oak Side Table,2,189,0.05,359.1,224,135.1,False
NG-02313,2025-05-23,South,Online,Kitchen,Cast Iron Pan,2,135,0.05,256.5,160,96.5,False
NG-02314,2025-05-24,North,Retail,Living,Accent Cushion,2,46,0.2,73.6,40,33.6,False
NG-02315,2025-05-24,North,Online,Home Office,Desk Lamp,1,58,0.1,52.2,28,24.2,False
NG-02316,2025-05-24,North,Online,Living,Linen Throw,1,96,0.1,86.4,49,37.4,False
NG-02317,2025-05-24,South,Marketplace,Everyday,Insulated Bottle,1,42,0.05,39.9,18,21.9,False
NG-02318,2025-05-24,South,Retail,Kitchen,Pour Over Kit,1,79,0,79,38,41,False
NG-02319,2025-05-24,East,Online,Living,Oak Side Table,1,189,0.2,151.2,112,39.2,False
NG-02320,2025-05-24,West,Online,Home Office,Ergonomic Chair,2,245,0.15,416.5,288,128.5,False
NG-02321,2025-05-24,South,Online,Living,Linen Throw,1,96,0,96,49,47,False
NG-02322,2025-05-25,North,Marketplace,Living,Accent Cushion,1,46,0.2,36.8,20,16.8,False
NG-02323,2025-05-25,East,Retail,Home Office,Desk Lamp,1,58,0,58,28,30,False
NG-02324,2025-05-25,North,Retail,Home Office,Desk Lamp,3,58,0,174,84,90,False
NG-02325,2025-05-25,South,Marketplace,Everyday,Insulated Bottle,1,42,0.05,39.9,18,21.9,False
NG-02326,2025-05-25,South,Online,Kitchen,Pour Over Kit,1,79,0,79,38,41,False
NG-02327,2025-05-25,South,Retail,Home Office,Desk Lamp,1,58,0,58,28,30,False
NG-02328,2025-05-26,North,Retail,Everyday,Travel Backpack,1,129,0.1,116.1,68,48.1,False
NG-02329,2025-05-26,East,Online,Everyday,Canvas Tote,2,32,0,64,24,40,False
NG-02330,2025-05-26,East,Online,Home Office,Desk Lamp,1,58,0,58,28,30,False
NG-02331,2025-05-26,South,Retail,Everyday,Insulated Bottle,2,42,0.05,79.8,36,43.8,False
NG-02332,2025-05-26,South,Online,Everyday,Travel Backpack,1,129,0,129,68,61,False
NG-02333,2025-05-27,East,Marketplace,Living,Accent Cushion,1,46,0.05,43.7,20,23.7,False
NG-02334,2025-05-27,North,Retail,Kitchen,Pour Over Kit,1,79,0.15,67.15,38,29.15,False
NG-02335,2025-05-27,East,Retail,Living,Accent Cushion,1,46,0,46,20,26,False
NG-02336,2025-05-27,North,Online,Everyday,Insulated Bottle,1,42,0,42,18,24,False
NG-02337,2025-05-28,East,Online,Home Office,Monitor Riser,2,72,0,144,66,78,False
NG-02338,2025-05-28,South,Online,Kitchen,Ceramic Dinner Set,2,112,0,0,0,0,True
NG-02339,2025-05-28,North,Retail,Everyday,Insulated Bottle,3,42,0.15,107.1,54,53.1,False
NG-02340,2025-05-28,South,Online,Kitchen,Ceramic Dinner Set,1,112,0.1,100.8,57,43.8,False
NG-02341,2025-05-28,East,Marketplace,Home Office,Ergonomic Chair,2,245,0.05,465.5,288,177.5,False
NG-02342,2025-05-28,South,Online,Home Office,Ergonomic Chair,1,245,0,245,144,101,False
NG-02343,2025-05-29,South,Marketplace,Kitchen,Pour Over Kit,1,79,0.05,75.05,38,37.05,False
NG-02344,2025-05-29,North,Online,Everyday,Canvas Tote,1,32,0,32,12,20,False
NG-02345,2025-05-29,North,Online,Kitchen,Pour Over Kit,1,79,0,79,38,41,False
NG-02346,2025-05-29,North,Retail,Everyday,Insulated Bottle,1,42,0,42,18,24,False
NG-02347,2025-05-29,South,Online,Everyday,Insulated Bottle,2,42,0.15,71.4,36,35.4,False
NG-02348,2025-05-29,South,Online,Home Office,Desk Lamp,1,58,0.1,52.2,28,24.2,False
NG-02349,2025-05-30,West,Marketplace,Living,Accent Cushion,1,46,0.05,43.7,20,23.7,False
NG-02350,2025-05-30,East,Online,Home Office,Monitor Riser,1,72,0,72,33,39,False
NG-02351,2025-05-30,West,Marketplace,Living,Oak Side Table,1,189,0.05,179.55,112,67.55,False
NG-02352,2025-05-30,South,Retail,Living,Linen Throw,1,96,0,96,49,47,False
NG-02353,2025-05-30,East,Online,Everyday,Insulated Bottle,4,42,0,168,72,96,False
NG-02354,2025-05-30,East,Online,Everyday,Canvas Tote,1,32,0,32,12,20,False
NG-02355,2025-05-30,East,Retail,Everyday,Canvas Tote,3,32,0,96,36,60,False
NG-02356,2025-05-31,North,Online,Kitchen,Cast Iron Pan,1,135,0,135,80,55,False
NG-02357,2025-05-31,South,Marketplace,Everyday,Travel Backpack,1,129,0.2,103.2,68,35.2,False
NG-02358,2025-05-31,West,Retail,Everyday,Travel Backpack,1,129,0.05,122.55,68,54.55,False
NG-02359,2025-05-31,East,Retail,Everyday,Canvas Tote,1,32,0,32,12,20,False
NG-02360,2025-05-31,North,Online,Kitchen,Ceramic Dinner Set,2,112,0,224,114,110,False
NG-02361,2025-05-31,North,Retail,Kitchen,Pour Over Kit,1,79,0.1,71.1,38,33.1,False
NG-02362,2025-06-01,South,Online,Living,Oak Side Table,1,189,0.05,179.55,112,67.55,False
NG-02363,2025-06-01,East,Retail,Kitchen,Cast Iron Pan,1,135,0.1,121.5,80,41.5,False
NG-02364,2025-06-01,East,Retail,Home Office,Ergonomic Chair,1,245,0.1,220.5,144,76.5,False
NG-02365,2025-06-01,West,Retail,Living,Accent Cushion,1,46,0,46,20,26,False
NG-02366,2025-06-01,East,Online,Living,Linen Throw,1,96,0,96,49,47,False
NG-02367,2025-06-01,East,Retail,Living,Accent Cushion,3,46,0.15,117.3,60,57.3,False
NG-02368,2025-06-02,East,Retail,Home Office,Ergonomic Chair,2,245,0.2,392.0,288,104.0,False
NG-02369,2025-06-02,East,Online,Kitchen,Cast Iron Pan,1,135,0,135,80,55,False
NG-02370,2025-06-02,West,Retail,Everyday,Travel Backpack,1,129,0,129,68,61,False
NG-02371,2025-06-02,East,Retail,Home Office,Monitor Riser,1,72,0,72,33,39,False
NG-02372,2025-06-02,North,Online,Everyday,Canvas Tote,1,32,0,32,12,20,False
NG-02373,2025-06-03,North,Retail,Home Office,Desk Lamp,2,58,0,116,56,60,False
NG-02374,2025-06-03,East,Marketplace,Everyday,Insulated Bottle,1,42,0.05,39.9,18,21.9,False
NG-02375,2025-06-03,North,Online,Home Office,Monitor Riser,2,72,0.15,122.4,66,56.4,False
NG-02376,2025-06-03,South,Marketplace,Everyday,Canvas Tote,1,32,0.05,30.4,12,18.4,False
NG-02377,2025-06-03,East,Online,Kitchen,Cast Iron Pan,1,135,0,135,80,55,False
NG-02378,2025-06-04,West,Retail,Everyday,Insulated Bottle,1,42,0,42,18,24,False
NG-02379,2025-06-04,North,Online,Home Office,Monitor Riser,2,72,0,144,66,78,False
NG-02380,2025-06-04,South,Retail,Everyday,Travel Backpack,1,129,0,129,68,61,False
NG-02381,2025-06-05,East,Online,Living,Linen Throw,1,96,0,96,49,47,False
NG-02382,2025-06-05,North,Retail,Home Office,Monitor Riser,1,72,0,72,33,39,False
NG-02383,2025-06-05,West,Marketplace,Kitchen,Pour Over Kit,1,79,0.05,75.05,38,37.05,False
NG-02384,2025-06-06,North,Retail,Living,Accent Cushion,1,46,0.1,41.4,20,21.4,False
NG-02385,2025-06-06,North,Retail,Kitchen,Cast Iron Pan,1,135,0.05,128.25,80,48.25,False
NG-02386,2025-06-06,East,Retail,Home Office,Monitor Riser,1,72,0.1,64.8,33,31.8,False
NG-02387,2025-06-06,West,Online,Living,Accent Cushion,1,46,0.15,0,0,0,True
NG-02388,2025-06-06,South,Online,Living,Oak Side Table,1,189,0,189,112,77,False
NG-02389,2025-06-06,North,Online,Everyday,Canvas Tote,1,32,0.1,28.8,12,16.8,False
NG-02390,2025-06-07,East,Online,Home Office,Monitor Riser,1,72,0,72,33,39,False
NG-02391,2025-06-07,East,Retail,Everyday,Insulated Bottle,1,42,0.15,35.7,18,17.7,False
NG-02392,2025-06-07,North,Online,Home Office,Desk Lamp,1,58,0,58,28,30,False
NG-02393,2025-06-07,East,Retail,Everyday,Travel Backpack,1,129,0,129,68,61,False
NG-02394,2025-06-07,North,Retail,Kitchen,Ceramic Dinner Set,1,112,0,112,57,55,False
NG-02395,2025-06-07,North,Online,Everyday,Canvas Tote,1,32,0.15,0,0,0,True
NG-02396,2025-06-07,West,Retail,Home Office,Ergonomic Chair,1,245,0.1,220.5,144,76.5,False
NG-02397,2025-06-08,North,Online,Kitchen,Ceramic Dinner Set,1,112,0,112,57,55,False
NG-02398,2025-06-08,East,Retail,Kitchen,Ceramic Dinner Set,1,112,0,112,57,55,False
NG-02399,2025-06-08,West,Marketplace,Everyday,Insulated Bottle,2,42,0.05,0,0,0,True
NG-02400,2025-06-08,East,Online,Living,Accent Cushion,1,46,0.1,41.4,20,21.4,False
NG-02401,2025-06-08,South,Online,Home Office,Desk Lamp,1,58,0.05,55.1,28,27.1,False
NG-02402,2025-06-08,South,Retail,Home Office,Ergonomic Chair,1,245,0,245,144,101,False
NG-02403,2025-06-08,South,Retail,Kitchen,Cast Iron Pan,1,135,0.05,128.25,80,48.25,False
NG-02404,2025-06-08,South,Marketplace,Everyday,Insulated Bottle,1,42,0.05,39.9,18,21.9,False
NG-02405,2025-06-09,West,Online,Living,Accent Cushion,1,46,0.15,39.1,20,19.1,False
NG-02406,2025-06-09,North,Marketplace,Everyday,Canvas Tote,1,32,0.05,30.4,12,18.4,False
NG-02407,2025-06-09,North,Retail,Living,Accent Cushion,3,46,0.2,110.4,60,50.4,False
NG-02408,2025-06-10,East,Retail,Home Office,Desk Lamp,1,58,0.05,55.1,28,27.1,False
NG-02409,2025-06-10,West,Online,Living,Accent Cushion,2,46,0,92,40,52,False
NG-02410,2025-06-10,East,Online,Kitchen,Pour Over Kit,1,79,0,79,38,41,False
NG-02411,2025-06-11,East,Marketplace,Living,Linen Throw,1,96,0.05,91.2,49,42.2,False
NG-02412,2025-06-11,South,Marketplace,Everyday,Travel Backpack,1,129,0.05,122.55,68,54.55,False
NG-02413,2025-06-11,West,Online,Home Office,Monitor Riser,1,72,0,72,33,39,False
NG-02414,2025-06-11,North,Online,Kitchen,Ceramic Dinner Set,1,112,0.05,106.4,57,49.4,False
NG-02415,2025-06-11,North,Online,Living,Linen Throw,1,96,0.05,91.2,49,42.2,False
NG-02416,2025-06-12,East,Online,Everyday,Insulated Bottle,1,42,0,42,18,24,False
NG-02417,2025-06-12,South,Online,Home Office,Desk Lamp,1,58,0,58,28,30,False
NG-02418,2025-06-12,South,Retail,Living,Accent Cushion,1,46,0,46,20,26,False
NG-02419,2025-06-12,West,Marketplace,Home Office,Monitor Riser,3,72,0.05,205.2,99,106.2,False
NG-02420,2025-06-12,South,Online,Everyday,Insulated Bottle,2,42,0,0,0,0,True
NG-02421,2025-06-12,North,Retail,Home Office,Desk Lamp,1,58,0.1,52.2,28,24.2,False
NG-02422,2025-06-13,South,Marketplace,Everyday,Insulated Bottle,1,42,0.05,39.9,18,21.9,False
NG-02423,2025-06-13,East,Online,Home Office,Ergonomic Chair,2,245,0.05,465.5,288,177.5,False
NG-02424,2025-06-14,West,Marketplace,Living,Accent Cushion,1,46,0.05,43.7,20,23.7,False
NG-02425,2025-06-14,North,Marketplace,Everyday,Canvas Tote,1,32,0.05,30.4,12,18.4,False
NG-02426,2025-06-14,West,Retail,Living,Accent Cushion,1,46,0,46,20,26,False
NG-02427,2025-06-14,West,Retail,Home Office,Ergonomic Chair,1,245,0,245,144,101,False
NG-02428,2025-06-14,South,Retail,Home Office,Monitor Riser,3,72,0,216,99,117,False
NG-02429,2025-06-15,East,Online,Everyday,Travel Backpack,2,129,0,258,136,122,False
NG-02430,2025-06-15,South,Online,Living,Linen Throw,1,96,0,96,49,47,False
NG-02431,2025-06-15,East,Online,Kitchen,Cast Iron Pan,1,135,0,135,80,55,False
NG-02432,2025-06-15,West,Online,Everyday,Insulated Bottle,1,42,0.05,39.9,18,21.9,False
NG-02433,2025-06-15,East,Retail,Everyday,Canvas Tote,1,32,0.1,28.8,12,16.8,False
NG-02434,2025-06-16,North,Online,Living,Accent Cushion,1,46,0,46,20,26,False
NG-02435,2025-06-16,North,Retail,Kitchen,Ceramic Dinner Set,2,112,0,224,114,110,False
NG-02436,2025-06-16,South,Retail,Home Office,Desk Lamp,1,58,0,58,28,30,False
NG-02437,2025-06-17,South,Marketplace,Home Office,Desk Lamp,1,58,0.05,55.1,28,27.1,False
NG-02438,2025-06-17,East,Retail,Living,Oak Side Table,1,189,0,189,112,77,False
NG-02439,2025-06-17,East,Online,Home Office,Ergonomic Chair,2,245,0,490,288,202,False
NG-02440,2025-06-17,South,Retail,Everyday,Insulated Bottle,2,42,0,84,36,48,False
NG-02441,2025-06-17,South,Online,Home Office,Ergonomic Chair,1,245,0,245,144,101,False
NG-02442,2025-06-17,East,Online,Kitchen,Pour Over Kit,2,79,0.15,134.3,76,58.3,False
NG-02443,2025-06-17,East,Online,Everyday,Canvas Tote,2,32,0.1,57.6,24,33.6,False
NG-02444,2025-06-17,West,Online,Everyday,Travel Backpack,1,129,0,129,68,61,False
NG-02445,2025-06-18,North,Retail,Kitchen,Pour Over Kit,1,79,0,79,38,41,False
NG-02446,2025-06-18,East,Online,Home Office,Ergonomic Chair,1,245,0,245,144,101,False
NG-02447,2025-06-18,East,Retail,Kitchen,Ceramic Dinner Set,1,112,0,112,57,55,False
NG-02448,2025-06-18,East,Marketplace,Living,Linen Throw,1,96,0.05,91.2,49,42.2,False
NG-02449,2025-06-19,North,Online,Everyday,Insulated Bottle,3,42,0,126,54,72,False
NG-02450,2025-06-19,South,Retail,Home Office,Monitor Riser,1,72,0,72,33,39,False
NG-02451,2025-06-19,North,Online,Living,Accent Cushion,2,46,0,92,40,52,False
NG-02452,2025-06-19,West,Marketplace,Everyday,Travel Backpack,1,129,0.1,116.1,68,48.1,False
NG-02453,2025-06-19,West,Online,Kitchen,Cast Iron Pan,1,135,0.1,121.5,80,41.5,False
NG-02454,2025-06-19,South,Retail,Everyday,Insulated Bottle,2,42,0.05,79.8,36,43.8,False
NG-02455,2025-06-19,East,Online,Everyday,Canvas Tote,2,32,0,64,24,40,False
NG-02456,2025-06-20,North,Online,Home Office,Monitor Riser,3,72,0.1,194.4,99,95.4,False
NG-02457,2025-06-20,West,Retail,Home Office,Monitor Riser,3,72,0,216,99,117,False
NG-02458,2025-06-20,East,Online,Everyday,Travel Backpack,1,129,0,129,68,61,False
NG-02459,2025-06-20,West,Online,Home Office,Desk Lamp,1,58,0.2,46.4,28,18.4,False
NG-02460,2025-06-20,East,Marketplace,Everyday,Canvas Tote,3,32,0.15,81.6,36,45.6,False
NG-02461,2025-06-20,South,Online,Home Office,Monitor Riser,1,72,0.05,68.4,33,35.4,False
NG-02462,2025-06-21,South,Online,Everyday,Travel Backpack,1,129,0.2,103.2,68,35.2,False
NG-02463,2025-06-21,East,Retail,Kitchen,Pour Over Kit,2,79,0.05,150.1,76,74.1,False
NG-02464,2025-06-21,South,Online,Home Office,Ergonomic Chair,1,245,0.1,220.5,144,76.5,False
NG-02465,2025-06-21,East,Online,Home Office,Ergonomic Chair,1,245,0,245,144,101,False
NG-02466,2025-06-21,South,Retail,Living,Accent Cushion,1,46,0,46,20,26,False
NG-02467,2025-06-21,West,Online,Home Office,Ergonomic Chair,1,245,0,245,144,101,False
NG-02468,2025-06-21,North,Retail,Everyday,Canvas Tote,2,32,0,64,24,40,False
NG-02469,2025-06-21,East,Retail,Kitchen,Cast Iron Pan,1,135,0,135,80,55,False
NG-02470,2025-06-22,East,Online,Living,Linen Throw,3,96,0.15,244.8,147,97.8,False
NG-02471,2025-06-22,East,Online,Living,Accent Cushion,1,46,0,46,20,26,False
NG-02472,2025-06-22,South,Retail,Home Office,Desk Lamp,1,58,0.05,55.1,28,27.1,False
NG-02473,2025-06-22,West,Marketplace,Everyday,Insulated Bottle,1,42,0.05,39.9,18,21.9,False
NG-02474,2025-06-22,East,Online,Living,Linen Throw,3,96,0.15,244.8,147,97.8,False
NG-02475,2025-06-22,North,Marketplace,Home Office,Desk Lamp,3,58,0.05,165.3,84,81.3,False
NG-02476,2025-06-22,North,Online,Living,Oak Side Table,1,189,0.15,160.65,112,48.65,False
NG-02477,2025-06-23,East,Online,Living,Accent Cushion,1,46,0.1,41.4,20,21.4,False
NG-02478,2025-06-23,North,Retail,Home Office,Monitor Riser,2,72,0.05,136.8,66,70.8,False
NG-02479,2025-06-23,North,Online,Home Office,Desk Lamp,1,58,0.15,49.3,28,21.3,False
NG-02480,2025-06-23,East,Retail,Everyday,Insulated Bottle,1,42,0,42,18,24,False
NG-02481,2025-06-23,South,Retail,Kitchen,Ceramic Dinner Set,1,112,0.05,106.4,57,49.4,False
NG-02482,2025-06-23,East,Online,Living,Accent Cushion,2,46,0.1,82.8,40,42.8,False
NG-02483,2025-06-24,West,Retail,Kitchen,Ceramic Dinner Set,1,112,0,112,57,55,False
NG-02484,2025-06-24,South,Marketplace,Living,Accent Cushion,1,46,0.05,43.7,20,23.7,False
NG-02485,2025-06-24,East,Retail,Everyday,Canvas Tote,1,32,0.1,28.8,12,16.8,False
NG-02486,2025-06-24,East,Retail,Living,Oak Side Table,1,189,0,189,112,77,False
NG-02487,2025-06-25,North,Retail,Everyday,Travel Backpack,1,129,0,129,68,61,False
NG-02488,2025-06-25,South,Online,Everyday,Insulated Bottle,2,42,0,84,36,48,False
NG-02489,2025-06-25,East,Online,Everyday,Insulated Bottle,1,42,0,42,18,24,False
NG-02490,2025-06-25,East,Online,Living,Linen Throw,2,96,0,0,0,0,True
NG-02491,2025-06-25,West,Retail,Living,Accent Cushion,1,46,0,46,20,26,False
NG-02492,2025-06-26,North,Online,Everyday,Canvas Tote,2,32,0.1,57.6,24,33.6,False
NG-02493,2025-06-26,North,Retail,Kitchen,Cast Iron Pan,1,135,0.1,121.5,80,41.5,False
NG-02494,2025-06-26,North,Retail,Kitchen,Ceramic Dinner Set,2,112,0.05,212.8,114,98.8,False
NG-02495,2025-06-26,South,Online,Kitchen,Cast Iron Pan,3,135,0.15,344.25,240,104.25,False
NG-02496,2025-06-26,West,Marketplace,Living,Linen Throw,2,96,0.1,172.8,98,74.8,False
NG-02497,2025-06-26,East,Online,Living,Accent Cushion,1,46,0,46,20,26,False
NG-02498,2025-06-27,West,Marketplace,Living,Accent Cushion,2,46,0.05,87.4,40,47.4,False
NG-02499,2025-06-27,West,Online,Everyday,Canvas Tote,1,32,0,0,0,0,True
NG-02500,2025-06-27,North,Online,Home Office,Desk Lamp,1,58,0,58,28,30,False
NG-02501,2025-06-27,East,Online,Everyday,Canvas Tote,1,32,0.1,28.8,12,16.8,False
NG-02502,2025-06-27,East,Online,Home Office,Monitor Riser,1,72,0.05,68.4,33,35.4,False
NG-02503,2025-06-27,East,Retail,Kitchen,Ceramic Dinner Set,1,112,0,112,57,55,False
NG-02504,2025-06-27,East,Retail,Everyday,Travel Backpack,1,129,0,129,68,61,False
NG-02505,2025-06-28,South,Retail,Kitchen,Pour Over Kit,1,79,0.05,75.05,38,37.05,False
NG-02506,2025-06-28,South,Marketplace,Kitchen,Ceramic Dinner Set,3,112,0.05,319.2,171,148.2,False
NG-02507,2025-06-28,East,Retail,Living,Linen Throw,2,96,0.05,182.4,98,84.4,False
NG-02508,2025-06-28,West,Online,Home Office,Desk Lamp,3,58,0.15,147.9,84,63.9,False
NG-02509,2025-06-28,South,Marketplace,Kitchen,Pour Over Kit,1,79,0.05,75.05,38,37.05,False
NG-02510,2025-06-28,East,Marketplace,Kitchen,Ceramic Dinner Set,1,112,0.05,106.4,57,49.4,False
NG-02511,2025-06-28,West,Online,Home Office,Ergonomic Chair,1,245,0,245,144,101,False
NG-02512,2025-06-28,East,Marketplace,Kitchen,Pour Over Kit,2,79,0.05,150.1,76,74.1,False
NG-02513,2025-06-28,North,Retail,Living,Linen Throw,1,96,0.1,86.4,49,37.4,False
NG-02514,2025-06-28,South,Online,Everyday,Canvas Tote,2,32,0.1,57.6,24,33.6,False
NG-02515,2025-06-28,South,Retail,Living,Accent Cushion,1,46,0.1,41.4,20,21.4,False
NG-02516,2025-06-28,South,Online,Everyday,Insulated Bottle,1,42,0.1,37.8,18,19.8,False
NG-02517,2025-06-29,East,Online,Everyday,Canvas Tote,2,32,0.15,54.4,24,30.4,False
NG-02518,2025-06-29,West,Online,Home Office,Monitor Riser,1,72,0.2,57.6,33,24.6,False
NG-02519,2025-06-29,North,Retail,Kitchen,Ceramic Dinner Set,2,112,0.05,212.8,114,98.8,False
NG-02520,2025-06-29,East,Marketplace,Everyday,Insulated Bottle,1,42,0.05,39.9,18,21.9,False
NG-02521,2025-06-29,South,Marketplace,Home Office,Desk Lamp,1,58,0.05,55.1,28,27.1,False
NG-02522,2025-06-29,North,Retail,Living,Oak Side Table,3,189,0,567,336,231,False
NG-02523,2025-06-30,South,Online,Living,Accent Cushion,3,46,0,138,60,78,False
NG-02524,2025-06-30,South,Online,Everyday,Travel Backpack,4,129,0.05,490.2,272,218.2,False
NG-02525,2025-06-30,East,Online,Everyday,Insulated Bottle,1,42,0.2,33.6,18,15.6,False
NG-02526,2025-06-30,East,Online,Everyday,Canvas Tote,1,32,0.15,27.2,12,15.2,False
NG-02527,2025-07-01,South,Online,Kitchen,Ceramic Dinner Set,1,112,0.15,95.2,57,38.2,False
NG-02528,2025-07-01,North,Marketplace,Everyday,Travel Backpack,3,129,0.05,367.65,204,163.65,False
NG-02529,2025-07-01,West,Retail,Home Office,Monitor Riser,1,72,0.05,68.4,33,35.4,False
NG-02530,2025-07-01,East,Online,Kitchen,Ceramic Dinner Set,1,112,0,112,57,55,False
NG-02531,2025-07-02,North,Marketplace,Kitchen,Ceramic Dinner Set,1,112,0.05,106.4,57,49.4,False
NG-02532,2025-07-02,East,Marketplace,Living,Linen Throw,1,96,0.05,91.2,49,42.2,False
NG-02533,2025-07-03,South,Online,Kitchen,Ceramic Dinner Set,2,112,0.05,212.8,114,98.8,False
NG-02534,2025-07-03,West,Retail,Everyday,Canvas Tote,1,32,0,32,12,20,False
NG-02535,2025-07-03,East,Marketplace,Home Office,Desk Lamp,1,58,0.05,55.1,28,27.1,False
NG-02536,2025-07-03,East,Online,Home Office,Monitor Riser,3,72,0.05,205.2,99,106.2,False
NG-02537,2025-07-04,East,Online,Kitchen,Ceramic Dinner Set,1,112,0,112,57,55,False
NG-02538,2025-07-04,North,Retail,Home Office,Desk Lamp,1,58,0,58,28,30,False
NG-02539,2025-07-04,East,Online,Everyday,Insulated Bottle,2,42,0,84,36,48,False
NG-02540,2025-07-04,West,Online,Kitchen,Cast Iron Pan,1,135,0.05,0,0,0,True
NG-02541,2025-07-05,East,Online,Home Office,Monitor Riser,1,72,0,72,33,39,False
NG-02542,2025-07-05,East,Retail,Home Office,Desk Lamp,1,58,0.15,49.3,28,21.3,False
NG-02543,2025-07-05,East,Retail,Everyday,Travel Backpack,3,129,0,387,204,183,False
NG-02544,2025-07-05,West,Online,Home Office,Monitor Riser,3,72,0.05,205.2,99,106.2,False
NG-02545,2025-07-05,East,Online,Living,Oak Side Table,1,189,0.15,160.65,112,48.65,False
NG-02546,2025-07-05,West,Retail,Home Office,Desk Lamp,1,58,0.15,49.3,28,21.3,False
NG-02547,2025-07-05,East,Retail,Everyday,Canvas Tote,1,32,0,32,12,20,False
NG-02548,2025-07-06,East,Retail,Everyday,Canvas Tote,1,32,0,32,12,20,False
NG-02549,2025-07-06,West,Marketplace,Kitchen,Pour Over Kit,1,79,0.2,63.2,38,25.2,False
NG-02550,2025-07-06,South,Retail,Everyday,Canvas Tote,1,32,0,32,12,20,False
NG-02551,2025-07-06,East,Online,Kitchen,Ceramic Dinner Set,1,112,0,112,57,55,False
NG-02552,2025-07-07,East,Marketplace,Kitchen,Pour Over Kit,1,79,0.05,75.05,38,37.05,False
NG-02553,2025-07-07,West,Online,Everyday,Insulated Bottle,1,42,0.15,0,0,0,True
NG-02554,2025-07-07,North,Marketplace,Kitchen,Pour Over Kit,1,79,0.05,75.05,38,37.05,False
NG-02555,2025-07-07,East,Retail,Living,Accent Cushion,1,46,0,46,20,26,False
NG-02556,2025-07-07,West,Online,Home Office,Monitor Riser,1,72,0.1,64.8,33,31.8,False
NG-02557,2025-07-08,North,Online,Home Office,Ergonomic Chair,1,245,0.1,220.5,144,76.5,False
NG-02558,2025-07-08,West,Marketplace,Home Office,Desk Lamp,1,58,0.2,0,0,0,True
NG-02559,2025-07-08,East,Online,Living,Oak Side Table,1,189,0.05,179.55,112,67.55,False
NG-02560,2025-07-08,North,Retail,Kitchen,Pour Over Kit,1,79,0.1,71.1,38,33.1,False
NG-02561,2025-07-08,East,Retail,Home Office,Desk Lamp,1,58,0.1,52.2,28,24.2,False
NG-02562,2025-07-09,South,Retail,Living,Accent Cushion,1,46,0,46,20,26,False
NG-02563,2025-07-09,East,Retail,Home Office,Monitor Riser,1,72,0.1,0,0,0,True
NG-02564,2025-07-09,North,Retail,Kitchen,Ceramic Dinner Set,2,112,0,224,114,110,False
NG-02565,2025-07-09,East,Online,Kitchen,Pour Over Kit,2,79,0,158,76,82,False
NG-02566,2025-07-10,South,Retail,Everyday,Travel Backpack,3,129,0,387,204,183,False
NG-02567,2025-07-10,South,Online,Everyday,Travel Backpack,2,129,0.05,245.1,136,109.1,False
NG-02568,2025-07-10,West,Online,Kitchen,Pour Over Kit,1,79,0,79,38,41,False
NG-02569,2025-07-10,East,Online,Everyday,Travel Backpack,3,129,0,387,204,183,False
NG-02570,2025-07-10,North,Online,Everyday,Canvas Tote,2,32,0,0,0,0,True
NG-02571,2025-07-10,North,Retail,Everyday,Canvas Tote,1,32,0.2,25.6,12,13.6,False
NG-02572,2025-07-10,South,Online,Kitchen,Pour Over Kit,1,79,0,0,0,0,True
NG-02573,2025-07-10,West,Online,Kitchen,Pour Over Kit,1,79,0,79,38,41,False
NG-02574,2025-07-11,South,Retail,Home Office,Ergonomic Chair,1,245,0.1,220.5,144,76.5,False
NG-02575,2025-07-11,South,Retail,Kitchen,Ceramic Dinner Set,1,112,0.15,95.2,57,38.2,False
NG-02576,2025-07-11,South,Online,Home Office,Ergonomic Chair,2,245,0.15,416.5,288,128.5,False
NG-02577,2025-07-11,West,Retail,Everyday,Insulated Bottle,1,42,0.1,37.8,18,19.8,False
NG-02578,2025-07-12,North,Retail,Everyday,Insulated Bottle,2,42,0,84,36,48,False
NG-02579,2025-07-12,South,Online,Everyday,Insulated Bottle,4,42,0,168,72,96,False
NG-02580,2025-07-12,East,Online,Home Office,Ergonomic Chair,3,245,0.05,698.25,432,266.25,False
NG-02581,2025-07-12,East,Retail,Living,Accent Cushion,1,46,0.1,41.4,20,21.4,False
NG-02582,2025-07-12,East,Online,Kitchen,Pour Over Kit,4,79,0,316,152,164,False
NG-02583,2025-07-12,South,Marketplace,Living,Accent Cushion,1,46,0.15,39.1,20,19.1,False
NG-02584,2025-07-12,North,Retail,Home Office,Ergonomic Chair,1,245,0,245,144,101,False
NG-02585,2025-07-13,North,Marketplace,Everyday,Insulated Bottle,1,42,0.05,39.9,18,21.9,False
NG-02586,2025-07-13,East,Online,Living,Linen Throw,3,96,0,288,147,141,False
NG-02587,2025-07-13,South,Retail,Everyday,Insulated Bottle,2,42,0,84,36,48,False
NG-02588,2025-07-13,West,Retail,Everyday,Travel Backpack,2,129,0,258,136,122,False
NG-02589,2025-07-14,North,Retail,Everyday,Travel Backpack,1,129,0,129,68,61,False
NG-02590,2025-07-14,North,Online,Living,Oak Side Table,1,189,0,189,112,77,False
NG-02591,2025-07-14,East,Online,Living,Linen Throw,4,96,0.05,364.8,196,168.8,False
NG-02592,2025-07-14,East,Retail,Home Office,Desk Lamp,1,58,0.1,52.2,28,24.2,False
NG-02593,2025-07-14,North,Online,Kitchen,Pour Over Kit,1,79,0,79,38,41,False
NG-02594,2025-07-14,East,Online,Living,Oak Side Table,1,189,0.05,179.55,112,67.55,False
NG-02595,2025-07-15,East,Marketplace,Home Office,Desk Lamp,2,58,0.05,110.2,56,54.2,False
NG-02596,2025-07-15,South,Retail,Living,Accent Cushion,1,46,0,0,0,0,True
NG-02597,2025-07-15,South,Marketplace,Home Office,Monitor Riser,4,72,0.15,244.8,132,112.8,False
NG-02598,2025-07-16,East,Retail,Living,Linen Throw,4,96,0.05,364.8,196,168.8,False
NG-02599,2025-07-16,West,Online,Everyday,Canvas Tote,2,32,0.1,57.6,24,33.6,False
NG-02600,2025-07-17,North,Online,Home Office,Desk Lamp,1,58,0,58,28,30,False
NG-02601,2025-07-17,South,Retail,Home Office,Ergonomic Chair,2,245,0,490,288,202,False
NG-02602,2025-07-17,South,Online,Home Office,Monitor Riser,1,72,0,72,33,39,False
NG-02603,2025-07-18,North,Retail,Everyday,Insulated Bottle,2,42,0,84,36,48,False
NG-02604,2025-07-18,East,Online,Home Office,Ergonomic Chair,1,245,0,245,144,101,False
NG-02605,2025-07-18,East,Retail,Home Office,Desk Lamp,1,58,0,58,28,30,False
NG-02606,2025-07-19,North,Online,Home Office,Monitor Riser,1,72,0.1,64.8,33,31.8,False
NG-02607,2025-07-19,North,Marketplace,Kitchen,Pour Over Kit,1,79,0.05,75.05,38,37.05,False
NG-02608,2025-07-19,East,Online,Home Office,Ergonomic Chair,1,245,0,245,144,101,False
NG-02609,2025-07-19,North,Marketplace,Home Office,Ergonomic Chair,1,245,0.05,232.75,144,88.75,False
NG-02610,2025-07-19,East,Marketplace,Kitchen,Pour Over Kit,2,79,0.05,150.1,76,74.1,False
NG-02611,2025-07-19,West,Retail,Kitchen,Pour Over Kit,1,79,0.15,67.15,38,29.15,False
NG-02612,2025-07-19,West,Marketplace,Everyday,Travel Backpack,2,129,0.05,245.1,136,109.1,False
NG-02613,2025-07-19,North,Online,Home Office,Ergonomic Chair,2,245,0,490,288,202,False
NG-02614,2025-07-20,West,Online,Home Office,Desk Lamp,1,58,0,58,28,30,False
NG-02615,2025-07-20,South,Online,Kitchen,Ceramic Dinner Set,1,112,0,112,57,55,False
NG-02616,2025-07-20,West,Online,Living,Linen Throw,1,96,0.2,76.8,49,27.8,False
NG-02617,2025-07-20,East,Retail,Everyday,Canvas Tote,2,32,0,64,24,40,False
NG-02618,2025-07-20,South,Online,Everyday,Insulated Bottle,1,42,0.15,35.7,18,17.7,False
NG-02619,2025-07-20,East,Online,Everyday,Insulated Bottle,1,42,0,42,18,24,False
NG-02620,2025-07-20,East,Marketplace,Everyday,Insulated Bottle,1,42,0.05,39.9,18,21.9,False
NG-02621,2025-07-20,South,Retail,Home Office,Desk Lamp,1,58,0.2,46.4,28,18.4,False
NG-02622,2025-07-20,East,Marketplace,Everyday,Canvas Tote,1,32,0.05,30.4,12,18.4,False
NG-02623,2025-07-21,South,Marketplace,Kitchen,Cast Iron Pan,2,135,0.05,256.5,160,96.5,False
NG-02624,2025-07-21,South,Marketplace,Kitchen,Ceramic Dinner Set,1,112,0.05,106.4,57,49.4,False
NG-02625,2025-07-21,North,Retail,Home Office,Ergonomic Chair,2,245,0.1,441.0,288,153.0,False
NG-02626,2025-07-22,East,Retail,Kitchen,Pour Over Kit,1,79,0.05,75.05,38,37.05,False
NG-02627,2025-07-23,South,Online,Kitchen,Ceramic Dinner Set,1,112,0.05,106.4,57,49.4,False
NG-02628,2025-07-23,East,Online,Home Office,Monitor Riser,1,72,0.15,61.2,33,28.2,False
NG-02629,2025-07-23,East,Retail,Living,Oak Side Table,3,189,0.05,538.65,336,202.65,False
NG-02630,2025-07-23,South,Online,Living,Oak Side Table,1,189,0.15,160.65,112,48.65,False
NG-02631,2025-07-24,East,Online,Home Office,Desk Lamp,1,58,0,58,28,30,False
NG-02632,2025-07-24,North,Online,Home Office,Desk Lamp,1,58,0.05,55.1,28,27.1,False
NG-02633,2025-07-24,East,Retail,Living,Linen Throw,1,96,0.05,91.2,49,42.2,False
NG-02634,2025-07-24,South,Online,Everyday,Insulated Bottle,1,42,0,42,18,24,False
NG-02635,2025-07-25,North,Marketplace,Living,Oak Side Table,1,189,0.05,179.55,112,67.55,False
NG-02636,2025-07-25,East,Retail,Everyday,Canvas Tote,1,32,0.05,30.4,12,18.4,False
NG-02637,2025-07-25,North,Online,Living,Linen Throw,1,96,0,96,49,47,False
NG-02638,2025-07-25,West,Online,Kitchen,Ceramic Dinner Set,3,112,0,0,0,0,True
NG-02639,2025-07-26,West,Retail,Everyday,Travel Backpack,1,129,0,129,68,61,False
NG-02640,2025-07-26,East,Online,Home Office,Ergonomic Chair,2,245,0,490,288,202,False
NG-02641,2025-07-26,North,Online,Living,Accent Cushion,1,46,0,46,20,26,False
NG-02642,2025-07-26,North,Online,Living,Oak Side Table,1,189,0.05,179.55,112,67.55,False
NG-02643,2025-07-26,East,Marketplace,Home Office,Desk Lamp,1,58,0.05,55.1,28,27.1,False
NG-02644,2025-07-26,West,Marketplace,Everyday,Canvas Tote,1,32,0.05,30.4,12,18.4,False
NG-02645,2025-07-26,North,Online,Everyday,Insulated Bottle,1,42,0,42,18,24,False
NG-02646,2025-07-26,North,Marketplace,Everyday,Canvas Tote,1,32,0.1,28.8,12,16.8,False
NG-02647,2025-07-27,North,Retail,Everyday,Insulated Bottle,2,42,0.05,79.8,36,43.8,False
NG-02648,2025-07-27,East,Online,Kitchen,Cast Iron Pan,2,135,0,270,160,110,False
NG-02649,2025-07-27,East,Retail,Home Office,Monitor Riser,2,72,0,144,66,78,False
NG-02650,2025-07-27,East,Online,Living,Accent Cushion,1,46,0.05,43.7,20,23.7,False
NG-02651,2025-07-27,North,Retail,Everyday,Insulated Bottle,1,42,0,42,18,24,False
NG-02652,2025-07-27,North,Marketplace,Kitchen,Cast Iron Pan,1,135,0.05,128.25,80,48.25,False
NG-02653,2025-07-28,East,Online,Home Office,Monitor Riser,2,72,0,144,66,78,False
NG-02654,2025-07-28,West,Retail,Living,Oak Side Table,1,189,0.15,160.65,112,48.65,False
NG-02655,2025-07-28,North,Online,Kitchen,Pour Over Kit,2,79,0.15,134.3,76,58.3,False
NG-02656,2025-07-28,North,Online,Living,Linen Throw,1,96,0.2,76.8,49,27.8,False
NG-02657,2025-07-28,North,Retail,Everyday,Canvas Tote,1,32,0.05,30.4,12,18.4,False
NG-02658,2025-07-28,East,Retail,Everyday,Insulated Bottle,2,42,0.05,79.8,36,43.8,False
NG-02659,2025-07-28,North,Marketplace,Everyday,Canvas Tote,2,32,0.05,60.8,24,36.8,False
NG-02660,2025-07-28,West,Online,Everyday,Travel Backpack,1,129,0.05,122.55,68,54.55,False
NG-02661,2025-07-28,East,Retail,Kitchen,Cast Iron Pan,1,135,0,135,80,55,False
NG-02662,2025-07-28,East,Online,Home Office,Monitor Riser,2,72,0.15,0,0,0,True
NG-02663,2025-07-29,South,Online,Home Office,Desk Lamp,1,58,0,58,28,30,False
NG-02664,2025-07-29,West,Online,Everyday,Insulated Bottle,1,42,0.15,35.7,18,17.7,False
NG-02665,2025-07-29,East,Online,Kitchen,Cast Iron Pan,1,135,0.15,114.75,80,34.75,False
NG-02666,2025-07-29,East,Online,Living,Linen Throw,2,96,0.2,153.6,98,55.6,False
NG-02667,2025-07-29,West,Online,Living,Accent Cushion,1,46,0.1,41.4,20,21.4,False
NG-02668,2025-07-29,East,Online,Everyday,Canvas Tote,1,32,0.05,30.4,12,18.4,False
NG-02669,2025-07-29,East,Online,Home Office,Monitor Riser,1,72,0,72,33,39,False
NG-02670,2025-07-29,South,Retail,Living,Linen Throw,2,96,0,192,98,94,False
NG-02671,2025-07-30,West,Retail,Living,Linen Throw,1,96,0.15,81.6,49,32.6,False
NG-02672,2025-07-30,East,Marketplace,Living,Oak Side Table,1,189,0.1,170.1,112,58.1,False
NG-02673,2025-07-30,South,Retail,Kitchen,Ceramic Dinner Set,1,112,0.1,100.8,57,43.8,False
NG-02674,2025-07-30,North,Online,Kitchen,Pour Over Kit,2,79,0,158,76,82,False
NG-02675,2025-07-30,East,Online,Home Office,Monitor Riser,2,72,0,144,66,78,False
NG-02676,2025-07-30,West,Retail,Everyday,Travel Backpack,1,129,0.05,122.55,68,54.55,False
NG-02677,2025-07-30,North,Marketplace,Kitchen,Ceramic Dinner Set,1,112,0.05,106.4,57,49.4,False
NG-02678,2025-07-30,South,Retail,Everyday,Canvas Tote,1,32,0,32,12,20,False
NG-02679,2025-07-31,South,Online,Living,Linen Throw,1,96,0,96,49,47,False
NG-02680,2025-07-31,South,Online,Home Office,Desk Lamp,1,58,0.2,46.4,28,18.4,False
NG-02681,2025-07-31,South,Online,Everyday,Canvas Tote,1,32,0.1,28.8,12,16.8,False
NG-02682,2025-07-31,North,Online,Everyday,Canvas Tote,1,32,0.05,30.4,12,18.4,False
NG-02683,2025-08-01,South,Online,Everyday,Insulated Bottle,1,42,0,0,0,0,True
NG-02684,2025-08-01,North,Marketplace,Living,Linen Throw,3,96,0.15,244.8,147,97.8,False
NG-02685,2025-08-01,South,Online,Kitchen,Cast Iron Pan,1,135,0.05,128.25,80,48.25,False
NG-02686,2025-08-01,South,Retail,Everyday,Insulated Bottle,2,42,0.2,67.2,36,31.2,False
NG-02687,2025-08-01,North,Online,Everyday,Travel Backpack,2,129,0.1,232.2,136,96.2,False
NG-02688,2025-08-01,East,Online,Kitchen,Pour Over Kit,1,79,0,79,38,41,False
NG-02689,2025-08-02,North,Retail,Everyday,Insulated Bottle,1,42,0,42,18,24,False
NG-02690,2025-08-02,South,Online,Home Office,Monitor Riser,1,72,0,0,0,0,True
NG-02691,2025-08-02,South,Online,Everyday,Canvas Tote,1,32,0.05,30.4,12,18.4,False
NG-02692,2025-08-02,South,Online,Kitchen,Pour Over Kit,2,79,0,158,76,82,False
NG-02693,2025-08-02,North,Marketplace,Living,Linen Throw,2,96,0.05,182.4,98,84.4,False
NG-02694,2025-08-02,North,Online,Home Office,Monitor Riser,2,72,0.15,122.4,66,56.4,False
NG-02695,2025-08-02,West,Online,Everyday,Travel Backpack,1,129,0,129,68,61,False
NG-02696,2025-08-02,East,Marketplace,Home Office,Desk Lamp,1,58,0.05,0,0,0,True
NG-02697,2025-08-02,South,Retail,Everyday,Insulated Bottle,1,42,0,42,18,24,False
NG-02698,2025-08-02,West,Retail,Everyday,Insulated Bottle,1,42,0,42,18,24,False
NG-02699,2025-08-03,South,Marketplace,Kitchen,Pour Over Kit,1,79,0.05,75.05,38,37.05,False
NG-02700,2025-08-03,South,Online,Home Office,Desk Lamp,1,58,0.1,52.2,28,24.2,False
NG-02701,2025-08-03,South,Marketplace,Kitchen,Ceramic Dinner Set,2,112,0.1,201.6,114,87.6,False
NG-02702,2025-08-03,South,Retail,Living,Linen Throw,1,96,0,96,49,47,False
NG-02703,2025-08-04,East,Online,Living,Linen Throw,4,96,0.1,345.6,196,149.6,False
NG-02704,2025-08-04,West,Marketplace,Kitchen,Pour Over Kit,1,79,0.05,0,0,0,True
NG-02705,2025-08-04,East,Retail,Living,Oak Side Table,1,189,0,189,112,77,False
NG-02706,2025-08-04,North,Online,Everyday,Insulated Bottle,2,42,0,84,36,48,False
NG-02707,2025-08-04,North,Online,Kitchen,Ceramic Dinner Set,3,112,0,336,171,165,False
NG-02708,2025-08-05,West,Retail,Everyday,Canvas Tote,1,32,0,32,12,20,False
NG-02709,2025-08-05,West,Retail,Living,Oak Side Table,1,189,0.1,170.1,112,58.1,False
NG-02710,2025-08-05,North,Retail,Kitchen,Pour Over Kit,1,79,0.05,75.05,38,37.05,False
NG-02711,2025-08-05,West,Online,Living,Accent Cushion,2,46,0,92,40,52,False
NG-02712,2025-08-05,East,Retail,Kitchen,Cast Iron Pan,1,135,0.05,128.25,80,48.25,False
NG-02713,2025-08-05,East,Retail,Living,Accent Cushion,2,46,0,92,40,52,False
NG-02714,2025-08-05,West,Retail,Living,Accent Cushion,1,46,0.05,43.7,20,23.7,False
NG-02715,2025-08-06,North,Marketplace,Kitchen,Ceramic Dinner Set,1,112,0.05,106.4,57,49.4,False
NG-02716,2025-08-06,North,Retail,Living,Linen Throw,1,96,0.05,91.2,49,42.2,False
NG-02717,2025-08-06,North,Online,Kitchen,Cast Iron Pan,1,135,0.05,128.25,80,48.25,False
NG-02718,2025-08-06,East,Online,Kitchen,Cast Iron Pan,2,135,0.1,243.0,160,83.0,False
NG-02719,2025-08-06,South,Online,Everyday,Canvas Tote,2,32,0.1,57.6,24,33.6,False
NG-02720,2025-08-07,North,Online,Living,Accent Cushion,1,46,0,46,20,26,False
NG-02721,2025-08-07,West,Retail,Living,Accent Cushion,1,46,0,46,20,26,False
NG-02722,2025-08-07,South,Marketplace,Kitchen,Pour Over Kit,1,79,0.05,75.05,38,37.05,False
NG-02723,2025-08-07,West,Retail,Kitchen,Cast Iron Pan,1,135,0.05,128.25,80,48.25,False
NG-02724,2025-08-07,South,Online,Kitchen,Pour Over Kit,3,79,0,237,114,123,False
NG-02725,2025-08-07,West,Retail,Living,Accent Cushion,1,46,0,46,20,26,False
NG-02726,2025-08-07,North,Online,Living,Oak Side Table,1,189,0,189,112,77,False
NG-02727,2025-08-07,East,Online,Living,Oak Side Table,1,189,0.1,170.1,112,58.1,False
NG-02728,2025-08-08,North,Marketplace,Everyday,Canvas Tote,1,32,0.05,30.4,12,18.4,False
NG-02729,2025-08-08,North,Marketplace,Everyday,Insulated Bottle,2,42,0.05,79.8,36,43.8,False
NG-02730,2025-08-08,East,Online,Everyday,Insulated Bottle,1,42,0,42,18,24,False
NG-02731,2025-08-08,North,Online,Everyday,Insulated Bottle,1,42,0.1,37.8,18,19.8,False
NG-02732,2025-08-08,South,Retail,Home Office,Monitor Riser,1,72,0,72,33,39,False
NG-02733,2025-08-08,South,Online,Living,Linen Throw,1,96,0,96,49,47,False
NG-02734,2025-08-09,South,Online,Home Office,Desk Lamp,3,58,0,174,84,90,False
NG-02735,2025-08-09,North,Online,Home Office,Ergonomic Chair,1,245,0.05,232.75,144,88.75,False
NG-02736,2025-08-09,East,Retail,Home Office,Ergonomic Chair,1,245,0.2,196.0,144,52.0,False
NG-02737,2025-08-09,North,Online,Home Office,Desk Lamp,2,58,0.2,92.8,56,36.8,False
NG-02738,2025-08-09,West,Online,Home Office,Desk Lamp,3,58,0,174,84,90,False
NG-02739,2025-08-10,North,Retail,Home Office,Monitor Riser,4,72,0.05,273.6,132,141.6,False
NG-02740,2025-08-10,West,Online,Living,Oak Side Table,1,189,0,189,112,77,False
NG-02741,2025-08-10,East,Marketplace,Everyday,Insulated Bottle,1,42,0.05,39.9,18,21.9,False
NG-02742,2025-08-10,South,Online,Home Office,Ergonomic Chair,1,245,0,245,144,101,False
NG-02743,2025-08-10,South,Online,Home Office,Desk Lamp,2,58,0,116,56,60,False
NG-02744,2025-08-11,North,Online,Everyday,Canvas Tote,3,32,0,96,36,60,False
NG-02745,2025-08-11,South,Retail,Home Office,Ergonomic Chair,1,245,0,245,144,101,False
NG-02746,2025-08-11,North,Marketplace,Everyday,Travel Backpack,1,129,0.05,122.55,68,54.55,False
NG-02747,2025-08-11,East,Online,Living,Oak Side Table,1,189,0.05,179.55,112,67.55,False
NG-02748,2025-08-11,North,Online,Everyday,Canvas Tote,2,32,0,64,24,40,False
NG-02749,2025-08-12,South,Online,Everyday,Travel Backpack,1,129,0,129,68,61,False
NG-02750,2025-08-12,East,Online,Everyday,Canvas Tote,1,32,0.05,30.4,12,18.4,False
NG-02751,2025-08-13,North,Retail,Home Office,Desk Lamp,1,58,0,58,28,30,False
NG-02752,2025-08-13,North,Online,Living,Oak Side Table,1,189,0,189,112,77,False
NG-02753,2025-08-13,North,Retail,Home Office,Monitor Riser,1,72,0.1,64.8,33,31.8,False
NG-02754,2025-08-13,East,Retail,Everyday,Canvas Tote,1,32,0.05,30.4,12,18.4,False
NG-02755,2025-08-13,East,Online,Everyday,Canvas Tote,1,32,0.15,27.2,12,15.2,False
NG-02756,2025-08-13,East,Retail,Home Office,Ergonomic Chair,1,245,0.05,232.75,144,88.75,False
NG-02757,2025-08-13,East,Marketplace,Home Office,Desk Lamp,1,58,0.1,52.2,28,24.2,False
NG-02758,2025-08-14,South,Retail,Living,Accent Cushion,1,46,0.15,39.1,20,19.1,False
NG-02759,2025-08-14,West,Retail,Living,Accent Cushion,1,46,0.05,43.7,20,23.7,False
NG-02760,2025-08-15,North,Online,Everyday,Canvas Tote,2,32,0,64,24,40,False
NG-02761,2025-08-15,East,Online,Kitchen,Cast Iron Pan,1,135,0.05,128.25,80,48.25,False
NG-02762,2025-08-15,East,Retail,Home Office,Monitor Riser,1,72,0.1,64.8,33,31.8,False
NG-02763,2025-08-15,West,Marketplace,Living,Accent Cushion,1,46,0.05,43.7,20,23.7,False
NG-02764,2025-08-15,South,Retail,Living,Accent Cushion,1,46,0,46,20,26,False
NG-02765,2025-08-16,South,Retail,Everyday,Insulated Bottle,1,42,0,42,18,24,False
NG-02766,2025-08-16,South,Retail,Home Office,Desk Lamp,1,58,0.05,55.1,28,27.1,False
NG-02767,2025-08-16,East,Online,Living,Accent Cushion,1,46,0,46,20,26,False
NG-02768,2025-08-16,South,Retail,Home Office,Monitor Riser,1,72,0.05,68.4,33,35.4,False
NG-02769,2025-08-16,North,Online,Everyday,Insulated Bottle,1,42,0.15,35.7,18,17.7,False
NG-02770,2025-08-17,East,Online,Home Office,Ergonomic Chair,1,245,0,245,144,101,False
NG-02771,2025-08-17,East,Retail,Home Office,Desk Lamp,1,58,0,58,28,30,False
NG-02772,2025-08-17,North,Online,Kitchen,Pour Over Kit,1,79,0,79,38,41,False
NG-02773,2025-08-17,North,Online,Living,Accent Cushion,1,46,0,46,20,26,False
NG-02774,2025-08-18,North,Retail,Living,Linen Throw,2,96,0,192,98,94,False
NG-02775,2025-08-18,West,Retail,Kitchen,Ceramic Dinner Set,1,112,0.05,106.4,57,49.4,False
NG-02776,2025-08-19,East,Retail,Kitchen,Cast Iron Pan,1,135,0.05,128.25,80,48.25,False
NG-02777,2025-08-19,West,Online,Living,Linen Throw,1,96,0,96,49,47,False
NG-02778,2025-08-19,West,Online,Everyday,Insulated Bottle,2,42,0,84,36,48,False
NG-02779,2025-08-19,West,Online,Home Office,Desk Lamp,1,58,0,58,28,30,False
NG-02780,2025-08-19,West,Retail,Everyday,Insulated Bottle,1,42,0,42,18,24,False
NG-02781,2025-08-19,North,Marketplace,Everyday,Insulated Bottle,1,42,0.2,33.6,18,15.6,False
NG-02782,2025-08-20,East,Online,Everyday,Travel Backpack,1,129,0,129,68,61,False
NG-02783,2025-08-20,West,Online,Living,Oak Side Table,1,189,0.1,170.1,112,58.1,False
NG-02784,2025-08-20,South,Online,Living,Accent Cushion,1,46,0,0,0,0,True
NG-02785,2025-08-20,North,Online,Everyday,Travel Backpack,2,129,0.05,245.1,136,109.1,False
NG-02786,2025-08-20,East,Online,Home Office,Monitor Riser,1,72,0.1,64.8,33,31.8,False
NG-02787,2025-08-21,North,Retail,Home Office,Monitor Riser,1,72,0,72,33,39,False
NG-02788,2025-08-21,West,Online,Everyday,Travel Backpack,1,129,0.05,122.55,68,54.55,False
NG-02789,2025-08-21,East,Retail,Home Office,Monitor Riser,1,72,0.05,68.4,33,35.4,False
NG-02790,2025-08-21,North,Marketplace,Living,Accent Cushion,1,46,0.05,0,0,0,True
NG-02791,2025-08-21,North,Online,Living,Oak Side Table,1,189,0.1,170.1,112,58.1,False
NG-02792,2025-08-21,North,Retail,Everyday,Canvas Tote,1,32,0,32,12,20,False
NG-02793,2025-08-21,East,Online,Living,Accent Cushion,2,46,0,92,40,52,False
NG-02794,2025-08-21,East,Online,Kitchen,Pour Over Kit,1,79,0.1,71.1,38,33.1,False
NG-02795,2025-08-22,South,Marketplace,Kitchen,Ceramic Dinner Set,2,112,0.05,212.8,114,98.8,False
NG-02796,2025-08-22,North,Retail,Kitchen,Pour Over Kit,1,79,0,79,38,41,False
NG-02797,2025-08-22,East,Online,Kitchen,Pour Over Kit,1,79,0,79,38,41,False
NG-02798,2025-08-22,South,Retail,Everyday,Canvas Tote,1,32,0,32,12,20,False
NG-02799,2025-08-23,East,Retail,Kitchen,Ceramic Dinner Set,1,112,0.05,106.4,57,49.4,False
NG-02800,2025-08-23,East,Marketplace,Everyday,Travel Backpack,1,129,0.05,122.55,68,54.55,False
NG-02801,2025-08-23,East,Online,Kitchen,Cast Iron Pan,1,135,0,135,80,55,False
NG-02802,2025-08-23,North,Online,Kitchen,Pour Over Kit,2,79,0.1,142.2,76,66.2,False
NG-02803,2025-08-23,North,Online,Living,Accent Cushion,1,46,0,46,20,26,False
NG-02804,2025-08-23,South,Online,Kitchen,Pour Over Kit,1,79,0,79,38,41,False
NG-02805,2025-08-23,West,Retail,Living,Accent Cushion,1,46,0,46,20,26,False
NG-02806,2025-08-23,North,Retail,Home Office,Desk Lamp,1,58,0,58,28,30,False
NG-02807,2025-08-24,North,Online,Home Office,Desk Lamp,1,58,0,58,28,30,False
NG-02808,2025-08-24,South,Online,Everyday,Insulated Bottle,1,42,0.05,39.9,18,21.9,False
NG-02809,2025-08-24,West,Retail,Living,Accent Cushion,1,46,0.05,43.7,20,23.7,False
NG-02810,2025-08-25,South,Retail,Everyday,Insulated Bottle,1,42,0,42,18,24,False
NG-02811,2025-08-25,East,Marketplace,Living,Accent Cushion,1,46,0.05,43.7,20,23.7,False
NG-02812,2025-08-25,North,Marketplace,Everyday,Insulated Bottle,1,42,0.1,37.8,18,19.8,False
NG-02813,2025-08-25,North,Online,Kitchen,Ceramic Dinner Set,1,112,0,112,57,55,False
NG-02814,2025-08-25,North,Online,Home Office,Desk Lamp,1,58,0.05,55.1,28,27.1,False
NG-02815,2025-08-26,North,Marketplace,Kitchen,Pour Over Kit,1,79,0.05,75.05,38,37.05,False
NG-02816,2025-08-26,North,Online,Kitchen,Ceramic Dinner Set,1,112,0,112,57,55,False
NG-02817,2025-08-26,East,Retail,Kitchen,Pour Over Kit,1,79,0,79,38,41,False
NG-02818,2025-08-27,East,Online,Everyday,Canvas Tote,1,32,0,32,12,20,False
NG-02819,2025-08-27,South,Marketplace,Everyday,Insulated Bottle,1,42,0.05,39.9,18,21.9,False
NG-02820,2025-08-27,South,Retail,Home Office,Monitor Riser,1,72,0.15,61.2,33,28.2,False
NG-02821,2025-08-27,West,Retail,Living,Oak Side Table,1,189,0.05,179.55,112,67.55,False
NG-02822,2025-08-27,East,Retail,Living,Linen Throw,1,96,0,96,49,47,False
NG-02823,2025-08-28,South,Marketplace,Home Office,Desk Lamp,1,58,0.05,55.1,28,27.1,False
NG-02824,2025-08-28,West,Online,Living,Oak Side Table,1,189,0.05,179.55,112,67.55,False
NG-02825,2025-08-28,East,Retail,Living,Accent Cushion,1,46,0,46,20,26,False
NG-02826,2025-08-28,West,Retail,Kitchen,Ceramic Dinner Set,3,112,0,336,171,165,False
NG-02827,2025-08-28,West,Online,Home Office,Monitor Riser,1,72,0,72,33,39,False
NG-02828,2025-08-28,North,Online,Living,Accent Cushion,1,46,0,46,20,26,False
NG-02829,2025-08-28,North,Marketplace,Living,Accent Cushion,1,46,0.1,41.4,20,21.4,False
NG-02830,2025-08-28,East,Online,Kitchen,Pour Over Kit,2,79,0.2,126.4,76,50.4,False
NG-02831,2025-08-29,East,Retail,Living,Accent Cushion,1,46,0,46,20,26,False
NG-02832,2025-08-29,North,Retail,Home Office,Ergonomic Chair,1,245,0.15,208.25,144,64.25,False
NG-02833,2025-08-29,North,Retail,Home Office,Ergonomic Chair,1,245,0.05,232.75,144,88.75,False
NG-02834,2025-08-29,North,Marketplace,Everyday,Canvas Tote,2,32,0.2,51.2,24,27.2,False
NG-02835,2025-08-29,South,Retail,Living,Linen Throw,1,96,0,96,49,47,False
NG-02836,2025-08-29,South,Online,Kitchen,Pour Over Kit,1,79,0,79,38,41,False
NG-02837,2025-08-30,North,Online,Living,Linen Throw,1,96,0,96,49,47,False
NG-02838,2025-08-30,East,Retail,Kitchen,Ceramic Dinner Set,1,112,0.15,95.2,57,38.2,False
NG-02839,2025-08-30,North,Retail,Kitchen,Cast Iron Pan,1,135,0.1,121.5,80,41.5,False
NG-02840,2025-08-30,South,Online,Home Office,Ergonomic Chair,1,245,0.2,196.0,144,52.0,False
NG-02841,2025-08-30,South,Marketplace,Kitchen,Pour Over Kit,3,79,0.05,225.15,114,111.15,False
NG-02842,2025-08-31,East,Online,Kitchen,Pour Over Kit,1,79,0,79,38,41,False
NG-02843,2025-08-31,East,Retail,Home Office,Desk Lamp,1,58,0,58,28,30,False
NG-02844,2025-08-31,South,Online,Everyday,Canvas Tote,1,32,0,32,12,20,False
NG-02845,2025-08-31,East,Retail,Living,Accent Cushion,1,46,0,46,20,26,False
NG-02846,2025-09-01,South,Retail,Living,Accent Cushion,1,46,0.2,36.8,20,16.8,False
NG-02847,2025-09-01,North,Retail,Living,Accent Cushion,1,46,0,46,20,26,False
NG-02848,2025-09-01,North,Online,Kitchen,Pour Over Kit,1,79,0,79,38,41,False
NG-02849,2025-09-01,East,Online,Home Office,Desk Lamp,1,58,0,58,28,30,False
NG-02850,2025-09-01,North,Online,Everyday,Travel Backpack,1,129,0.15,109.65,68,41.65,False
NG-02851,2025-09-01,West,Online,Everyday,Canvas Tote,2,32,0.05,60.8,24,36.8,False
NG-02852,2025-09-01,North,Retail,Everyday,Travel Backpack,1,129,0.05,122.55,68,54.55,False
NG-02853,2025-09-01,North,Online,Living,Oak Side Table,1,189,0.1,170.1,112,58.1,False
NG-02854,2025-09-02,East,Retail,Everyday,Travel Backpack,3,129,0,387,204,183,False
NG-02855,2025-09-02,South,Retail,Living,Accent Cushion,1,46,0,46,20,26,False
NG-02856,2025-09-02,East,Online,Kitchen,Ceramic Dinner Set,1,112,0.2,89.6,57,32.6,False
NG-02857,2025-09-02,South,Marketplace,Home Office,Monitor Riser,1,72,0.05,68.4,33,35.4,False
NG-02858,2025-09-02,West,Online,Kitchen,Cast Iron Pan,1,135,0,135,80,55,False
NG-02859,2025-09-03,West,Marketplace,Living,Linen Throw,1,96,0.05,91.2,49,42.2,False
NG-02860,2025-09-03,North,Retail,Living,Accent Cushion,1,46,0,46,20,26,False
NG-02861,2025-09-03,North,Retail,Home Office,Ergonomic Chair,4,245,0,980,576,404,False
NG-02862,2025-09-03,East,Online,Kitchen,Pour Over Kit,1,79,0,79,38,41,False
NG-02863,2025-09-03,East,Online,Living,Accent Cushion,2,46,0.05,87.4,40,47.4,False
NG-02864,2025-09-03,North,Marketplace,Living,Linen Throw,1,96,0.05,91.2,49,42.2,False
NG-02865,2025-09-03,South,Marketplace,Living,Accent Cushion,2,46,0.05,87.4,40,47.4,False
NG-02866,2025-09-04,North,Online,Home Office,Desk Lamp,1,58,0,58,28,30,False
NG-02867,2025-09-04,East,Marketplace,Everyday,Insulated Bottle,2,42,0.1,75.6,36,39.6,False
NG-02868,2025-09-04,South,Online,Home Office,Monitor Riser,1,72,0.1,64.8,33,31.8,False
NG-02869,2025-09-05,South,Retail,Living,Linen Throw,1,96,0,96,49,47,False
NG-02870,2025-09-05,South,Online,Kitchen,Cast Iron Pan,2,135,0.2,216.0,160,56.0,False
NG-02871,2025-09-05,South,Retail,Kitchen,Cast Iron Pan,2,135,0.05,256.5,160,96.5,False
NG-02872,2025-09-05,North,Online,Everyday,Insulated Bottle,2,42,0.05,79.8,36,43.8,False
NG-02873,2025-09-05,West,Online,Kitchen,Ceramic Dinner Set,1,112,0,112,57,55,False
NG-02874,2025-09-05,West,Retail,Kitchen,Ceramic Dinner Set,1,112,0,112,57,55,False
NG-02875,2025-09-05,South,Retail,Everyday,Insulated Bottle,1,42,0.15,35.7,18,17.7,False
NG-02876,2025-09-06,North,Online,Everyday,Insulated Bottle,1,42,0,42,18,24,False
NG-02877,2025-09-06,West,Online,Kitchen,Ceramic Dinner Set,1,112,0.1,100.8,57,43.8,False
NG-02878,2025-09-06,East,Online,Living,Accent Cushion,2,46,0.15,78.2,40,38.2,False
NG-02879,2025-09-06,East,Retail,Living,Accent Cushion,3,46,0,138,60,78,False
NG-02880,2025-09-06,North,Retail,Living,Accent Cushion,1,46,0,46,20,26,False
NG-02881,2025-09-06,South,Retail,Home Office,Desk Lamp,2,58,0,116,56,60,False
NG-02882,2025-09-07,East,Retail,Kitchen,Pour Over Kit,1,79,0.1,71.1,38,33.1,False
NG-02883,2025-09-07,West,Retail,Everyday,Insulated Bottle,1,42,0,42,18,24,False
NG-02884,2025-09-07,South,Online,Home Office,Desk Lamp,2,58,0.1,104.4,56,48.4,False
NG-02885,2025-09-07,West,Online,Living,Accent Cushion,1,46,0.1,41.4,20,21.4,False
NG-02886,2025-09-07,South,Online,Home Office,Monitor Riser,1,72,0.05,68.4,33,35.4,False
NG-02887,2025-09-08,East,Online,Home Office,Monitor Riser,1,72,0,72,33,39,False
NG-02888,2025-09-08,South,Marketplace,Home Office,Desk Lamp,1,58,0.1,52.2,28,24.2,False
NG-02889,2025-09-08,East,Retail,Home Office,Desk Lamp,2,58,0,116,56,60,False
NG-02890,2025-09-09,East,Marketplace,Home Office,Monitor Riser,2,72,0.05,136.8,66,70.8,False
NG-02891,2025-09-09,West,Marketplace,Kitchen,Cast Iron Pan,1,135,0.05,128.25,80,48.25,False
NG-02892,2025-09-10,South,Marketplace,Home Office,Desk Lamp,1,58,0.05,55.1,28,27.1,False
NG-02893,2025-09-10,West,Retail,Living,Accent Cushion,3,46,0.05,131.1,60,71.1,False
NG-02894,2025-09-10,North,Online,Living,Accent Cushion,3,46,0.05,0,0,0,True
NG-02895,2025-09-10,West,Online,Living,Oak Side Table,3,189,0,567,336,231,False
NG-02896,2025-09-10,West,Online,Kitchen,Pour Over Kit,1,79,0,79,38,41,False
NG-02897,2025-09-10,North,Online,Kitchen,Cast Iron Pan,1,135,0.15,114.75,80,34.75,False
NG-02898,2025-09-10,East,Retail,Everyday,Insulated Bottle,2,42,0,84,36,48,False
NG-02899,2025-09-10,East,Online,Home Office,Desk Lamp,1,58,0,58,28,30,False
NG-02900,2025-09-10,East,Retail,Home Office,Desk Lamp,3,58,0.05,165.3,84,81.3,False
NG-02901,2025-09-11,South,Online,Everyday,Canvas Tote,1,32,0,32,12,20,False
NG-02902,2025-09-11,South,Retail,Everyday,Insulated Bottle,2,42,0,84,36,48,False
NG-02903,2025-09-11,South,Retail,Living,Accent Cushion,1,46,0.05,43.7,20,23.7,False
NG-02904,2025-09-11,West,Retail,Everyday,Travel Backpack,1,129,0,129,68,61,False
NG-02905,2025-09-11,East,Retail,Everyday,Canvas Tote,1,32,0,32,12,20,False
NG-02906,2025-09-11,East,Online,Living,Accent Cushion,2,46,0.05,87.4,40,47.4,False
NG-02907,2025-09-11,East,Retail,Everyday,Insulated Bottle,1,42,0,42,18,24,False
NG-02908,2025-09-11,East,Retail,Everyday,Travel Backpack,3,129,0,387,204,183,False
NG-02909,2025-09-12,South,Online,Living,Accent Cushion,1,46,0,46,20,26,False
NG-02910,2025-09-12,West,Retail,Kitchen,Ceramic Dinner Set,1,112,0,112,57,55,False
NG-02911,2025-09-12,North,Online,Kitchen,Pour Over Kit,1,79,0.05,75.05,38,37.05,False
NG-02912,2025-09-12,East,Marketplace,Kitchen,Pour Over Kit,1,79,0.1,71.1,38,33.1,False
NG-02913,2025-09-12,South,Retail,Living,Linen Throw,1,96,0.05,91.2,49,42.2,False
NG-02914,2025-09-12,East,Online,Home Office,Monitor Riser,1,72,0.05,68.4,33,35.4,False
NG-02915,2025-09-12,South,Retail,Everyday,Insulated Bottle,2,42,0.1,75.6,36,39.6,False
NG-02916,2025-09-13,East,Online,Everyday,Insulated Bottle,1,42,0,42,18,24,False
NG-02917,2025-09-13,North,Retail,Everyday,Canvas Tote,3,32,0,96,36,60,False
NG-02918,2025-09-13,South,Retail,Everyday,Canvas Tote,1,32,0.1,28.8,12,16.8,False
NG-02919,2025-09-13,West,Retail,Living,Accent Cushion,2,46,0.05,87.4,40,47.4,False
NG-02920,2025-09-13,North,Marketplace,Living,Oak Side Table,2,189,0.05,359.1,224,135.1,False
NG-02921,2025-09-13,North,Retail,Living,Oak Side Table,1,189,0,189,112,77,False
NG-02922,2025-09-14,North,Online,Everyday,Canvas Tote,1,32,0.05,30.4,12,18.4,False
NG-02923,2025-09-14,West,Marketplace,Everyday,Canvas Tote,1,32,0.05,30.4,12,18.4,False
NG-02924,2025-09-14,East,Marketplace,Everyday,Canvas Tote,1,32,0.05,30.4,12,18.4,False
NG-02925,2025-09-14,East,Marketplace,Living,Linen Throw,1,96,0.2,76.8,49,27.8,False
NG-02926,2025-09-14,North,Retail,Everyday,Insulated Bottle,1,42,0,42,18,24,False
NG-02927,2025-09-14,South,Online,Everyday,Canvas Tote,1,32,0.05,30.4,12,18.4,False
NG-02928,2025-09-14,North,Retail,Home Office,Desk Lamp,1,58,0.05,55.1,28,27.1,False
NG-02929,2025-09-15,North,Online,Everyday,Insulated Bottle,1,42,0,42,18,24,False
NG-02930,2025-09-15,West,Online,Kitchen,Cast Iron Pan,1,135,0,135,80,55,False
NG-02931,2025-09-15,West,Retail,Everyday,Insulated Bottle,1,42,0.05,39.9,18,21.9,False
NG-02932,2025-09-15,East,Retail,Home Office,Monitor Riser,1,72,0,72,33,39,False
NG-02933,2025-09-15,North,Retail,Everyday,Canvas Tote,1,32,0,32,12,20,False
NG-02934,2025-09-15,South,Marketplace,Kitchen,Pour Over Kit,1,79,0.05,75.05,38,37.05,False
NG-02935,2025-09-16,West,Marketplace,Living,Accent Cushion,2,46,0.05,0,0,0,True
NG-02936,2025-09-16,South,Marketplace,Kitchen,Ceramic Dinner Set,1,112,0.05,106.4,57,49.4,False
NG-02937,2025-09-16,North,Marketplace,Home Office,Desk Lamp,1,58,0.05,55.1,28,27.1,False
NG-02938,2025-09-16,North,Online,Living,Linen Throw,3,96,0,288,147,141,False
NG-02939,2025-09-16,West,Retail,Home Office,Monitor Riser,1,72,0.15,61.2,33,28.2,False
NG-02940,2025-09-17,North,Marketplace,Everyday,Canvas Tote,1,32,0.05,30.4,12,18.4,False
NG-02941,2025-09-17,North,Online,Everyday,Insulated Bottle,1,42,0,42,18,24,False
NG-02942,2025-09-17,West,Online,Everyday,Travel Backpack,1,129,0,129,68,61,False
NG-02943,2025-09-17,South,Retail,Living,Linen Throw,1,96,0.2,76.8,49,27.8,False
NG-02944,2025-09-17,East,Online,Kitchen,Ceramic Dinner Set,1,112,0,112,57,55,False
NG-02945,2025-09-17,East,Retail,Home Office,Ergonomic Chair,1,245,0,245,144,101,False
NG-02946,2025-09-18,East,Online,Kitchen,Ceramic Dinner Set,1,112,0,112,57,55,False
NG-02947,2025-09-18,South,Retail,Home Office,Desk Lamp,3,58,0,174,84,90,False
NG-02948,2025-09-18,North,Marketplace,Everyday,Insulated Bottle,1,42,0.1,37.8,18,19.8,False
NG-02949,2025-09-18,South,Retail,Living,Accent Cushion,2,46,0,92,40,52,False
NG-02950,2025-09-18,South,Online,Everyday,Travel Backpack,1,129,0,129,68,61,False
NG-02951,2025-09-18,North,Retail,Everyday,Insulated Bottle,1,42,0,42,18,24,False
NG-02952,2025-09-18,West,Online,Home Office,Desk Lamp,1,58,0,58,28,30,False
NG-02953,2025-09-19,North,Retail,Everyday,Insulated Bottle,2,42,0.1,75.6,36,39.6,False
NG-02954,2025-09-19,East,Online,Home Office,Monitor Riser,4,72,0.05,273.6,132,141.6,False
NG-02955,2025-09-19,East,Online,Home Office,Desk Lamp,1,58,0.05,55.1,28,27.1,False
NG-02956,2025-09-19,East,Online,Everyday,Canvas Tote,1,32,0.05,30.4,12,18.4,False
NG-02957,2025-09-19,North,Online,Everyday,Insulated Bottle,3,42,0,126,54,72,False
NG-02958,2025-09-19,South,Retail,Home Office,Desk Lamp,2,58,0,116,56,60,False
NG-02959,2025-09-19,East,Online,Home Office,Desk Lamp,1,58,0,58,28,30,False
NG-02960,2025-09-19,North,Retail,Living,Accent Cushion,1,46,0,46,20,26,False
NG-02961,2025-09-20,North,Retail,Living,Accent Cushion,1,46,0.05,43.7,20,23.7,False
NG-02962,2025-09-20,North,Online,Living,Accent Cushion,3,46,0,138,60,78,False
NG-02963,2025-09-20,East,Retail,Kitchen,Cast Iron Pan,1,135,0.05,128.25,80,48.25,False
NG-02964,2025-09-20,North,Retail,Living,Accent Cushion,1,46,0.05,43.7,20,23.7,False
NG-02965,2025-09-20,South,Retail,Living,Accent Cushion,1,46,0,46,20,26,False
NG-02966,2025-09-20,South,Marketplace,Kitchen,Ceramic Dinner Set,1,112,0.05,106.4,57,49.4,False
NG-02967,2025-09-21,West,Marketplace,Living,Accent Cushion,1,46,0.05,43.7,20,23.7,False
NG-02968,2025-09-21,South,Online,Living,Accent Cushion,1,46,0,46,20,26,False
NG-02969,2025-09-21,West,Online,Everyday,Canvas Tote,1,32,0.15,27.2,12,15.2,False
NG-02970,2025-09-21,South,Online,Home Office,Desk Lamp,1,58,0,58,28,30,False
NG-02971,2025-09-21,North,Online,Living,Linen Throw,1,96,0,96,49,47,False
NG-02972,2025-09-21,South,Online,Home Office,Desk Lamp,2,58,0,116,56,60,False
NG-02973,2025-09-21,East,Retail,Home Office,Monitor Riser,1,72,0,72,33,39,False
NG-02974,2025-09-22,East,Online,Home Office,Desk Lamp,1,58,0,58,28,30,False
NG-02975,2025-09-22,South,Marketplace,Living,Linen Throw,1,96,0.05,91.2,49,42.2,False
NG-02976,2025-09-22,South,Online,Living,Accent Cushion,1,46,0,46,20,26,False
NG-02977,2025-09-22,South,Online,Everyday,Travel Backpack,1,129,0,129,68,61,False
NG-02978,2025-09-23,North,Online,Home Office,Desk Lamp,1,58,0.1,52.2,28,24.2,False
NG-02979,2025-09-23,South,Retail,Home Office,Desk Lamp,1,58,0.1,52.2,28,24.2,False
NG-02980,2025-09-23,North,Marketplace,Kitchen,Ceramic Dinner Set,1,112,0.2,89.6,57,32.6,False
NG-02981,2025-09-23,South,Online,Everyday,Canvas Tote,1,32,0.05,30.4,12,18.4,False
NG-02982,2025-09-23,South,Online,Kitchen,Ceramic Dinner Set,1,112,0,0,0,0,True
NG-02983,2025-09-23,South,Retail,Living,Accent Cushion,1,46,0,46,20,26,False
NG-02984,2025-09-24,East,Online,Everyday,Insulated Bottle,3,42,0.1,113.4,54,59.4,False
NG-02985,2025-09-24,South,Retail,Kitchen,Ceramic Dinner Set,4,112,0,448,228,220,False
NG-02986,2025-09-24,North,Marketplace,Kitchen,Pour Over Kit,1,79,0.05,75.05,38,37.05,False
NG-02987,2025-09-24,North,Retail,Everyday,Insulated Bottle,3,42,0.1,113.4,54,59.4,False
NG-02988,2025-09-24,North,Retail,Kitchen,Cast Iron Pan,2,135,0.1,243.0,160,83.0,False
NG-02989,2025-09-24,North,Marketplace,Living,Accent Cushion,1,46,0.15,39.1,20,19.1,False
NG-02990,2025-09-24,East,Online,Everyday,Insulated Bottle,1,42,0.1,37.8,18,19.8,False
NG-02991,2025-09-25,North,Retail,Kitchen,Cast Iron Pan,2,135,0.05,256.5,160,96.5,False
NG-02992,2025-09-25,South,Online,Everyday,Insulated Bottle,1,42,0.1,37.8,18,19.8,False
NG-02993,2025-09-25,South,Marketplace,Kitchen,Ceramic Dinner Set,2,112,0.05,212.8,114,98.8,False
NG-02994,2025-09-25,North,Retail,Everyday,Travel Backpack,1,129,0,129,68,61,False
NG-02995,2025-09-25,East,Online,Everyday,Canvas Tote,1,32,0,0,0,0,True
NG-02996,2025-09-26,East,Retail,Kitchen,Pour Over Kit,1,79,0,79,38,41,False
NG-02997,2025-09-26,West,Online,Kitchen,Ceramic Dinner Set,1,112,0.05,106.4,57,49.4,False
NG-02998,2025-09-26,North,Retail,Home Office,Desk Lamp,3,58,0,174,84,90,False
NG-02999,2025-09-26,North,Online,Kitchen,Ceramic Dinner Set,2,112,0,224,114,110,False
NG-03000,2025-09-27,West,Marketplace,Home Office,Ergonomic Chair,1,245,0.05,232.75,144,88.75,False
NG-03001,2025-09-27,North,Retail,Home Office,Desk Lamp,1,58,0,58,28,30,False
NG-03002,2025-09-27,East,Online,Living,Accent Cushion,1,46,0,46,20,26,False
NG-03003,2025-09-27,East,Retail,Living,Linen Throw,1,96,0,96,49,47,False
NG-03004,2025-09-27,West,Retail,Kitchen,Ceramic Dinner Set,1,112,0.15,95.2,57,38.2,False
NG-03005,2025-09-27,North,Online,Home Office,Desk Lamp,1,58,0,0,0,0,True
NG-03006,2025-09-27,West,Marketplace,Kitchen,Cast Iron Pan,1,135,0.05,128.25,80,48.25,False
NG-03007,2025-09-27,South,Retail,Everyday,Insulated Bottle,1,42,0.15,35.7,18,17.7,False
NG-03008,2025-09-28,North,Retail,Kitchen,Pour Over Kit,1,79,0.2,63.2,38,25.2,False
NG-03009,2025-09-28,South,Online,Everyday,Travel Backpack,1,129,0,129,68,61,False
NG-03010,2025-09-28,South,Online,Living,Accent Cushion,1,46,0.05,43.7,20,23.7,False
NG-03011,2025-09-28,North,Retail,Living,Oak Side Table,3,189,0.1,510.3,336,174.3,False
NG-03012,2025-09-28,North,Marketplace,Home Office,Monitor Riser,1,72,0.15,61.2,33,28.2,False
NG-03013,2025-09-28,South,Retail,Living,Linen Throw,2,96,0,192,98,94,False
NG-03014,2025-09-28,West,Retail,Living,Accent Cushion,1,46,0,46,20,26,False
NG-03015,2025-09-28,South,Online,Everyday,Canvas Tote,1,32,0.15,0,0,0,True
NG-03016,2025-09-29,West,Retail,Kitchen,Ceramic Dinner Set,1,112,0.1,0,0,0,True
NG-03017,2025-09-29,East,Marketplace,Kitchen,Cast Iron Pan,1,135,0.05,128.25,80,48.25,False
NG-03018,2025-09-29,South,Online,Kitchen,Pour Over Kit,2,79,0,158,76,82,False
NG-03019,2025-09-29,North,Online,Kitchen,Ceramic Dinner Set,1,112,0.1,100.8,57,43.8,False
NG-03020,2025-09-30,North,Online,Living,Oak Side Table,1,189,0,189,112,77,False
NG-03021,2025-09-30,South,Retail,Kitchen,Cast Iron Pan,1,135,0,135,80,55,False
NG-03022,2025-09-30,South,Retail,Living,Accent Cushion,1,46,0,46,20,26,False
NG-03023,2025-09-30,East,Online,Everyday,Travel Backpack,1,129,0,129,68,61,False
NG-03024,2025-09-30,North,Online,Living,Oak Side Table,1,189,0,189,112,77,False
NG-03025,2025-09-30,East,Online,Home Office,Monitor Riser,4,72,0,288,132,156,False
NG-03026,2025-09-30,East,Retail,Home Office,Monitor Riser,1,72,0.1,64.8,33,31.8,False
NG-03027,2025-10-01,West,Marketplace,Kitchen,Ceramic Dinner Set,2,112,0.15,190.4,114,76.4,False
NG-03028,2025-10-01,North,Retail,Living,Accent Cushion,2,46,0.2,73.6,40,33.6,False
NG-03029,2025-10-01,East,Online,Everyday,Insulated Bottle,1,42,0,42,18,24,False
NG-03030,2025-10-01,North,Retail,Everyday,Canvas Tote,2,32,0,64,24,40,False
NG-03031,2025-10-01,North,Online,Kitchen,Ceramic Dinner Set,1,112,0,112,57,55,False
NG-03032,2025-10-02,South,Retail,Living,Accent Cushion,1,46,0.05,43.7,20,23.7,False
NG-03033,2025-10-02,East,Online,Everyday,Insulated Bottle,1,42,0,42,18,24,False
NG-03034,2025-10-02,North,Retail,Home Office,Desk Lamp,1,58,0,58,28,30,False
NG-03035,2025-10-02,West,Retail,Living,Linen Throw,1,96,0.05,91.2,49,42.2,False
NG-03036,2025-10-02,West,Retail,Home Office,Monitor Riser,1,72,0.05,68.4,33,35.4,False
NG-03037,2025-10-03,North,Online,Living,Accent Cushion,2,46,0.2,73.6,40,33.6,False
NG-03038,2025-10-03,North,Online,Home Office,Ergonomic Chair,3,245,0.1,661.5,432,229.5,False
NG-03039,2025-10-03,North,Marketplace,Everyday,Travel Backpack,2,129,0.05,245.1,136,109.1,False
NG-03040,2025-10-03,North,Online,Living,Accent Cushion,1,46,0.1,41.4,20,21.4,False
NG-03041,2025-10-03,North,Retail,Home Office,Desk Lamp,1,58,0.05,55.1,28,27.1,False
NG-03042,2025-10-04,West,Marketplace,Home Office,Ergonomic Chair,2,245,0.05,0,0,0,True
NG-03043,2025-10-04,East,Online,Home Office,Ergonomic Chair,2,245,0.05,465.5,288,177.5,False
NG-03044,2025-10-04,East,Marketplace,Everyday,Travel Backpack,3,129,0.1,348.3,204,144.3,False
NG-03045,2025-10-04,East,Retail,Home Office,Ergonomic Chair,1,245,0,245,144,101,False
NG-03046,2025-10-04,West,Retail,Living,Linen Throw,1,96,0.2,76.8,49,27.8,False
NG-03047,2025-10-04,East,Online,Living,Oak Side Table,1,189,0.1,170.1,112,58.1,False
NG-03048,2025-10-04,North,Retail,Everyday,Insulated Bottle,2,42,0,84,36,48,False
NG-03049,2025-10-04,North,Retail,Kitchen,Ceramic Dinner Set,3,112,0,336,171,165,False
NG-03050,2025-10-04,East,Retail,Everyday,Insulated Bottle,1,42,0.05,39.9,18,21.9,False
NG-03051,2025-10-05,South,Online,Everyday,Insulated Bottle,1,42,0.05,39.9,18,21.9,False
NG-03052,2025-10-05,South,Retail,Everyday,Insulated Bottle,1,42,0,42,18,24,False
NG-03053,2025-10-05,West,Retail,Home Office,Ergonomic Chair,1,245,0.15,208.25,144,64.25,False
NG-03054,2025-10-05,West,Retail,Everyday,Insulated Bottle,1,42,0.05,39.9,18,21.9,False
NG-03055,2025-10-05,South,Retail,Everyday,Travel Backpack,1,129,0.1,116.1,68,48.1,False
NG-03056,2025-10-06,South,Online,Living,Linen Throw,1,96,0,96,49,47,False
NG-03057,2025-10-06,South,Marketplace,Living,Accent Cushion,1,46,0.05,43.7,20,23.7,False
NG-03058,2025-10-06,West,Online,Home Office,Desk Lamp,1,58,0,58,28,30,False
NG-03059,2025-10-06,East,Retail,Living,Accent Cushion,1,46,0.2,36.8,20,16.8,False
NG-03060,2025-10-06,South,Online,Kitchen,Pour Over Kit,1,79,0,79,38,41,False
NG-03061,2025-10-06,North,Online,Everyday,Travel Backpack,2,129,0.15,219.3,136,83.3,False
NG-03062,2025-10-06,South,Retail,Home Office,Desk Lamp,1,58,0.15,49.3,28,21.3,False
NG-03063,2025-10-07,East,Online,Everyday,Canvas Tote,2,32,0.1,57.6,24,33.6,False
NG-03064,2025-10-07,East,Retail,Kitchen,Ceramic Dinner Set,2,112,0.1,201.6,114,87.6,False
NG-03065,2025-10-07,East,Retail,Everyday,Insulated Bottle,1,42,0,42,18,24,False
NG-03066,2025-10-07,North,Online,Home Office,Monitor Riser,1,72,0,72,33,39,False
NG-03067,2025-10-07,North,Retail,Everyday,Canvas Tote,1,32,0,32,12,20,False
NG-03068,2025-10-07,South,Retail,Living,Oak Side Table,1,189,0,189,112,77,False
NG-03069,2025-10-08,South,Online,Living,Linen Throw,1,96,0.2,76.8,49,27.8,False
NG-03070,2025-10-08,East,Retail,Everyday,Insulated Bottle,1,42,0,42,18,24,False
NG-03071,2025-10-08,West,Online,Everyday,Canvas Tote,2,32,0.05,60.8,24,36.8,False
NG-03072,2025-10-08,East,Marketplace,Kitchen,Ceramic Dinner Set,1,112,0.1,100.8,57,43.8,False
NG-03073,2025-10-08,South,Marketplace,Living,Linen Throw,1,96,0.1,86.4,49,37.4,False
NG-03074,2025-10-08,North,Online,Everyday,Travel Backpack,3,129,0.15,328.95,204,124.95,False
NG-03075,2025-10-08,East,Online,Living,Oak Side Table,1,189,0,189,112,77,False
NG-03076,2025-10-09,East,Marketplace,Kitchen,Cast Iron Pan,1,135,0.05,128.25,80,48.25,False
NG-03077,2025-10-09,North,Online,Kitchen,Pour Over Kit,2,79,0.15,134.3,76,58.3,False
NG-03078,2025-10-09,North,Online,Everyday,Travel Backpack,4,129,0,516,272,244,False
NG-03079,2025-10-09,North,Retail,Living,Linen Throw,1,96,0.1,86.4,49,37.4,False
NG-03080,2025-10-09,West,Retail,Living,Oak Side Table,1,189,0.1,170.1,112,58.1,False
NG-03081,2025-10-09,East,Online,Everyday,Travel Backpack,1,129,0,129,68,61,False
NG-03082,2025-10-09,North,Online,Everyday,Insulated Bottle,1,42,0,42,18,24,False
NG-03083,2025-10-09,East,Retail,Living,Linen Throw,1,96,0.15,81.6,49,32.6,False
NG-03084,2025-10-10,West,Retail,Everyday,Insulated Bottle,3,42,0,126,54,72,False
NG-03085,2025-10-10,East,Online,Everyday,Canvas Tote,2,32,0,64,24,40,False
NG-03086,2025-10-10,South,Marketplace,Living,Oak Side Table,2,189,0.15,321.3,224,97.3,False
NG-03087,2025-10-10,North,Online,Home Office,Monitor Riser,3,72,0,216,99,117,False
NG-03088,2025-10-10,East,Online,Living,Oak Side Table,1,189,0,189,112,77,False
NG-03089,2025-10-10,West,Retail,Living,Linen Throw,1,96,0,96,49,47,False
NG-03090,2025-10-11,South,Online,Kitchen,Ceramic Dinner Set,1,112,0.05,106.4,57,49.4,False
NG-03091,2025-10-11,East,Marketplace,Home Office,Desk Lamp,1,58,0.05,0,0,0,True
NG-03092,2025-10-11,North,Online,Living,Oak Side Table,1,189,0,189,112,77,False
NG-03093,2025-10-11,West,Retail,Living,Linen Throw,1,96,0,96,49,47,False
NG-03094,2025-10-11,East,Online,Home Office,Desk Lamp,2,58,0,116,56,60,False
NG-03095,2025-10-11,East,Online,Living,Accent Cushion,1,46,0.05,43.7,20,23.7,False
NG-03096,2025-10-11,North,Retail,Home Office,Ergonomic Chair,2,245,0.15,416.5,288,128.5,False
NG-03097,2025-10-11,West,Marketplace,Living,Accent Cushion,2,46,0.1,82.8,40,42.8,False
NG-03098,2025-10-11,South,Retail,Kitchen,Ceramic Dinner Set,1,112,0,112,57,55,False
NG-03099,2025-10-11,South,Retail,Everyday,Insulated Bottle,1,42,0.15,35.7,18,17.7,False
NG-03100,2025-10-12,North,Online,Kitchen,Cast Iron Pan,3,135,0,405,240,165,False
NG-03101,2025-10-12,South,Online,Kitchen,Ceramic Dinner Set,1,112,0.05,106.4,57,49.4,False
NG-03102,2025-10-12,West,Retail,Everyday,Canvas Tote,2,32,0.05,60.8,24,36.8,False
NG-03103,2025-10-12,South,Marketplace,Living,Accent Cushion,1,46,0.05,43.7,20,23.7,False
NG-03104,2025-10-12,West,Online,Home Office,Desk Lamp,1,58,0.15,49.3,28,21.3,False
NG-03105,2025-10-12,East,Online,Kitchen,Ceramic Dinner Set,1,112,0.1,100.8,57,43.8,False
NG-03106,2025-10-13,South,Online,Home Office,Monitor Riser,1,72,0,72,33,39,False
NG-03107,2025-10-13,North,Online,Everyday,Canvas Tote,1,32,0.1,28.8,12,16.8,False
NG-03108,2025-10-13,East,Online,Kitchen,Pour Over Kit,1,79,0,79,38,41,False
NG-03109,2025-10-13,East,Online,Living,Accent Cushion,2,46,0,92,40,52,False
NG-03110,2025-10-13,North,Online,Home Office,Ergonomic Chair,1,245,0.05,0,0,0,True
NG-03111,2025-10-13,North,Marketplace,Kitchen,Cast Iron Pan,1,135,0.15,114.75,80,34.75,False
NG-03112,2025-10-14,East,Retail,Home Office,Monitor Riser,3,72,0,216,99,117,False
NG-03113,2025-10-14,West,Online,Everyday,Travel Backpack,3,129,0.15,328.95,204,124.95,False
NG-03114,2025-10-14,East,Online,Kitchen,Pour Over Kit,1,79,0.05,75.05,38,37.05,False
NG-03115,2025-10-14,North,Retail,Kitchen,Cast Iron Pan,1,135,0,135,80,55,False
NG-03116,2025-10-14,South,Online,Everyday,Canvas Tote,4,32,0,128,48,80,False
NG-03117,2025-10-14,West,Online,Everyday,Canvas Tote,1,32,0,32,12,20,False
NG-03118,2025-10-14,North,Marketplace,Everyday,Travel Backpack,3,129,0.1,348.3,204,144.3,False
NG-03119,2025-10-15,South,Retail,Kitchen,Ceramic Dinner Set,1,112,0.15,95.2,57,38.2,False
NG-03120,2025-10-15,West,Retail,Everyday,Canvas Tote,1,32,0.15,27.2,12,15.2,False
NG-03121,2025-10-15,East,Retail,Home Office,Ergonomic Chair,1,245,0.05,232.75,144,88.75,False
NG-03122,2025-10-15,East,Retail,Living,Linen Throw,1,96,0,96,49,47,False
NG-03123,2025-10-15,North,Marketplace,Everyday,Canvas Tote,3,32,0.05,91.2,36,55.2,False
NG-03124,2025-10-16,West,Retail,Living,Linen Throw,4,96,0.05,364.8,196,168.8,False
NG-03125,2025-10-16,South,Retail,Kitchen,Pour Over Kit,1,79,0,79,38,41,False
NG-03126,2025-10-16,South,Retail,Home Office,Desk Lamp,2,58,0,116,56,60,False
NG-03127,2025-10-16,North,Retail,Living,Linen Throw,2,96,0,192,98,94,False
NG-03128,2025-10-16,North,Marketplace,Home Office,Ergonomic Chair,2,245,0.1,441.0,288,153.0,False
NG-03129,2025-10-16,North,Online,Kitchen,Pour Over Kit,1,79,0,79,38,41,False
NG-03130,2025-10-16,East,Online,Living,Accent Cushion,2,46,0,92,40,52,False
NG-03131,2025-10-17,South,Online,Living,Accent Cushion,2,46,0.05,87.4,40,47.4,False
NG-03132,2025-10-17,West,Retail,Home Office,Monitor Riser,1,72,0.05,68.4,33,35.4,False
NG-03133,2025-10-17,North,Online,Home Office,Monitor Riser,3,72,0.1,194.4,99,95.4,False
NG-03134,2025-10-17,West,Marketplace,Home Office,Monitor Riser,1,72,0.05,68.4,33,35.4,False
NG-03135,2025-10-17,South,Online,Everyday,Insulated Bottle,4,42,0,168,72,96,False
NG-03136,2025-10-17,East,Marketplace,Everyday,Canvas Tote,1,32,0.2,25.6,12,13.6,False
NG-03137,2025-10-18,East,Online,Living,Accent Cushion,1,46,0,46,20,26,False
NG-03138,2025-10-18,West,Online,Everyday,Canvas Tote,1,32,0,32,12,20,False
NG-03139,2025-10-18,East,Online,Everyday,Insulated Bottle,3,42,0,126,54,72,False
NG-03140,2025-10-18,West,Online,Home Office,Monitor Riser,2,72,0,144,66,78,False
NG-03141,2025-10-18,North,Retail,Living,Oak Side Table,2,189,0.15,321.3,224,97.3,False
NG-03142,2025-10-18,North,Online,Kitchen,Cast Iron Pan,3,135,0,405,240,165,False
NG-03143,2025-10-18,West,Online,Home Office,Desk Lamp,1,58,0,58,28,30,False
NG-03144,2025-10-19,North,Online,Living,Accent Cushion,1,46,0.15,39.1,20,19.1,False
NG-03145,2025-10-19,South,Retail,Everyday,Canvas Tote,2,32,0,64,24,40,False
NG-03146,2025-10-19,South,Online,Home Office,Monitor Riser,1,72,0.15,61.2,33,28.2,False
NG-03147,2025-10-19,South,Online,Living,Oak Side Table,1,189,0,189,112,77,False
NG-03148,2025-10-19,West,Online,Kitchen,Pour Over Kit,3,79,0,237,114,123,False
NG-03149,2025-10-19,North,Retail,Everyday,Canvas Tote,2,32,0,64,24,40,False
NG-03150,2025-10-19,West,Online,Home Office,Monitor Riser,3,72,0,216,99,117,False
NG-03151,2025-10-20,East,Online,Everyday,Canvas Tote,2,32,0,64,24,40,False
NG-03152,2025-10-20,South,Retail,Kitchen,Pour Over Kit,1,79,0.1,71.1,38,33.1,False
NG-03153,2025-10-20,North,Online,Everyday,Insulated Bottle,1,42,0.05,39.9,18,21.9,False
NG-03154,2025-10-20,North,Retail,Living,Linen Throw,1,96,0,96,49,47,False
NG-03155,2025-10-20,South,Marketplace,Living,Linen Throw,1,96,0.05,91.2,49,42.2,False
NG-03156,2025-10-20,South,Retail,Home Office,Desk Lamp,1,58,0.1,52.2,28,24.2,False
NG-03157,2025-10-20,North,Online,Everyday,Canvas Tote,2,32,0,64,24,40,False
NG-03158,2025-10-20,South,Marketplace,Living,Linen Throw,1,96,0.05,91.2,49,42.2,False
NG-03159,2025-10-21,North,Online,Living,Oak Side Table,1,189,0,189,112,77,False
NG-03160,2025-10-21,South,Online,Home Office,Monitor Riser,1,72,0,72,33,39,False
NG-03161,2025-10-21,East,Marketplace,Kitchen,Ceramic Dinner Set,2,112,0.2,179.2,114,65.2,False
NG-03162,2025-10-21,North,Online,Living,Accent Cushion,1,46,0.15,39.1,20,19.1,False
NG-03163,2025-10-21,North,Marketplace,Home Office,Desk Lamp,1,58,0.05,55.1,28,27.1,False
NG-03164,2025-10-21,North,Retail,Everyday,Insulated Bottle,2,42,0.05,79.8,36,43.8,False
NG-03165,2025-10-21,East,Online,Living,Linen Throw,1,96,0,96,49,47,False
NG-03166,2025-10-22,South,Marketplace,Kitchen,Ceramic Dinner Set,1,112,0.05,106.4,57,49.4,False
NG-03167,2025-10-22,North,Marketplace,Everyday,Canvas Tote,1,32,0.05,30.4,12,18.4,False
NG-03168,2025-10-22,West,Online,Living,Accent Cushion,1,46,0,46,20,26,False
NG-03169,2025-10-22,North,Online,Home Office,Desk Lamp,1,58,0,58,28,30,False
NG-03170,2025-10-22,East,Retail,Home Office,Monitor Riser,1,72,0.15,61.2,33,28.2,False
NG-03171,2025-10-22,North,Online,Living,Accent Cushion,2,46,0,92,40,52,False
NG-03172,2025-10-23,North,Retail,Kitchen,Pour Over Kit,2,79,0,158,76,82,False
NG-03173,2025-10-23,North,Online,Kitchen,Pour Over Kit,1,79,0.1,71.1,38,33.1,False
NG-03174,2025-10-23,South,Online,Living,Oak Side Table,1,189,0,189,112,77,False
NG-03175,2025-10-23,North,Marketplace,Everyday,Insulated Bottle,2,42,0.05,79.8,36,43.8,False
NG-03176,2025-10-23,North,Retail,Living,Linen Throw,1,96,0.05,91.2,49,42.2,False
NG-03177,2025-10-23,South,Online,Home Office,Monitor Riser,2,72,0,144,66,78,False
NG-03178,2025-10-24,East,Retail,Home Office,Monitor Riser,1,72,0,72,33,39,False
NG-03179,2025-10-24,South,Retail,Home Office,Ergonomic Chair,1,245,0.2,196.0,144,52.0,False
NG-03180,2025-10-24,North,Online,Kitchen,Cast Iron Pan,1,135,0.15,114.75,80,34.75,False
NG-03181,2025-10-24,North,Online,Living,Linen Throw,1,96,0.1,86.4,49,37.4,False
NG-03182,2025-10-24,West,Online,Home Office,Desk Lamp,2,58,0,116,56,60,False
NG-03183,2025-10-25,North,Marketplace,Everyday,Insulated Bottle,1,42,0.05,0,0,0,True
NG-03184,2025-10-25,East,Retail,Home Office,Desk Lamp,1,58,0,58,28,30,False
NG-03185,2025-10-25,South,Marketplace,Living,Accent Cushion,2,46,0.05,87.4,40,47.4,False
NG-03186,2025-10-25,West,Online,Everyday,Insulated Bottle,1,42,0.1,37.8,18,19.8,False
NG-03187,2025-10-26,South,Online,Living,Accent Cushion,1,46,0,46,20,26,False
NG-03188,2025-10-26,North,Online,Home Office,Monitor Riser,2,72,0,144,66,78,False
NG-03189,2025-10-26,North,Online,Living,Linen Throw,1,96,0.05,91.2,49,42.2,False
NG-03190,2025-10-26,North,Online,Home Office,Ergonomic Chair,1,245,0.1,220.5,144,76.5,False
NG-03191,2025-10-26,South,Online,Everyday,Insulated Bottle,1,42,0.05,39.9,18,21.9,False
NG-03192,2025-10-26,North,Retail,Kitchen,Cast Iron Pan,2,135,0.05,256.5,160,96.5,False
NG-03193,2025-10-26,West,Online,Everyday,Canvas Tote,1,32,0.05,30.4,12,18.4,False
NG-03194,2025-10-26,West,Retail,Home Office,Desk Lamp,1,58,0,58,28,30,False
NG-03195,2025-10-26,West,Retail,Kitchen,Ceramic Dinner Set,2,112,0,224,114,110,False
NG-03196,2025-10-27,South,Retail,Home Office,Monitor Riser,2,72,0.05,136.8,66,70.8,False
NG-03197,2025-10-27,West,Marketplace,Kitchen,Pour Over Kit,2,79,0.2,0,0,0,True
NG-03198,2025-10-27,East,Retail,Everyday,Travel Backpack,1,129,0,129,68,61,False
NG-03199,2025-10-27,West,Retail,Everyday,Insulated Bottle,1,42,0,42,18,24,False
NG-03200,2025-10-27,East,Retail,Kitchen,Pour Over Kit,1,79,0,79,38,41,False
NG-03201,2025-10-28,North,Online,Living,Linen Throw,3,96,0,288,147,141,False
NG-03202,2025-10-28,East,Online,Everyday,Travel Backpack,3,129,0,387,204,183,False
NG-03203,2025-10-28,West,Retail,Living,Accent Cushion,3,46,0.15,117.3,60,57.3,False
NG-03204,2025-10-28,East,Online,Home Office,Monitor Riser,3,72,0.1,194.4,99,95.4,False
NG-03205,2025-10-28,West,Online,Living,Linen Throw,1,96,0,96,49,47,False
NG-03206,2025-10-28,East,Retail,Kitchen,Cast Iron Pan,1,135,0,135,80,55,False
NG-03207,2025-10-28,East,Online,Living,Accent Cushion,4,46,0,184,80,104,False
NG-03208,2025-10-28,South,Retail,Home Office,Monitor Riser,1,72,0,72,33,39,False
NG-03209,2025-10-29,South,Online,Living,Accent Cushion,2,46,0,92,40,52,False
NG-03210,2025-10-29,South,Online,Home Office,Desk Lamp,1,58,0,58,28,30,False
NG-03211,2025-10-29,North,Retail,Home Office,Desk Lamp,3,58,0.05,165.3,84,81.3,False
NG-03212,2025-10-29,East,Online,Living,Accent Cushion,2,46,0,92,40,52,False
NG-03213,2025-10-29,South,Retail,Kitchen,Ceramic Dinner Set,2,112,0,224,114,110,False
NG-03214,2025-10-29,South,Retail,Living,Linen Throw,1,96,0.1,86.4,49,37.4,False
NG-03215,2025-10-29,South,Marketplace,Home Office,Monitor Riser,1,72,0.05,68.4,33,35.4,False
NG-03216,2025-10-29,East,Retail,Kitchen,Pour Over Kit,1,79,0,79,38,41,False
NG-03217,2025-10-29,North,Retail,Kitchen,Ceramic Dinner Set,1,112,0,112,57,55,False
NG-03218,2025-10-29,South,Online,Everyday,Travel Backpack,1,129,0.2,103.2,68,35.2,False
NG-03219,2025-10-29,East,Retail,Kitchen,Pour Over Kit,1,79,0,79,38,41,False
NG-03220,2025-10-30,North,Online,Kitchen,Cast Iron Pan,1,135,0.05,128.25,80,48.25,False
NG-03221,2025-10-30,North,Marketplace,Everyday,Insulated Bottle,1,42,0.05,39.9,18,21.9,False
NG-03222,2025-10-30,South,Online,Living,Accent Cushion,3,46,0,0,0,0,True
NG-03223,2025-10-30,South,Marketplace,Home Office,Ergonomic Chair,1,245,0.1,220.5,144,76.5,False
NG-03224,2025-10-30,West,Marketplace,Home Office,Monitor Riser,3,72,0.15,183.6,99,84.6,False
NG-03225,2025-10-30,North,Online,Living,Oak Side Table,2,189,0.1,340.2,224,116.2,False
NG-03226,2025-10-31,East,Retail,Living,Oak Side Table,1,189,0.15,160.65,112,48.65,False
NG-03227,2025-10-31,North,Retail,Kitchen,Pour Over Kit,2,79,0,158,76,82,False
NG-03228,2025-10-31,South,Online,Kitchen,Cast Iron Pan,1,135,0,135,80,55,False
NG-03229,2025-10-31,East,Online,Home Office,Ergonomic Chair,1,245,0,245,144,101,False
NG-03230,2025-10-31,South,Marketplace,Living,Linen Throw,1,96,0.2,76.8,49,27.8,False
NG-03231,2025-10-31,South,Retail,Living,Oak Side Table,1,189,0.05,179.55,112,67.55,False
NG-03232,2025-11-01,North,Retail,Home Office,Desk Lamp,1,58,0,58,28,30,False
NG-03233,2025-11-01,North,Retail,Kitchen,Pour Over Kit,3,79,0,237,114,123,False
NG-03234,2025-11-01,West,Marketplace,Living,Oak Side Table,2,189,0.05,359.1,224,135.1,False
NG-03235,2025-11-01,North,Online,Everyday,Insulated Bottle,3,42,0.15,107.1,54,53.1,False
NG-03236,2025-11-01,North,Marketplace,Home Office,Desk Lamp,1,58,0.05,55.1,28,27.1,False
NG-03237,2025-11-01,South,Retail,Kitchen,Cast Iron Pan,2,135,0,270,160,110,False
NG-03238,2025-11-01,East,Online,Home Office,Desk Lamp,3,58,0,174,84,90,False
NG-03239,2025-11-01,North,Retail,Kitchen,Pour Over Kit,1,79,0,79,38,41,False
NG-03240,2025-11-01,North,Marketplace,Kitchen,Ceramic Dinner Set,4,112,0.05,425.6,228,197.6,False
NG-03241,2025-11-02,West,Online,Kitchen,Cast Iron Pan,1,135,0,135,80,55,False
NG-03242,2025-11-02,East,Online,Home Office,Monitor Riser,2,72,0.1,129.6,66,63.6,False
NG-03243,2025-11-02,West,Retail,Everyday,Insulated Bottle,2,42,0.05,79.8,36,43.8,False
NG-03244,2025-11-02,East,Retail,Home Office,Ergonomic Chair,1,245,0,245,144,101,False
NG-03245,2025-11-02,West,Online,Everyday,Canvas Tote,1,32,0.05,30.4,12,18.4,False
NG-03246,2025-11-02,South,Online,Everyday,Travel Backpack,2,129,0,258,136,122,False
NG-03247,2025-11-02,West,Retail,Kitchen,Pour Over Kit,1,79,0.15,67.15,38,29.15,False
NG-03248,2025-11-02,South,Online,Home Office,Monitor Riser,1,72,0,72,33,39,False
NG-03249,2025-11-02,East,Retail,Everyday,Insulated Bottle,1,42,0.05,39.9,18,21.9,False
NG-03250,2025-11-03,East,Online,Home Office,Ergonomic Chair,1,245,0,245,144,101,False
NG-03251,2025-11-03,South,Online,Everyday,Travel Backpack,2,129,0,258,136,122,False
NG-03252,2025-11-03,East,Retail,Kitchen,Ceramic Dinner Set,1,112,0,112,57,55,False
NG-03253,2025-11-03,South,Retail,Living,Linen Throw,1,96,0.2,76.8,49,27.8,False
NG-03254,2025-11-03,East,Online,Home Office,Monitor Riser,1,72,0.05,0,0,0,True
NG-03255,2025-11-03,East,Marketplace,Home Office,Desk Lamp,1,58,0.05,55.1,28,27.1,False
NG-03256,2025-11-04,East,Online,Everyday,Travel Backpack,1,129,0,129,68,61,False
NG-03257,2025-11-04,North,Retail,Everyday,Insulated Bottle,1,42,0.05,39.9,18,21.9,False
NG-03258,2025-11-04,East,Retail,Everyday,Travel Backpack,2,129,0,258,136,122,False
NG-03259,2025-11-04,West,Retail,Home Office,Ergonomic Chair,1,245,0.1,220.5,144,76.5,False
NG-03260,2025-11-04,East,Online,Everyday,Insulated Bottle,1,42,0,42,18,24,False
NG-03261,2025-11-04,East,Online,Home Office,Desk Lamp,1,58,0,58,28,30,False
NG-03262,2025-11-05,South,Online,Everyday,Canvas Tote,2,32,0,64,24,40,False
NG-03263,2025-11-05,East,Online,Living,Linen Throw,1,96,0.05,91.2,49,42.2,False
NG-03264,2025-11-05,East,Retail,Home Office,Desk Lamp,2,58,0,116,56,60,False
NG-03265,2025-11-05,East,Marketplace,Living,Accent Cushion,1,46,0.05,43.7,20,23.7,False
NG-03266,2025-11-05,South,Online,Kitchen,Cast Iron Pan,2,135,0,270,160,110,False
NG-03267,2025-11-05,South,Online,Living,Accent Cushion,1,46,0.1,41.4,20,21.4,False
NG-03268,2025-11-05,South,Online,Everyday,Canvas Tote,1,32,0,32,12,20,False
NG-03269,2025-11-05,North,Marketplace,Everyday,Insulated Bottle,2,42,0.1,0,0,0,True
NG-03270,2025-11-06,South,Marketplace,Home Office,Desk Lamp,1,58,0.15,49.3,28,21.3,False
NG-03271,2025-11-06,North,Online,Kitchen,Cast Iron Pan,1,135,0,135,80,55,False
NG-03272,2025-11-06,South,Online,Home Office,Monitor Riser,1,72,0,72,33,39,False
NG-03273,2025-11-06,North,Online,Home Office,Monitor Riser,1,72,0.1,64.8,33,31.8,False
NG-03274,2025-11-06,South,Marketplace,Home Office,Monitor Riser,3,72,0.15,183.6,99,84.6,False
NG-03275,2025-11-06,West,Retail,Living,Accent Cushion,1,46,0.05,43.7,20,23.7,False
NG-03276,2025-11-06,South,Marketplace,Living,Oak Side Table,3,189,0.05,538.65,336,202.65,False
NG-03277,2025-11-06,South,Retail,Everyday,Insulated Bottle,1,42,0,42,18,24,False
NG-03278,2025-11-07,North,Online,Living,Oak Side Table,1,189,0.15,160.65,112,48.65,False
NG-03279,2025-11-07,South,Online,Home Office,Desk Lamp,2,58,0,116,56,60,False
NG-03280,2025-11-07,East,Online,Living,Linen Throw,1,96,0,96,49,47,False
NG-03281,2025-11-07,East,Online,Everyday,Travel Backpack,1,129,0,129,68,61,False
NG-03282,2025-11-07,West,Online,Home Office,Desk Lamp,1,58,0,58,28,30,False
NG-03283,2025-11-07,South,Online,Home Office,Monitor Riser,1,72,0,72,33,39,False
NG-03284,2025-11-07,North,Retail,Everyday,Insulated Bottle,1,42,0,42,18,24,False
NG-03285,2025-11-07,North,Online,Kitchen,Pour Over Kit,1,79,0,79,38,41,False
NG-03286,2025-11-07,West,Online,Kitchen,Pour Over Kit,1,79,0,79,38,41,False
NG-03287,2025-11-07,East,Online,Everyday,Insulated Bottle,1,42,0.05,39.9,18,21.9,False
NG-03288,2025-11-08,North,Retail,Home Office,Desk Lamp,1,58,0,58,28,30,False
NG-03289,2025-11-08,South,Retail,Everyday,Insulated Bottle,1,42,0.05,39.9,18,21.9,False
NG-03290,2025-11-08,South,Retail,Everyday,Canvas Tote,1,32,0,32,12,20,False
NG-03291,2025-11-08,West,Retail,Everyday,Travel Backpack,1,129,0,129,68,61,False
NG-03292,2025-11-08,North,Online,Home Office,Desk Lamp,1,58,0,58,28,30,False
NG-03293,2025-11-08,North,Retail,Living,Linen Throw,1,96,0.1,86.4,49,37.4,False
NG-03294,2025-11-08,North,Marketplace,Everyday,Insulated Bottle,1,42,0.1,37.8,18,19.8,False
NG-03295,2025-11-08,North,Retail,Kitchen,Cast Iron Pan,1,135,0,135,80,55,False
NG-03296,2025-11-08,East,Online,Kitchen,Cast Iron Pan,2,135,0,270,160,110,False
NG-03297,2025-11-09,West,Retail,Home Office,Monitor Riser,2,72,0.1,0,0,0,True
NG-03298,2025-11-09,West,Marketplace,Home Office,Desk Lamp,1,58,0.05,55.1,28,27.1,False
NG-03299,2025-11-09,North,Retail,Living,Accent Cushion,1,46,0,46,20,26,False
NG-03300,2025-11-09,North,Marketplace,Everyday,Travel Backpack,3,129,0.1,348.3,204,144.3,False
NG-03301,2025-11-09,North,Online,Home Office,Monitor Riser,1,72,0.05,68.4,33,35.4,False
NG-03302,2025-11-09,West,Online,Kitchen,Ceramic Dinner Set,1,112,0,112,57,55,False
NG-03303,2025-11-09,East,Online,Everyday,Travel Backpack,1,129,0,129,68,61,False
NG-03304,2025-11-09,East,Online,Living,Accent Cushion,1,46,0.1,41.4,20,21.4,False
NG-03305,2025-11-10,South,Online,Kitchen,Pour Over Kit,4,79,0,316,152,164,False
NG-03306,2025-11-10,North,Marketplace,Home Office,Monitor Riser,1,72,0.05,0,0,0,True
NG-03307,2025-11-10,East,Online,Living,Accent Cushion,2,46,0,92,40,52,False
NG-03308,2025-11-10,East,Online,Living,Oak Side Table,1,189,0,189,112,77,False
NG-03309,2025-11-10,North,Online,Home Office,Monitor Riser,4,72,0,288,132,156,False
NG-03310,2025-11-10,North,Retail,Kitchen,Pour Over Kit,3,79,0.1,213.3,114,99.3,False
NG-03311,2025-11-10,South,Online,Kitchen,Ceramic Dinner Set,1,112,0.1,100.8,57,43.8,False
NG-03312,2025-11-10,South,Retail,Home Office,Desk Lamp,1,58,0,58,28,30,False
NG-03313,2025-11-10,East,Online,Living,Oak Side Table,2,189,0,378,224,154,False
NG-03314,2025-11-10,East,Retail,Everyday,Travel Backpack,1,129,0,129,68,61,False
NG-03315,2025-11-11,South,Online,Everyday,Canvas Tote,1,32,0,32,12,20,False
NG-03316,2025-11-11,North,Marketplace,Living,Linen Throw,1,96,0.05,91.2,49,42.2,False
NG-03317,2025-11-11,East,Retail,Home Office,Ergonomic Chair,1,245,0,245,144,101,False
NG-03318,2025-11-11,South,Online,Living,Accent Cushion,3,46,0,138,60,78,False
NG-03319,2025-11-11,East,Online,Kitchen,Cast Iron Pan,1,135,0,135,80,55,False
NG-03320,2025-11-11,North,Retail,Living,Oak Side Table,2,189,0.05,359.1,224,135.1,False
NG-03321,2025-11-11,North,Retail,Kitchen,Pour Over Kit,1,79,0,79,38,41,False
NG-03322,2025-11-11,South,Retail,Everyday,Insulated Bottle,1,42,0,0,0,0,True
NG-03323,2025-11-11,South,Retail,Everyday,Insulated Bottle,1,42,0.1,37.8,18,19.8,False
NG-03324,2025-11-12,East,Online,Living,Accent Cushion,1,46,0.2,36.8,20,16.8,False
NG-03325,2025-11-12,East,Retail,Home Office,Monitor Riser,1,72,0,72,33,39,False
NG-03326,2025-11-12,East,Online,Home Office,Monitor Riser,1,72,0,72,33,39,False
NG-03327,2025-11-12,North,Online,Home Office,Desk Lamp,1,58,0,58,28,30,False
NG-03328,2025-11-12,North,Online,Everyday,Insulated Bottle,1,42,0.1,37.8,18,19.8,False
NG-03329,2025-11-12,East,Online,Everyday,Insulated Bottle,1,42,0,42,18,24,False
NG-03330,2025-11-12,South,Online,Everyday,Insulated Bottle,1,42,0.05,39.9,18,21.9,False
NG-03331,2025-11-12,West,Marketplace,Everyday,Canvas Tote,1,32,0.05,30.4,12,18.4,False
NG-03332,2025-11-12,West,Online,Living,Accent Cushion,1,46,0.05,43.7,20,23.7,False
NG-03333,2025-11-13,East,Online,Living,Accent Cushion,1,46,0.1,41.4,20,21.4,False
NG-03334,2025-11-13,East,Marketplace,Kitchen,Cast Iron Pan,1,135,0.05,0,0,0,True
NG-03335,2025-11-13,South,Retail,Home Office,Ergonomic Chair,2,245,0,490,288,202,False
NG-03336,2025-11-13,East,Retail,Home Office,Ergonomic Chair,1,245,0.1,220.5,144,76.5,False
NG-03337,2025-11-13,South,Online,Everyday,Canvas Tote,1,32,0,32,12,20,False
NG-03338,2025-11-13,North,Retail,Living,Accent Cushion,1,46,0.05,43.7,20,23.7,False
NG-03339,2025-11-13,South,Online,Home Office,Desk Lamp,1,58,0,58,28,30,False
NG-03340,2025-11-13,North,Online,Home Office,Monitor Riser,1,72,0,72,33,39,False
NG-03341,2025-11-13,South,Retail,Everyday,Canvas Tote,1,32,0.1,28.8,12,16.8,False
NG-03342,2025-11-13,West,Online,Everyday,Canvas Tote,1,32,0,32,12,20,False
NG-03343,2025-11-14,North,Online,Everyday,Insulated Bottle,1,42,0,42,18,24,False
NG-03344,2025-11-14,North,Marketplace,Home Office,Desk Lamp,2,58,0.05,110.2,56,54.2,False
NG-03345,2025-11-14,South,Online,Kitchen,Cast Iron Pan,1,135,0,135,80,55,False
NG-03346,2025-11-14,North,Marketplace,Living,Accent Cushion,2,46,0.05,87.4,40,47.4,False
NG-03347,2025-11-14,East,Online,Living,Oak Side Table,1,189,0.05,179.55,112,67.55,False
NG-03348,2025-11-14,North,Marketplace,Living,Linen Throw,1,96,0.05,91.2,49,42.2,False
NG-03349,2025-11-14,North,Online,Kitchen,Ceramic Dinner Set,2,112,0.05,212.8,114,98.8,False
NG-03350,2025-11-14,South,Retail,Everyday,Travel Backpack,1,129,0.1,116.1,68,48.1,False
NG-03351,2025-11-15,South,Marketplace,Living,Linen Throw,1,96,0.1,0,0,0,True
NG-03352,2025-11-15,North,Online,Living,Accent Cushion,2,46,0,92,40,52,False
NG-03353,2025-11-15,South,Retail,Home Office,Ergonomic Chair,2,245,0.05,465.5,288,177.5,False
NG-03354,2025-11-15,West,Online,Everyday,Canvas Tote,1,32,0.15,27.2,12,15.2,False
NG-03355,2025-11-15,South,Online,Everyday,Travel Backpack,1,129,0,129,68,61,False
NG-03356,2025-11-15,North,Online,Living,Linen Throw,1,96,0,96,49,47,False
NG-03357,2025-11-15,North,Retail,Home Office,Monitor Riser,1,72,0,72,33,39,False
NG-03358,2025-11-16,North,Retail,Living,Accent Cushion,2,46,0,92,40,52,False
NG-03359,2025-11-16,East,Retail,Everyday,Canvas Tote,1,32,0,32,12,20,False
NG-03360,2025-11-16,East,Online,Living,Accent Cushion,2,46,0,92,40,52,False
NG-03361,2025-11-16,North,Retail,Living,Accent Cushion,1,46,0,46,20,26,False
NG-03362,2025-11-16,South,Retail,Everyday,Canvas Tote,1,32,0,0,0,0,True
NG-03363,2025-11-16,East,Online,Kitchen,Pour Over Kit,1,79,0,79,38,41,False
NG-03364,2025-11-16,West,Marketplace,Everyday,Canvas Tote,1,32,0.05,30.4,12,18.4,False
NG-03365,2025-11-16,South,Online,Everyday,Canvas Tote,1,32,0.05,0,0,0,True
NG-03366,2025-11-16,South,Online,Living,Accent Cushion,1,46,0.05,0,0,0,True
NG-03367,2025-11-16,North,Online,Kitchen,Cast Iron Pan,1,135,0.2,108.0,80,28.0,False
NG-03368,2025-11-17,West,Online,Home Office,Desk Lamp,1,58,0.05,55.1,28,27.1,False
NG-03369,2025-11-17,East,Online,Home Office,Monitor Riser,1,72,0.05,68.4,33,35.4,False
NG-03370,2025-11-17,East,Online,Kitchen,Ceramic Dinner Set,2,112,0,224,114,110,False
NG-03371,2025-11-17,East,Retail,Everyday,Insulated Bottle,1,42,0.2,0,0,0,True
NG-03372,2025-11-17,East,Online,Home Office,Monitor Riser,2,72,0.15,122.4,66,56.4,False
NG-03373,2025-11-17,East,Retail,Everyday,Insulated Bottle,1,42,0,42,18,24,False
NG-03374,2025-11-17,North,Online,Home Office,Desk Lamp,1,58,0,58,28,30,False
NG-03375,2025-11-18,South,Marketplace,Living,Accent Cushion,1,46,0.05,43.7,20,23.7,False
NG-03376,2025-11-18,South,Online,Kitchen,Pour Over Kit,1,79,0.15,67.15,38,29.15,False
NG-03377,2025-11-18,South,Marketplace,Home Office,Desk Lamp,1,58,0.05,55.1,28,27.1,False
NG-03378,2025-11-18,West,Retail,Home Office,Ergonomic Chair,2,245,0,490,288,202,False
NG-03379,2025-11-18,East,Online,Everyday,Travel Backpack,1,129,0,129,68,61,False
NG-03380,2025-11-18,East,Online,Home Office,Monitor Riser,1,72,0.05,68.4,33,35.4,False
NG-03381,2025-11-18,South,Retail,Everyday,Canvas Tote,1,32,0,32,12,20,False
NG-03382,2025-11-18,East,Online,Kitchen,Ceramic Dinner Set,1,112,0.05,106.4,57,49.4,False
NG-03383,2025-11-19,East,Retail,Everyday,Travel Backpack,1,129,0,129,68,61,False
NG-03384,2025-11-19,North,Retail,Home Office,Desk Lamp,1,58,0.1,52.2,28,24.2,False
NG-03385,2025-11-19,West,Online,Everyday,Travel Backpack,3,129,0,387,204,183,False
NG-03386,2025-11-19,East,Retail,Everyday,Insulated Bottle,1,42,0.1,37.8,18,19.8,False
NG-03387,2025-11-19,East,Online,Everyday,Canvas Tote,2,32,0.05,0,0,0,True
NG-03388,2025-11-19,East,Online,Living,Linen Throw,2,96,0.1,172.8,98,74.8,False
NG-03389,2025-11-19,East,Marketplace,Everyday,Canvas Tote,2,32,0.1,57.6,24,33.6,False
NG-03390,2025-11-19,West,Online,Everyday,Insulated Bottle,2,42,0,84,36,48,False
NG-03391,2025-11-20,North,Online,Everyday,Insulated Bottle,3,42,0,126,54,72,False
NG-03392,2025-11-20,East,Online,Home Office,Ergonomic Chair,1,245,0,245,144,101,False
NG-03393,2025-11-20,South,Retail,Living,Linen Throw,1,96,0,96,49,47,False
NG-03394,2025-11-20,North,Online,Home Office,Monitor Riser,2,72,0.15,122.4,66,56.4,False
NG-03395,2025-11-20,East,Retail,Home Office,Desk Lamp,1,58,0.05,55.1,28,27.1,False
NG-03396,2025-11-20,West,Online,Living,Linen Throw,1,96,0.1,0,0,0,True
NG-03397,2025-11-20,East,Retail,Everyday,Insulated Bottle,1,42,0.1,37.8,18,19.8,False
NG-03398,2025-11-20,South,Online,Home Office,Desk Lamp,2,58,0,116,56,60,False
NG-03399,2025-11-21,East,Online,Everyday,Insulated Bottle,2,42,0.2,67.2,36,31.2,False
NG-03400,2025-11-21,North,Retail,Living,Accent Cushion,1,46,0.15,39.1,20,19.1,False
NG-03401,2025-11-21,South,Online,Home Office,Desk Lamp,1,58,0,58,28,30,False
NG-03402,2025-11-21,North,Online,Home Office,Desk Lamp,1,58,0,58,28,30,False
NG-03403,2025-11-21,North,Retail,Living,Linen Throw,1,96,0.05,91.2,49,42.2,False
NG-03404,2025-11-21,North,Retail,Everyday,Insulated Bottle,1,42,0.05,39.9,18,21.9,False
NG-03405,2025-11-21,East,Online,Everyday,Insulated Bottle,1,42,0,42,18,24,False
NG-03406,2025-11-22,East,Online,Kitchen,Ceramic Dinner Set,1,112,0.1,100.8,57,43.8,False
NG-03407,2025-11-22,South,Online,Home Office,Monitor Riser,1,72,0,72,33,39,False
NG-03408,2025-11-22,North,Online,Living,Accent Cushion,3,46,0.15,117.3,60,57.3,False
NG-03409,2025-11-22,East,Online,Living,Oak Side Table,1,189,0,189,112,77,False
NG-03410,2025-11-22,East,Online,Everyday,Canvas Tote,2,32,0.15,54.4,24,30.4,False
NG-03411,2025-11-23,South,Online,Everyday,Insulated Bottle,2,42,0,84,36,48,False
NG-03412,2025-11-23,North,Online,Home Office,Desk Lamp,1,58,0.05,55.1,28,27.1,False
NG-03413,2025-11-23,West,Retail,Living,Accent Cushion,1,46,0,46,20,26,False
NG-03414,2025-11-23,South,Retail,Living,Oak Side Table,1,189,0,189,112,77,False
NG-03415,2025-11-23,West,Retail,Kitchen,Cast Iron Pan,1,135,0,135,80,55,False
NG-03416,2025-11-23,South,Online,Home Office,Ergonomic Chair,2,245,0,490,288,202,False
NG-03417,2025-11-23,West,Retail,Kitchen,Ceramic Dinner Set,1,112,0,112,57,55,False
NG-03418,2025-11-23,East,Online,Kitchen,Ceramic Dinner Set,1,112,0,112,57,55,False
NG-03419,2025-11-23,South,Online,Home Office,Desk Lamp,1,58,0,58,28,30,False
NG-03420,2025-11-23,West,Online,Kitchen,Ceramic Dinner Set,2,112,0,0,0,0,True
NG-03421,2025-11-24,West,Online,Everyday,Canvas Tote,1,32,0,32,12,20,False
NG-03422,2025-11-24,West,Online,Living,Accent Cushion,1,46,0.05,43.7,20,23.7,False
NG-03423,2025-11-24,East,Retail,Kitchen,Pour Over Kit,3,79,0,237,114,123,False
NG-03424,2025-11-24,North,Online,Kitchen,Ceramic Dinner Set,1,112,0,112,57,55,False
NG-03425,2025-11-24,South,Online,Everyday,Insulated Bottle,1,42,0,42,18,24,False
NG-03426,2025-11-24,South,Retail,Home Office,Monitor Riser,1,72,0,72,33,39,False
NG-03427,2025-11-24,South,Marketplace,Kitchen,Ceramic Dinner Set,1,112,0.05,106.4,57,49.4,False
NG-03428,2025-11-25,East,Online,Everyday,Travel Backpack,2,129,0,258,136,122,False
NG-03429,2025-11-25,South,Marketplace,Home Office,Desk Lamp,1,58,0.05,55.1,28,27.1,False
NG-03430,2025-11-25,South,Online,Kitchen,Pour Over Kit,2,79,0,158,76,82,False
NG-03431,2025-11-25,North,Marketplace,Everyday,Canvas Tote,1,32,0.2,25.6,12,13.6,False
NG-03432,2025-11-25,South,Online,Everyday,Insulated Bottle,4,42,0,168,72,96,False
NG-03433,2025-11-25,West,Online,Everyday,Travel Backpack,1,129,0,129,68,61,False
NG-03434,2025-11-25,West,Online,Living,Accent Cushion,1,46,0,46,20,26,False
NG-03435,2025-11-26,North,Retail,Everyday,Canvas Tote,1,32,0,32,12,20,False
NG-03436,2025-11-26,South,Online,Everyday,Insulated Bottle,2,42,0.05,79.8,36,43.8,False
NG-03437,2025-11-26,East,Retail,Everyday,Travel Backpack,1,129,0,129,68,61,False
NG-03438,2025-11-26,North,Marketplace,Everyday,Canvas Tote,1,32,0.05,30.4,12,18.4,False
NG-03439,2025-11-26,South,Marketplace,Kitchen,Cast Iron Pan,2,135,0.05,256.5,160,96.5,False
NG-03440,2025-11-27,South,Retail,Everyday,Insulated Bottle,1,42,0,42,18,24,False
NG-03441,2025-11-27,South,Marketplace,Home Office,Ergonomic Chair,2,245,0.05,465.5,288,177.5,False
NG-03442,2025-11-27,East,Retail,Living,Linen Throw,1,96,0,96,49,47,False
NG-03443,2025-11-27,North,Online,Kitchen,Pour Over Kit,2,79,0.1,0,0,0,True
NG-03444,2025-11-27,West,Retail,Everyday,Insulated Bottle,1,42,0.1,37.8,18,19.8,False
NG-03445,2025-11-27,West,Online,Living,Accent Cushion,1,46,0.05,43.7,20,23.7,False
NG-03446,2025-11-28,West,Marketplace,Everyday,Canvas Tote,1,32,0.05,30.4,12,18.4,False
NG-03447,2025-11-28,South,Online,Living,Accent Cushion,3,46,0.2,110.4,60,50.4,False
NG-03448,2025-11-28,East,Retail,Home Office,Desk Lamp,1,58,0,0,0,0,True
NG-03449,2025-11-28,North,Retail,Everyday,Canvas Tote,1,32,0,32,12,20,False
NG-03450,2025-11-28,West,Retail,Kitchen,Cast Iron Pan,1,135,0,135,80,55,False
NG-03451,2025-11-28,East,Retail,Living,Accent Cushion,1,46,0.05,43.7,20,23.7,False
NG-03452,2025-11-28,East,Online,Home Office,Ergonomic Chair,1,245,0,0,0,0,True
NG-03453,2025-11-28,North,Online,Home Office,Ergonomic Chair,1,245,0.05,232.75,144,88.75,False
NG-03454,2025-11-28,South,Marketplace,Everyday,Insulated Bottle,1,42,0.05,39.9,18,21.9,False
NG-03455,2025-11-28,East,Marketplace,Kitchen,Pour Over Kit,1,79,0.05,75.05,38,37.05,False
NG-03456,2025-11-29,West,Online,Home Office,Monitor Riser,1,72,0.2,57.6,33,24.6,False
NG-03457,2025-11-29,East,Marketplace,Kitchen,Pour Over Kit,2,79,0.05,150.1,76,74.1,False
NG-03458,2025-11-29,East,Online,Kitchen,Cast Iron Pan,1,135,0,135,80,55,False
NG-03459,2025-11-29,West,Retail,Everyday,Travel Backpack,1,129,0,129,68,61,False
NG-03460,2025-11-29,North,Marketplace,Everyday,Travel Backpack,3,129,0.05,367.65,204,163.65,False
NG-03461,2025-11-29,East,Retail,Home Office,Desk Lamp,1,58,0.05,55.1,28,27.1,False
NG-03462,2025-11-29,East,Retail,Home Office,Monitor Riser,1,72,0,72,33,39,False
NG-03463,2025-11-29,West,Online,Home Office,Desk Lamp,1,58,0.1,52.2,28,24.2,False
NG-03464,2025-11-29,North,Online,Everyday,Insulated Bottle,2,42,0,84,36,48,False
NG-03465,2025-11-29,North,Retail,Living,Accent Cushion,1,46,0.15,39.1,20,19.1,False
NG-03466,2025-11-29,West,Retail,Kitchen,Cast Iron Pan,1,135,0.1,121.5,80,41.5,False
NG-03467,2025-11-30,North,Retail,Living,Linen Throw,1,96,0,96,49,47,False
NG-03468,2025-11-30,East,Online,Everyday,Insulated Bottle,1,42,0.1,37.8,18,19.8,False
NG-03469,2025-11-30,North,Online,Living,Accent Cushion,3,46,0,138,60,78,False
NG-03470,2025-11-30,North,Online,Home Office,Desk Lamp,2,58,0,116,56,60,False
NG-03471,2025-11-30,North,Retail,Everyday,Canvas Tote,4,32,0.1,115.2,48,67.2,False
NG-03472,2025-11-30,South,Online,Home Office,Ergonomic Chair,1,245,0.05,232.75,144,88.75,False
NG-03473,2025-11-30,East,Online,Kitchen,Ceramic Dinner Set,1,112,0,112,57,55,False
NG-03474,2025-11-30,South,Retail,Kitchen,Pour Over Kit,1,79,0.05,75.05,38,37.05,False
NG-03475,2025-11-30,West,Online,Everyday,Insulated Bottle,2,42,0.15,71.4,36,35.4,False
NG-03476,2025-11-30,East,Online,Living,Accent Cushion,3,46,0,138,60,78,False
NG-03477,2025-12-01,East,Online,Living,Linen Throw,1,96,0,96,49,47,False
NG-03478,2025-12-01,North,Marketplace,Everyday,Insulated Bottle,1,42,0.15,35.7,18,17.7,False
NG-03479,2025-12-01,North,Online,Kitchen,Cast Iron Pan,1,135,0,135,80,55,False
NG-03480,2025-12-01,South,Retail,Home Office,Ergonomic Chair,1,245,0.05,232.75,144,88.75,False
NG-03481,2025-12-02,East,Retail,Everyday,Canvas Tote,3,32,0.05,91.2,36,55.2,False
NG-03482,2025-12-02,East,Online,Everyday,Insulated Bottle,1,42,0.1,0,0,0,True
NG-03483,2025-12-02,West,Online,Everyday,Travel Backpack,1,129,0,129,68,61,False
NG-03484,2025-12-02,West,Online,Living,Linen Throw,1,96,0.2,76.8,49,27.8,False
NG-03485,2025-12-02,North,Online,Home Office,Ergonomic Chair,1,245,0.1,220.5,144,76.5,False
NG-03486,2025-12-02,East,Marketplace,Everyday,Canvas Tote,2,32,0.15,54.4,24,30.4,False
NG-03487,2025-12-02,North,Marketplace,Kitchen,Pour Over Kit,2,79,0.05,150.1,76,74.1,False
NG-03488,2025-12-03,North,Marketplace,Everyday,Travel Backpack,2,129,0.05,245.1,136,109.1,False
NG-03489,2025-12-03,East,Online,Living,Accent Cushion,2,46,0,92,40,52,False
NG-03490,2025-12-03,East,Online,Everyday,Travel Backpack,1,129,0.2,103.2,68,35.2,False
NG-03491,2025-12-03,South,Retail,Living,Accent Cushion,1,46,0,0,0,0,True
NG-03492,2025-12-03,West,Online,Home Office,Monitor Riser,1,72,0.2,57.6,33,24.6,False
NG-03493,2025-12-03,West,Online,Everyday,Canvas Tote,2,32,0.1,57.6,24,33.6,False
NG-03494,2025-12-03,North,Retail,Kitchen,Cast Iron Pan,1,135,0,135,80,55,False
NG-03495,2025-12-03,South,Marketplace,Living,Linen Throw,1,96,0.05,91.2,49,42.2,False
NG-03496,2025-12-04,East,Retail,Everyday,Travel Backpack,1,129,0.15,109.65,68,41.65,False
NG-03497,2025-12-04,East,Online,Home Office,Monitor Riser,1,72,0,72,33,39,False
NG-03498,2025-12-04,South,Retail,Home Office,Ergonomic Chair,2,245,0,490,288,202,False
NG-03499,2025-12-04,North,Retail,Everyday,Insulated Bottle,1,42,0,42,18,24,False
NG-03500,2025-12-04,West,Retail,Living,Accent Cushion,2,46,0.05,87.4,40,47.4,False
NG-03501,2025-12-04,East,Online,Home Office,Monitor Riser,3,72,0,216,99,117,False
NG-03502,2025-12-05,East,Online,Everyday,Insulated Bottle,2,42,0,84,36,48,False
NG-03503,2025-12-05,South,Online,Living,Linen Throw,2,96,0.15,163.2,98,65.2,False
NG-03504,2025-12-05,East,Online,Kitchen,Ceramic Dinner Set,1,112,0,112,57,55,False
NG-03505,2025-12-05,North,Retail,Home Office,Monitor Riser,1,72,0,72,33,39,False
NG-03506,2025-12-05,South,Online,Kitchen,Pour Over Kit,1,79,0,79,38,41,False
NG-03507,2025-12-05,North,Online,Kitchen,Cast Iron Pan,1,135,0,135,80,55,False
NG-03508,2025-12-05,North,Online,Home Office,Desk Lamp,1,58,0.05,55.1,28,27.1,False
NG-03509,2025-12-06,North,Retail,Kitchen,Ceramic Dinner Set,1,112,0,112,57,55,False
NG-03510,2025-12-06,North,Online,Everyday,Insulated Bottle,4,42,0.15,142.8,72,70.8,False
NG-03511,2025-12-06,East,Online,Home Office,Monitor Riser,1,72,0,72,33,39,False
NG-03512,2025-12-06,South,Online,Everyday,Travel Backpack,1,129,0,129,68,61,False
NG-03513,2025-12-06,North,Retail,Home Office,Desk Lamp,2,58,0.15,98.6,56,42.6,False
NG-03514,2025-12-06,South,Retail,Home Office,Monitor Riser,1,72,0,72,33,39,False
NG-03515,2025-12-06,North,Retail,Home Office,Monitor Riser,1,72,0,0,0,0,True
NG-03516,2025-12-06,East,Online,Home Office,Desk Lamp,3,58,0,174,84,90,False
NG-03517,2025-12-07,North,Retail,Everyday,Insulated Bottle,1,42,0,42,18,24,False
NG-03518,2025-12-07,East,Online,Home Office,Desk Lamp,1,58,0,58,28,30,False
NG-03519,2025-12-07,North,Online,Everyday,Canvas Tote,3,32,0.05,91.2,36,55.2,False
NG-03520,2025-12-07,North,Marketplace,Kitchen,Cast Iron Pan,1,135,0.05,128.25,80,48.25,False
NG-03521,2025-12-07,East,Online,Home Office,Desk Lamp,3,58,0.05,165.3,84,81.3,False
NG-03522,2025-12-07,South,Marketplace,Kitchen,Cast Iron Pan,1,135,0.15,114.75,80,34.75,False
NG-03523,2025-12-07,North,Retail,Everyday,Canvas Tote,4,32,0,128,48,80,False
NG-03524,2025-12-07,West,Online,Kitchen,Pour Over Kit,1,79,0.1,71.1,38,33.1,False
NG-03525,2025-12-07,West,Retail,Kitchen,Cast Iron Pan,1,135,0,135,80,55,False
NG-03526,2025-12-07,East,Retail,Kitchen,Cast Iron Pan,1,135,0.05,128.25,80,48.25,False
NG-03527,2025-12-07,North,Online,Living,Oak Side Table,2,189,0,378,224,154,False
NG-03528,2025-12-08,West,Retail,Home Office,Ergonomic Chair,1,245,0,245,144,101,False
NG-03529,2025-12-08,West,Marketplace,Home Office,Desk Lamp,1,58,0.05,55.1,28,27.1,False
NG-03530,2025-12-08,North,Marketplace,Everyday,Insulated Bottle,1,42,0.05,39.9,18,21.9,False
NG-03531,2025-12-08,North,Retail,Living,Oak Side Table,1,189,0.15,160.65,112,48.65,False
NG-03532,2025-12-08,East,Online,Living,Oak Side Table,1,189,0,189,112,77,False
NG-03533,2025-12-08,East,Marketplace,Living,Oak Side Table,1,189,0.05,179.55,112,67.55,False
NG-03534,2025-12-08,North,Retail,Home Office,Desk Lamp,2,58,0.05,110.2,56,54.2,False
NG-03535,2025-12-09,North,Retail,Living,Linen Throw,1,96,0.05,91.2,49,42.2,False
NG-03536,2025-12-09,West,Online,Everyday,Canvas Tote,1,32,0,32,12,20,False
NG-03537,2025-12-09,East,Online,Kitchen,Pour Over Kit,1,79,0,79,38,41,False
NG-03538,2025-12-09,South,Online,Everyday,Canvas Tote,1,32,0.1,28.8,12,16.8,False
NG-03539,2025-12-09,South,Online,Home Office,Monitor Riser,1,72,0,72,33,39,False
NG-03540,2025-12-09,North,Online,Kitchen,Ceramic Dinner Set,1,112,0.2,89.6,57,32.6,False
NG-03541,2025-12-09,West,Online,Home Office,Desk Lamp,1,58,0.15,49.3,28,21.3,False
NG-03542,2025-12-09,North,Retail,Living,Linen Throw,1,96,0,96,49,47,False
NG-03543,2025-12-10,East,Marketplace,Kitchen,Pour Over Kit,2,79,0.05,150.1,76,74.1,False
NG-03544,2025-12-10,East,Retail,Everyday,Travel Backpack,2,129,0,258,136,122,False
NG-03545,2025-12-10,West,Retail,Everyday,Canvas Tote,2,32,0,64,24,40,False
NG-03546,2025-12-10,South,Retail,Kitchen,Ceramic Dinner Set,1,112,0,112,57,55,False
NG-03547,2025-12-10,East,Online,Home Office,Desk Lamp,1,58,0,58,28,30,False
NG-03548,2025-12-10,East,Online,Living,Accent Cushion,1,46,0.1,41.4,20,21.4,False
NG-03549,2025-12-10,North,Retail,Kitchen,Pour Over Kit,3,79,0.05,225.15,114,111.15,False
NG-03550,2025-12-10,West,Retail,Home Office,Desk Lamp,2,58,0,116,56,60,False
NG-03551,2025-12-10,West,Online,Home Office,Monitor Riser,1,72,0,72,33,39,False
NG-03552,2025-12-10,East,Marketplace,Everyday,Travel Backpack,1,129,0.05,122.55,68,54.55,False
NG-03553,2025-12-10,South,Online,Everyday,Canvas Tote,1,32,0.05,30.4,12,18.4,False
NG-03554,2025-12-11,South,Retail,Living,Oak Side Table,1,189,0,189,112,77,False
NG-03555,2025-12-11,South,Online,Everyday,Canvas Tote,1,32,0,32,12,20,False
NG-03556,2025-12-11,West,Online,Living,Linen Throw,2,96,0.05,182.4,98,84.4,False
NG-03557,2025-12-11,South,Marketplace,Living,Accent Cushion,1,46,0.2,36.8,20,16.8,False
NG-03558,2025-12-11,South,Marketplace,Kitchen,Ceramic Dinner Set,2,112,0.1,201.6,114,87.6,False
NG-03559,2025-12-11,East,Online,Home Office,Desk Lamp,2,58,0,116,56,60,False
NG-03560,2025-12-11,East,Online,Living,Linen Throw,2,96,0,192,98,94,False
NG-03561,2025-12-11,North,Online,Kitchen,Ceramic Dinner Set,2,112,0,224,114,110,False
NG-03562,2025-12-11,East,Marketplace,Kitchen,Cast Iron Pan,1,135,0.05,0,0,0,True
NG-03563,2025-12-12,East,Marketplace,Living,Linen Throw,2,96,0.05,182.4,98,84.4,False
NG-03564,2025-12-12,South,Retail,Home Office,Monitor Riser,1,72,0,72,33,39,False
NG-03565,2025-12-12,West,Retail,Everyday,Travel Backpack,1,129,0,129,68,61,False
NG-03566,2025-12-12,North,Retail,Everyday,Canvas Tote,2,32,0.1,57.6,24,33.6,False
NG-03567,2025-12-12,East,Retail,Everyday,Insulated Bottle,1,42,0.15,35.7,18,17.7,False
NG-03568,2025-12-12,West,Retail,Living,Accent Cushion,1,46,0.2,36.8,20,16.8,False
NG-03569,2025-12-12,South,Retail,Home Office,Monitor Riser,1,72,0,72,33,39,False
NG-03570,2025-12-12,North,Retail,Everyday,Travel Backpack,1,129,0,0,0,0,True
NG-03571,2025-12-12,East,Retail,Home Office,Monitor Riser,4,72,0.1,259.2,132,127.2,False
NG-03572,2025-12-12,East,Marketplace,Everyday,Canvas Tote,1,32,0.05,30.4,12,18.4,False
NG-03573,2025-12-12,East,Retail,Home Office,Ergonomic Chair,1,245,0,245,144,101,False
NG-03574,2025-12-12,North,Marketplace,Home Office,Desk Lamp,2,58,0.05,110.2,56,54.2,False
NG-03575,2025-12-12,South,Marketplace,Home Office,Monitor Riser,2,72,0.15,122.4,66,56.4,False
NG-03576,2025-12-13,South,Retail,Everyday,Travel Backpack,1,129,0,129,68,61,False
NG-03577,2025-12-13,East,Retail,Living,Oak Side Table,2,189,0.1,340.2,224,116.2,False
NG-03578,2025-12-13,North,Retail,Kitchen,Pour Over Kit,2,79,0,158,76,82,False
NG-03579,2025-12-13,East,Online,Everyday,Canvas Tote,1,32,0.05,30.4,12,18.4,False
NG-03580,2025-12-13,South,Online,Everyday,Insulated Bottle,1,42,0,42,18,24,False
NG-03581,2025-12-13,East,Online,Home Office,Desk Lamp,1,58,0.1,52.2,28,24.2,False
NG-03582,2025-12-14,South,Marketplace,Everyday,Insulated Bottle,3,42,0.05,0,0,0,True
NG-03583,2025-12-14,North,Online,Living,Linen Throw,1,96,0,96,49,47,False
NG-03584,2025-12-14,South,Online,Everyday,Travel Backpack,2,129,0.15,219.3,136,83.3,False
NG-03585,2025-12-14,West,Online,Home Office,Monitor Riser,1,72,0,72,33,39,False
NG-03586,2025-12-14,North,Online,Everyday,Insulated Bottle,1,42,0.05,39.9,18,21.9,False
NG-03587,2025-12-14,North,Retail,Kitchen,Cast Iron Pan,1,135,0,135,80,55,False
NG-03588,2025-12-14,South,Online,Home Office,Monitor Riser,1,72,0,72,33,39,False
NG-03589,2025-12-14,East,Retail,Living,Accent Cushion,1,46,0.15,39.1,20,19.1,False
NG-03590,2025-12-14,East,Retail,Everyday,Canvas Tote,1,32,0,32,12,20,False
NG-03591,2025-12-14,East,Online,Everyday,Travel Backpack,1,129,0.05,122.55,68,54.55,False
NG-03592,2025-12-14,East,Online,Everyday,Canvas Tote,2,32,0.2,51.2,24,27.2,False
NG-03593,2025-12-14,West,Retail,Everyday,Insulated Bottle,1,42,0.15,35.7,18,17.7,False
NG-03594,2025-12-15,South,Online,Everyday,Insulated Bottle,2,42,0.05,79.8,36,43.8,False
NG-03595,2025-12-15,North,Online,Living,Oak Side Table,1,189,0,189,112,77,False
NG-03596,2025-12-15,East,Retail,Kitchen,Cast Iron Pan,2,135,0,270,160,110,False
NG-03597,2025-12-15,North,Online,Kitchen,Ceramic Dinner Set,1,112,0.05,0,0,0,True
NG-03598,2025-12-15,North,Retail,Home Office,Ergonomic Chair,1,245,0,245,144,101,False
NG-03599,2025-12-15,East,Online,Everyday,Canvas Tote,1,32,0,32,12,20,False
NG-03600,2025-12-15,East,Online,Kitchen,Cast Iron Pan,1,135,0,135,80,55,False
NG-03601,2025-12-15,North,Online,Kitchen,Pour Over Kit,1,79,0.05,75.05,38,37.05,False
NG-03602,2025-12-16,West,Online,Everyday,Insulated Bottle,1,42,0.15,35.7,18,17.7,False
NG-03603,2025-12-16,East,Online,Everyday,Insulated Bottle,1,42,0.1,37.8,18,19.8,False
NG-03604,2025-12-16,West,Online,Kitchen,Ceramic Dinner Set,1,112,0,0,0,0,True
NG-03605,2025-12-16,East,Retail,Home Office,Monitor Riser,1,72,0.1,64.8,33,31.8,False
NG-03606,2025-12-16,East,Online,Living,Linen Throw,1,96,0,96,49,47,False
NG-03607,2025-12-16,North,Retail,Home Office,Monitor Riser,1,72,0,72,33,39,False
NG-03608,2025-12-16,East,Retail,Home Office,Monitor Riser,1,72,0,72,33,39,False
NG-03609,2025-12-16,South,Online,Kitchen,Pour Over Kit,1,79,0.2,63.2,38,25.2,False
NG-03610,2025-12-17,East,Online,Living,Linen Throw,1,96,0,96,49,47,False
NG-03611,2025-12-17,East,Online,Everyday,Insulated Bottle,1,42,0,42,18,24,False
NG-03612,2025-12-17,East,Retail,Living,Linen Throw,1,96,0,96,49,47,False
NG-03613,2025-12-17,South,Online,Everyday,Canvas Tote,1,32,0,32,12,20,False
NG-03614,2025-12-17,North,Online,Everyday,Insulated Bottle,1,42,0.15,35.7,18,17.7,False
NG-03615,2025-12-17,West,Marketplace,Home Office,Desk Lamp,3,58,0.2,139.2,84,55.2,False
NG-03616,2025-12-17,South,Online,Living,Accent Cushion,1,46,0.15,39.1,20,19.1,False
NG-03617,2025-12-18,South,Online,Everyday,Insulated Bottle,1,42,0,42,18,24,False
NG-03618,2025-12-18,West,Retail,Everyday,Canvas Tote,1,32,0,32,12,20,False
NG-03619,2025-12-18,South,Retail,Kitchen,Pour Over Kit,1,79,0.05,75.05,38,37.05,False
NG-03620,2025-12-18,East,Retail,Everyday,Insulated Bottle,1,42,0,42,18,24,False
NG-03621,2025-12-18,East,Retail,Everyday,Travel Backpack,1,129,0.05,122.55,68,54.55,False
NG-03622,2025-12-18,North,Online,Home Office,Desk Lamp,2,58,0,116,56,60,False
NG-03623,2025-12-18,South,Online,Home Office,Desk Lamp,2,58,0,116,56,60,False
NG-03624,2025-12-18,North,Retail,Everyday,Canvas Tote,1,32,0.05,30.4,12,18.4,False
NG-03625,2025-12-19,West,Retail,Kitchen,Cast Iron Pan,1,135,0,135,80,55,False
NG-03626,2025-12-19,East,Online,Living,Accent Cushion,1,46,0,46,20,26,False
NG-03627,2025-12-19,North,Online,Living,Oak Side Table,1,189,0.15,160.65,112,48.65,False
NG-03628,2025-12-19,South,Retail,Everyday,Canvas Tote,2,32,0,64,24,40,False
NG-03629,2025-12-20,North,Marketplace,Kitchen,Ceramic Dinner Set,2,112,0.15,190.4,114,76.4,False
NG-03630,2025-12-20,South,Retail,Everyday,Insulated Bottle,1,42,0,42,18,24,False
NG-03631,2025-12-20,South,Online,Home Office,Desk Lamp,2,58,0.1,104.4,56,48.4,False
NG-03632,2025-12-20,East,Online,Home Office,Monitor Riser,1,72,0,72,33,39,False
NG-03633,2025-12-20,South,Online,Everyday,Travel Backpack,1,129,0,129,68,61,False
NG-03634,2025-12-20,South,Retail,Everyday,Canvas Tote,1,32,0.05,30.4,12,18.4,False
NG-03635,2025-12-20,North,Retail,Living,Linen Throw,2,96,0,192,98,94,False
NG-03636,2025-12-20,North,Online,Home Office,Desk Lamp,1,58,0,58,28,30,False
NG-03637,2025-12-21,North,Retail,Living,Accent Cushion,2,46,0.15,78.2,40,38.2,False
NG-03638,2025-12-21,South,Marketplace,Living,Linen Throw,1,96,0.1,86.4,49,37.4,False
NG-03639,2025-12-21,South,Online,Everyday,Canvas Tote,1,32,0,32,12,20,False
NG-03640,2025-12-21,South,Online,Living,Accent Cushion,1,46,0,46,20,26,False
NG-03641,2025-12-21,East,Marketplace,Kitchen,Ceramic Dinner Set,1,112,0.1,100.8,57,43.8,False
NG-03642,2025-12-21,South,Online,Home Office,Monitor Riser,1,72,0.05,68.4,33,35.4,False
NG-03643,2025-12-21,South,Online,Kitchen,Pour Over Kit,1,79,0.05,75.05,38,37.05,False
NG-03644,2025-12-21,South,Online,Kitchen,Ceramic Dinner Set,1,112,0.05,106.4,57,49.4,False
NG-03645,2025-12-21,East,Retail,Everyday,Canvas Tote,1,32,0,32,12,20,False
NG-03646,2025-12-21,North,Retail,Everyday,Insulated Bottle,4,42,0.15,0,0,0,True
NG-03647,2025-12-22,East,Online,Everyday,Insulated Bottle,1,42,0,42,18,24,False
NG-03648,2025-12-22,West,Online,Everyday,Insulated Bottle,1,42,0,42,18,24,False
NG-03649,2025-12-22,North,Online,Everyday,Insulated Bottle,1,42,0,42,18,24,False
NG-03650,2025-12-22,West,Online,Everyday,Canvas Tote,1,32,0.1,28.8,12,16.8,False
NG-03651,2025-12-22,East,Online,Home Office,Monitor Riser,1,72,0,72,33,39,False
NG-03652,2025-12-22,East,Marketplace,Kitchen,Ceramic Dinner Set,1,112,0.15,95.2,57,38.2,False
NG-03653,2025-12-22,East,Online,Living,Accent Cushion,1,46,0,46,20,26,False
NG-03654,2025-12-23,East,Retail,Home Office,Ergonomic Chair,1,245,0.1,220.5,144,76.5,False
NG-03655,2025-12-23,East,Retail,Everyday,Canvas Tote,1,32,0,32,12,20,False
NG-03656,2025-12-23,East,Online,Everyday,Travel Backpack,1,129,0,129,68,61,False
NG-03657,2025-12-23,South,Retail,Living,Accent Cushion,1,46,0,46,20,26,False
NG-03658,2025-12-23,East,Retail,Kitchen,Cast Iron Pan,1,135,0.05,128.25,80,48.25,False
NG-03659,2025-12-23,North,Retail,Everyday,Travel Backpack,1,129,0,129,68,61,False
NG-03660,2025-12-23,East,Retail,Living,Accent Cushion,1,46,0,46,20,26,False
NG-03661,2025-12-24,North,Marketplace,Everyday,Insulated Bottle,1,42,0.05,39.9,18,21.9,False
NG-03662,2025-12-24,North,Online,Everyday,Travel Backpack,2,129,0,258,136,122,False
NG-03663,2025-12-24,South,Retail,Everyday,Insulated Bottle,1,42,0.05,39.9,18,21.9,False
NG-03664,2025-12-24,West,Retail,Home Office,Ergonomic Chair,1,245,0,245,144,101,False
NG-03665,2025-12-25,South,Marketplace,Home Office,Desk Lamp,1,58,0.05,55.1,28,27.1,False
NG-03666,2025-12-25,South,Marketplace,Living,Linen Throw,3,96,0.05,273.6,147,126.6,False
NG-03667,2025-12-25,East,Online,Home Office,Desk Lamp,3,58,0.05,165.3,84,81.3,False
NG-03668,2025-12-25,West,Marketplace,Living,Linen Throw,2,96,0.15,163.2,98,65.2,False
NG-03669,2025-12-25,North,Marketplace,Living,Oak Side Table,3,189,0.05,538.65,336,202.65,False
NG-03670,2025-12-25,East,Marketplace,Kitchen,Cast Iron Pan,2,135,0.05,256.5,160,96.5,False
NG-03671,2025-12-25,East,Retail,Living,Oak Side Table,1,189,0.1,170.1,112,58.1,False
NG-03672,2025-12-25,East,Online,Everyday,Canvas Tote,2,32,0,0,0,0,True
NG-03673,2025-12-25,North,Online,Everyday,Travel Backpack,1,129,0,129,68,61,False
NG-03674,2025-12-25,South,Marketplace,Kitchen,Cast Iron Pan,2,135,0.05,256.5,160,96.5,False
NG-03675,2025-12-25,North,Retail,Everyday,Insulated Bottle,1,42,0,42,18,24,False
NG-03676,2025-12-26,South,Marketplace,Home Office,Monitor Riser,1,72,0.05,68.4,33,35.4,False
NG-03677,2025-12-26,South,Online,Everyday,Insulated Bottle,1,42,0.05,39.9,18,21.9,False
NG-03678,2025-12-26,West,Online,Home Office,Monitor Riser,1,72,0,72,33,39,False
NG-03679,2025-12-26,West,Marketplace,Everyday,Travel Backpack,1,129,0.05,122.55,68,54.55,False
NG-03680,2025-12-26,East,Retail,Kitchen,Pour Over Kit,1,79,0,79,38,41,False
NG-03681,2025-12-26,South,Online,Home Office,Desk Lamp,1,58,0,58,28,30,False
NG-03682,2025-12-26,North,Online,Home Office,Monitor Riser,1,72,0,0,0,0,True
NG-03683,2025-12-26,North,Online,Everyday,Travel Backpack,1,129,0,129,68,61,False
NG-03684,2025-12-26,East,Online,Living,Accent Cushion,1,46,0.15,39.1,20,19.1,False
NG-03685,2025-12-27,East,Online,Kitchen,Ceramic Dinner Set,2,112,0,224,114,110,False
NG-03686,2025-12-27,West,Retail,Everyday,Canvas Tote,2,32,0,64,24,40,False
NG-03687,2025-12-27,North,Marketplace,Living,Accent Cushion,1,46,0.05,43.7,20,23.7,False
NG-03688,2025-12-27,West,Online,Living,Accent Cushion,2,46,0,92,40,52,False
NG-03689,2025-12-27,East,Retail,Home Office,Ergonomic Chair,1,245,0,245,144,101,False
NG-03690,2025-12-27,West,Online,Everyday,Travel Backpack,1,129,0,129,68,61,False
NG-03691,2025-12-27,East,Online,Everyday,Canvas Tote,1,32,0,32,12,20,False
NG-03692,2025-12-27,East,Retail,Home Office,Ergonomic Chair,3,245,0.05,698.25,432,266.25,False
NG-03693,2025-12-27,South,Online,Everyday,Canvas Tote,1,32,0,32,12,20,False
NG-03694,2025-12-27,West,Retail,Kitchen,Cast Iron Pan,1,135,0.1,121.5,80,41.5,False
NG-03695,2025-12-27,South,Online,Kitchen,Pour Over Kit,1,79,0.05,75.05,38,37.05,False
NG-03696,2025-12-28,South,Retail,Living,Oak Side Table,1,189,0.05,179.55,112,67.55,False
NG-03697,2025-12-28,West,Online,Everyday,Canvas Tote,2,32,0,64,24,40,False
NG-03698,2025-12-28,South,Online,Living,Accent Cushion,1,46,0,46,20,26,False
NG-03699,2025-12-28,West,Online,Everyday,Travel Backpack,1,129,0,129,68,61,False
NG-03700,2025-12-28,West,Retail,Everyday,Canvas Tote,1,32,0,32,12,20,False
NG-03701,2025-12-28,North,Online,Home Office,Desk Lamp,1,58,0.15,49.3,28,21.3,False
NG-03702,2025-12-28,North,Retail,Living,Accent Cushion,1,46,0,46,20,26,False
NG-03703,2025-12-28,North,Retail,Kitchen,Pour Over Kit,2,79,0,158,76,82,False
NG-03704,2025-12-28,West,Online,Living,Linen Throw,2,96,0,192,98,94,False
NG-03705,2025-12-29,North,Online,Everyday,Travel Backpack,3,129,0.2,309.6,204,105.6,False
NG-03706,2025-12-29,North,Marketplace,Living,Accent Cushion,1,46,0.05,0,0,0,True
NG-03707,2025-12-29,North,Online,Everyday,Insulated Bottle,2,42,0.05,79.8,36,43.8,False
NG-03708,2025-12-29,South,Marketplace,Home Office,Monitor Riser,2,72,0.05,136.8,66,70.8,False
NG-03709,2025-12-29,North,Online,Kitchen,Pour Over Kit,1,79,0.1,71.1,38,33.1,False
NG-03710,2025-12-29,South,Marketplace,Everyday,Insulated Bottle,2,42,0.05,79.8,36,43.8,False
NG-03711,2025-12-29,North,Online,Home Office,Monitor Riser,1,72,0,72,33,39,False
NG-03712,2025-12-29,West,Online,Everyday,Travel Backpack,1,129,0,129,68,61,False
NG-03713,2025-12-30,North,Online,Everyday,Travel Backpack,1,129,0,129,68,61,False
NG-03714,2025-12-30,North,Online,Living,Linen Throw,1,96,0,96,49,47,False
NG-03715,2025-12-30,North,Retail,Home Office,Desk Lamp,1,58,0.1,52.2,28,24.2,False
NG-03716,2025-12-30,South,Retail,Home Office,Desk Lamp,2,58,0.15,98.6,56,42.6,False
NG-03717,2025-12-30,South,Online,Living,Linen Throw,2,96,0,192,98,94,False
NG-03718,2025-12-30,East,Retail,Living,Oak Side Table,1,189,0.1,170.1,112,58.1,False
NG-03719,2025-12-30,East,Marketplace,Living,Accent Cushion,1,46,0.05,43.7,20,23.7,False
NG-03720,2025-12-30,East,Online,Kitchen,Pour Over Kit,2,79,0.1,142.2,76,66.2,False
NG-03721,2025-12-31,North,Online,Everyday,Canvas Tote,1,32,0.05,30.4,12,18.4,False
NG-03722,2025-12-31,West,Online,Living,Linen Throw,1,96,0.05,91.2,49,42.2,False
NG-03723,2025-12-31,East,Online,Everyday,Travel Backpack,2,129,0,258,136,122,False
NG-03724,2025-12-31,North,Retail,Kitchen,Pour Over Kit,2,79,0,158,76,82,False
NG-03725,2025-12-31,South,Online,Home Office,Monitor Riser,1,72,0,72,33,39,False
NG-03726,2025-12-31,West,Retail,Everyday,Canvas Tote,2,32,0,64,24,40,False
NG-03727,2025-12-31,East,Online,Living,Linen Throw,1,96,0.15,81.6,49,32.6,False
NG-03728,2025-12-31,South,Retail,Living,Accent Cushion,1,46,0,46,20,26,False
NG-03729,2025-12-31,North,Retail,Living,Linen Throw,1,96,0,96,49,47,False
